-- phpMyAdmin SQL Dump
-- version 5.2.2
-- https://www.phpmyadmin.net/
--
-- Host: localhost:3306
-- Generation Time: Sep 23, 2025 at 08:41 AM
-- Server version: 8.4.3
-- PHP Version: 8.3.16

SET SQL_MODE = "NO_AUTO_VALUE_ON_ZERO";
START TRANSACTION;
SET time_zone = "+00:00";


/*!40101 SET @OLD_CHARACTER_SET_CLIENT=@@CHARACTER_SET_CLIENT */;
/*!40101 SET @OLD_CHARACTER_SET_RESULTS=@@CHARACTER_SET_RESULTS */;
/*!40101 SET @OLD_COLLATION_CONNECTION=@@COLLATION_CONNECTION */;
/*!40101 SET NAMES utf8mb4 */;

--
-- Database: `crm_visites`
--

-- --------------------------------------------------------

--
-- Table structure for table `adresse`
--

DROP TABLE IF EXISTS `adresse`;
CREATE TABLE `adresse` (
  `id` bigint NOT NULL,
  `client_id` bigint NOT NULL,
  `adresse` varchar(250) DEFAULT NULL,
  `code_postal` varchar(10) DEFAULT NULL,
  `ville` varchar(60) DEFAULT NULL,
  `geocode_date` datetime(6) DEFAULT NULL,
  `latitude` decimal(9,6) DEFAULT NULL,
  `longitude` decimal(9,6) DEFAULT NULL
) ENGINE=InnoDB DEFAULT CHARSET=utf8mb4 COLLATE=utf8mb4_0900_ai_ci;

--
-- Dumping data for table `adresse`
--

INSERT INTO `adresse` (`id`, `client_id`, `adresse`, `code_postal`, `ville`, `geocode_date`, `latitude`, `longitude`) VALUES
(1, 127, '131 C AVENUE JEAN JAURES', '65800', 'AUREILHAN', '2025-09-17 13:12:42.994728', 43.251328, 0.098556),
(2, 128, '7 ROUTE DE BAYONNE', '64140', 'BILLERE', '2025-09-17 13:12:44.263940', 43.303083, -0.398058),
(3, 129, '145 ROUTE DE GARDERES', '64530', 'GER', '2025-09-17 13:12:45.467978', 43.251195, -0.085786),
(4, 130, 'Avenue de l\'université', '64000', 'PAU UNIVERSITE CEDEX', NULL, 43.311334, -0.367061),
(5, 131, 'ZAC PORTE DU BEARN', '64330', 'GARLIN', '2025-09-17 13:12:51.406477', 43.557513, -0.283746),
(6, 132, '25 AV DU CORPS FRANC POMMIES', '64320', 'BIZANOS', '2025-09-17 13:12:52.625161', 43.304370, -0.318182),
(7, 133, '4 RUE DENIS PAPIN', '64230', 'LESCAR', '2025-09-17 13:12:53.943145', 43.320104, -0.431298),
(8, 134, 'BOULEVARD D\'ESPAGNE', '65100', 'LOURDES', '2025-09-17 13:12:55.170706', 43.087201, -0.043256),
(9, 135, '4 CAMI DERA GRAUA', '65200', 'ANTIST', '2025-09-17 13:12:56.382203', 43.116638, 0.126885),
(10, 136, '22 RUE DE L\'ARTISANAT', '64110', 'JURANCON', '2025-09-17 13:12:57.648722', 43.292344, -0.405841),
(11, 137, '293 RUE DES PYRENEES', '64460', 'PONTIACQ VIELLEPINTE', '2025-09-17 13:12:58.931241', 43.354671, -0.054171),
(12, 138, 'luguniat lanveoc', '29160', '29160 - LANVEOC', '2025-09-17 13:13:00.157336', 48.269127, -4.404800),
(13, 139, '37 AVENUE HENRI IV', '64110', 'JURANCON', '2025-09-17 13:13:01.403319', 43.278923, -0.387800),
(14, 140, '80 AVENUE DE LA GARE', '64170', 'ARTIX', '2025-09-17 13:13:02.653401', 43.394183, -0.569461),
(15, 141, '59 RUE HENRI LAIGNOUX', '32230', 'MARCIAC', '2025-09-17 13:13:03.900374', 43.523181, 0.162269),
(16, 142, '81 AVENUE DU GENERAL LECLERC', '64000', 'PAU', '2025-09-17 13:13:06.069016', 43.305793, -0.336574),
(17, 143, 'BVD DE L\'ARRAGON', '64400', 'OLORON SAINTE MARIE', '2025-09-17 13:13:09.217533', 43.182493, -0.629074),
(18, 144, '19 BOULEVARD JOLIOT CURIE', '65430', 'SOUES', '2025-09-17 13:13:10.420231', 43.206922, 0.095313),
(19, 145, 'ZONE INDUSTRIELLE', '64530', 'PONTACQ', '2025-09-17 13:13:13.685015', 43.230519, -0.078324),
(20, 146, '5 RUE LAFFITTE', '64140', 'BILLERE', '2025-09-17 13:13:14.973591', 43.319277, -0.383567),
(21, 147, '9242 RUE DE BILHERES D\'OSSAU', '64121', 'SERRES CASTET', '2025-09-17 13:13:16.276098', 43.360848, -0.381837),
(22, 148, '148 BOULEVARD DE LA PAIX', '64000', 'PAU', '2025-09-17 13:13:17.571118', 43.318439, -0.344440),
(23, 149, 'Z.I. DU HAUT D\'OSSAU', '64121', 'SERRES CASTET', '2025-09-17 13:13:20.729580', 43.373140, -0.355559),
(24, 150, '2 RUE AMPERE', '65100', 'LOURDES', '2025-09-17 13:13:22.181150', 43.124430, -0.029523),
(25, 151, 'CHEMIN CAM MARTY', '64320', 'IDRON', '2025-09-17 13:13:23.387769', 43.293061, -0.316723),
(26, 152, '20 RUE DOCTEUR JEAN LANSAC', '65000', 'TARBES', '2025-09-17 13:13:25.546084', 43.238862, 0.063704),
(27, 153, 'ZI DU HAUT D\'OSSAU', '64121', 'SERRES CASTET', '2025-09-17 13:13:28.692361', 43.373140, -0.355559),
(28, 154, '1700 RUE VALLEE D\'OSSAU', '64121', 'SERRES CASTET', '2025-09-17 13:13:30.828280', 43.373140, -0.355559),
(29, 155, '2 ROUTE DES PYRENEES', '65500', 'PUJO', '2025-09-17 13:13:32.976724', 43.345286, 0.065784),
(30, 156, '2432 BIS ROUTE DE BORDEAUX', '64121', 'SERRES CASTET', '2025-09-17 13:13:34.362667', 43.397632, -0.373753),
(31, 157, '10 RUE DE L\'ARRIBERE', '64190', 'SUSMIOU', '2025-09-17 13:13:35.611599', 43.319815, -0.770470),
(32, 158, '14 RUE ST MICHEL', '64260', 'ARUDY', '2025-09-17 13:13:36.822934', 43.103720, -0.430035),
(33, 159, '14 AVENUE LEON BLUM', '64000', 'PAU', '2025-09-17 13:13:38.222091', 43.315761, -0.332070),
(34, 160, '10 ROUTE DE BORDEAUX', '64450', 'AURIAC', '2025-09-17 13:13:39.533146', 43.459881, -0.322691),
(35, 161, '10 RUE GEORGES GUYNEMER', '64230', 'SAUVAGNON', '2025-09-17 13:13:40.796889', 43.373431, -0.399415),
(36, 162, 'GARAGE PEUGEOT TALBOT', '65200', 'BAGNERES DE BIGORRE', '2025-09-17 13:13:43.956112', 43.010779, 0.100266),
(37, 163, '3 allée des Tilleuls', '93390', 'Clichy sous bois', '2025-09-17 13:13:45.299688', 48.911206, 2.540497),
(38, 164, 'ROUTE NATIONALE 21', '65100', 'ADE', '2025-09-17 13:13:48.586777', 43.134224, -0.028578),
(39, 165, '18 CHEMIN BARAT CHELE', '65100', 'POUEYFERRE', '2025-09-17 13:13:50.827444', 43.120220, -0.077055),
(40, 166, '14 ROUTE DE PAU', '64160', 'GABASTON', '2025-09-17 13:13:52.163024', 43.359775, -0.223644),
(41, 167, '20 AVENUE LEON BLUM', '64000', 'PAU', '2025-09-17 13:13:53.543034', 43.315761, -0.332070),
(42, 168, 'IMPASSE MATISSE', '65500', 'VIC EN BIGORRE', '2025-09-17 13:13:54.788026', 43.387743, 0.066000),
(43, 169, 'ZONE INDUSTRIEL', '64130', 'MAULEON LICHARRE', '2025-09-17 13:13:58.019302', 43.201093, -0.874132),
(44, 170, 'CHEMIN LASSEGUE', '64320', 'IDRON', '2025-09-17 13:13:59.221053', 43.295048, -0.302013),
(45, 171, '18 CHEMIN BARAT CHELE', '65100', 'POUEYFERRE', '2025-09-17 13:14:01.410134', 43.120220, -0.077055),
(46, 172, 'CHEMIN DE L\'HERBE', '65400', 'ARGELES GAZOST', '2025-09-17 13:14:02.649838', 43.008383, -0.089430),
(47, 173, 'ZONE INDUSTRIEL DU MARMAJOU', '65700', 'MAUBOURGUET', '2025-09-17 13:14:05.926940', 43.467595, 0.035032),
(48, 174, '182 BOULEVARD CAMI SALIE', '64000', 'PAU', '2025-09-17 13:14:08.123199', 43.322111, -0.339333),
(49, 175, '52 AVENUE DU REGIMENT DE BIGORRE', '65500', 'VIC EN BIGORRE', '2025-09-17 13:14:09.338310', 43.387094, 0.073015),
(50, 176, 'RUE DE ROCGRAND', '64400', 'OLORON STE MARIE', '2025-09-17 13:14:10.572476', 43.195546, -0.608707),
(51, 177, 'LARROUTIS REGIS', '64150', 'MOURENX', '2025-09-17 13:14:13.746005', 43.371231, -0.637083),
(52, 178, '5 RUE DU COUSINE', '32150', 'CAZAUBON', '2025-09-17 13:14:14.947391', 43.936002, -0.064456),
(53, 179, 'AGENT RENAULT', '65320', 'BORDERES SUR L\'ECHEZ', '2025-09-17 13:14:17.173304', 43.259452, 0.071220),
(54, 180, 'ROUTE DE SAMADET', '64410', 'ARZACQ ARRAZIGUET', '2025-09-17 13:14:18.383733', 43.537562, -0.408692),
(55, 181, 'ROUTE DE TRADETS', '64130', 'GOTEIN LIBARRENX', '2025-09-17 13:14:21.595613', 43.190527, -0.889314),
(56, 182, '6 RUE BENJAMIN FRANKLIN', '64230', 'LESCAR', '2025-09-17 13:14:22.943947', 43.322933, -0.440230),
(57, 183, 'ROUTE DE TARDETS', '64470', 'SAUGUIS SAINT ETIENNE', '2025-09-17 13:14:26.146420', 43.159669, -0.873965),
(58, 184, 'ROUTE DE NAY', '64800', 'MIREPEIX', '2025-09-17 13:14:27.344277', 43.185364, -0.251961),
(59, 185, 'LE BOURG', '64360', 'LUCQ DE BEARN', '2025-09-17 13:14:29.581979', 43.287435, -0.658862),
(60, 186, '', '', '', NULL, NULL, NULL),
(61, 187, '', '', '', NULL, NULL, NULL),
(62, 188, '', '', '', NULL, NULL, NULL),
(63, 189, 'ROUTE FORET', '64160', 'MORLAAS', '2025-09-17 13:14:30.972765', 43.334682, -0.249124),
(64, 190, '171 AVENUE JEAN MERMOZ', '64140', 'LONS', '2025-09-17 13:14:32.425496', 43.321568, -0.379132),
(65, 191, 'RUE DES LOUBINES', '32400', 'RISCLE', '2025-09-17 13:14:33.603490', 43.661944, -0.081626),
(66, 192, '130 AV ALSACE LORRAINE', '65000', 'TARBES', '2025-09-17 13:14:35.483181', 43.245898, 0.073211),
(67, 193, 'MATALENE', '32110', 'NOGARO', '2025-09-17 13:14:36.684244', 43.771153, -0.031559),
(68, 194, 'RD 33', '64150', 'PARDIES', '2025-09-17 13:14:39.005921', 43.367205, -0.581906),
(69, 195, 'AVENUE DES PYRENEES', '32150', 'CAZAUBON', '2025-09-17 13:14:41.318268', 43.934244, -0.065563),
(70, 196, '89 ROUTE DE BARTHE DE NESTE', '65300', 'LANNEMEZAN', '2025-09-17 13:14:43.549034', 43.123642, 0.384149),
(71, 197, 'AVENUE DU BEARN', '64530', 'PONTACQ', '2025-09-17 13:14:44.756162', 43.191540, -0.122048),
(72, 198, '83 RUE ADOUR', '32160', 'PLAISANCE', '2025-09-17 13:14:46.277895', 43.601323, 0.032548),
(73, 199, 'ROUTE DE PAU', '64160', 'BUROS', '2025-09-17 13:14:47.553638', 43.338083, -0.326641),
(74, 200, 'ZONE AEROPORTUAIRE  AVENUE PIERRE LAVOISIER', '64121', 'MONTARDON', '2025-09-17 13:14:50.800720', 43.368275, -0.350268),
(75, 201, '88 ROUTE DE LOURDES', '65310', 'ODOS', '2025-09-17 13:14:52.276988', 43.206178, 0.042416),
(76, 202, '10 RUE JEAN BOURDETTE', '65100', 'LOURDES', '2025-09-17 13:14:53.470761', 43.110220, -0.034495),
(77, 203, '21 RUE DES PYRENEES', '65360', 'MOMERES', '2025-09-17 13:14:54.680453', 43.172394, 0.089238),
(78, 204, '653 AVENUE SPORTS ET LOISIRS', '65690', 'ANGOS', '2025-09-17 13:14:56.841841', 43.196762, 0.135464),
(79, 205, '44 RUE SAINT LEONARD', '51100', 'REIMS', '2025-09-17 13:14:58.135417', 49.233744, 4.061053),
(80, 206, '1 PADOUIN DE LA GUIROUNE', '64800', 'BRUGES CAPBIS MIFAGET', '2025-09-17 13:14:59.420253', 43.127072, -0.301618),
(81, 207, '239 RUE GEORGES GUYNEMER', '64230', 'SAUVAGNON', '2025-09-17 13:15:00.803277', 43.373431, -0.399415),
(82, 208, 'PARC D\'ACTIVITES CLEMENT ADER', '64510', 'BORDES', '2025-09-17 13:15:03.962759', 43.245058, -0.281612),
(83, 209, 'Avenue de la Gare', '64800', 'COARRAZE', NULL, 43.176314, -0.240994),
(84, 210, '6 RUE PIERRE MENDES FRANCE', '65000', 'TARBES', '2025-09-17 13:15:08.560575', 43.228500, 0.086176),
(85, 211, '25 AVENUE DES VALLEES', '64110', 'JURANCON', '2025-09-17 13:15:09.905180', 43.293291, -0.386709),
(86, 212, 'GARAGE ARROS PIECES', '32160', 'PLAISANCE', '2025-09-17 13:15:13.061641', 43.599596, 0.058820),
(87, 213, '24 RUE DU VAL D\'OR', '64140', 'LONS', '2025-09-17 13:15:14.674433', 43.333522, -0.381837),
(88, 214, 'SARL PARDIES AUTOMOBILES', '64150', 'PARDIES', '2025-09-17 13:15:17.971802', 43.367242, -0.588788),
(89, 215, '34 ROUTE DE LOURDES', '65310', 'ODOS', '2025-09-17 13:15:19.561996', 43.206178, 0.042416),
(90, 216, '1 CHEMIN DE L\'ALARIC', '65800', 'CHIS', '2025-09-17 13:15:21.276327', 43.292715, 0.123317),
(91, 217, '204 AVN ALFRED NOBEL', '64000', 'PAU', '2025-09-17 13:15:23.444370', 43.322111, -0.339333),
(92, 218, '6 RUE DU SOUST', '64000', 'PAU', '2025-09-17 13:15:24.743341', 43.290915, -0.377764),
(93, 219, 'AV DES MARTYRS DU PONT LONG', '64140', 'LONS', '2025-09-17 13:15:26.157007', 43.337790, -0.379802),
(94, 220, 'AV DES MARTYRS DU PONT LONG', '64140', 'LONS', '2025-09-17 13:15:27.534486', 43.337790, -0.379802),
(95, 221, 'Rue de la colline', '67370', 'REITWILLER', '2025-09-17 13:15:28.718886', 48.677735, 7.615541),
(96, 222, 'AGENT RENAULT', '65300', 'LANNEMEZAN', '2025-09-17 13:15:31.010410', 43.122642, 0.388979),
(97, 223, 'LIEU DIT LES PONTS', '32370', 'STE CHRISTIE D\'ARMAGNAC', '2025-09-17 13:15:34.176927', 43.807059, 0.028842),
(98, 224, '3 RUE DE PORTET', '64000', 'PAU', '2025-09-17 13:15:35.403470', 43.320580, -0.342098),
(99, 225, '14 AVENUE BERNADOTTE', '64110', 'JURANCON', '2025-09-17 13:15:36.643345', 43.285005, -0.380936),
(100, 226, '118 RUE DE LARUNS', '64121', 'SERRES CASTET', '2025-09-17 13:15:38.963788', 43.367917, -0.382429),
(101, 227, '37 chemin de larrecq', '64420', 'espoey', '2025-09-17 13:15:40.206044', 43.255278, -0.172232),
(102, 228, '2 CHEMIN DES HOSSES', '64360', 'ABOS', '2025-09-17 13:15:41.495957', 43.362977, -0.569118),
(103, 229, '29 RUE DE GERP', '64440', 'LARUNS', '2025-09-17 13:15:42.728540', 42.981746, -0.422672),
(104, 230, 'RUE DE L\'ALLEE', '65310', 'LALOUBERE', '2025-09-17 13:15:43.942552', 43.210672, 0.078485),
(105, 231, '32 RUE DE PAU', '65100', 'LOURDES', '2025-09-17 13:15:45.283005', 43.098985, -0.049118),
(106, 232, '19 BOULEVARD DES VOSGES', '65000', 'TARBES', '2025-09-17 13:15:46.801776', 43.248210, 0.059059),
(107, 233, '', '', '', NULL, NULL, NULL),
(108, 234, '12 AV DES LACS', '64140', 'LONS', '2025-09-17 13:15:48.928710', 43.304924, -0.424829),
(109, 235, '6 RUE DU MARECHAL JUIN', '64000', 'PAU', '2025-09-17 13:15:50.529365', 43.306959, -0.362439),
(110, 236, '151 F AVENUE JEAN JAURES', '65800', 'AUREILHAN', '2025-09-17 13:15:51.797489', 43.257753, 0.101276),
(111, 237, '', '', '', NULL, NULL, NULL),
(112, 238, 'ROUTE DE BORDEAUX', '64121', 'SERRES CASTET', '2025-09-17 13:15:53.052862', 43.397632, -0.373753),
(113, 239, '', '', '', NULL, NULL, NULL),
(114, 240, '7 CHEMIN DES GRIVES', '64420', 'NOUSTY', '2025-09-17 13:15:54.303830', 43.268958, -0.206454),
(115, 241, 'AVENUE DU PONT DE PIERRE', '64150', 'PARDIES', '2025-09-17 13:15:55.520981', 43.361296, -0.580725),
(116, 242, 'BOULEVARD DES FRERES FARMAN', '64140', 'LONS', '2025-09-17 13:15:56.722624', 43.328722, -0.393083),
(117, 243, '202 avenue de verdun, 9 résidence les paluns Bât.B', '30390', 'Aramon', '2025-09-17 13:15:58.888621', 43.929568, 4.648890),
(118, 244, '14 RUE DES PYRENEES', '65140', 'RABASTENS DE BIGORRE', '2025-09-17 13:16:00.119532', 43.386099, 0.149898),
(119, 245, '45 AVENUE DE POUEY', '65420', 'IBOS', '2025-09-17 13:16:02.640840', 43.238586, 0.036677),
(120, 246, 'ELECTRICITE AUTO', '64400', 'OLORON SAINTE MARIE', '2025-09-17 13:16:06.257548', 43.196009, -0.608866),
(121, 247, 'ROUTE DE VIC', '65000', 'TARBES', '2025-09-17 13:16:07.698945', 43.325695, -0.007023),
(122, 248, '19 BVD HENRI IV', '65000', 'TARBES', '2025-09-17 13:16:10.052409', 43.238862, 0.063704),
(123, 249, 'RTE DU CHATEAU', '65140', 'RABASTENS DE BIGORRE', '2025-09-17 13:16:12.382898', 43.387624, 0.145298),
(124, 250, 'ZC DU PEY', '64530', 'PONTACQ', '2025-09-17 13:16:13.724961', 43.185417, -0.136429),
(125, 251, '15 avenue MONTARDON', '64000', 'PAU', '2025-09-17 13:16:15.094110', 43.346839, -0.379903),
(126, 252, '26 RUE BARRI D\'AMONT', '11230', 'RIVEL', '2025-09-17 13:16:17.403370', 42.944246, 2.000182),
(127, 253, '54 AVENUE DU BOURG', '64150', 'MOURENX', '2025-09-17 13:16:18.731147', 43.376573, -0.602659),
(128, 254, '', '', '', NULL, NULL, NULL),
(129, 255, '67 RUE DE GUINDALOS', '64110', 'JURANCON', '2025-09-17 13:16:20.042876', 43.280478, -0.383158),
(130, 256, '64 AVENUE HENRI IV', '64110', 'JURANCON', '2025-09-17 13:16:21.348959', 43.278923, -0.387800),
(131, 257, '16 AVENUE GEORGES PHESANS', '64330', 'GARLIN', '2025-09-17 13:16:22.552415', 43.557078, -0.279838),
(132, 258, '5 CHEMIN DES TROIS PONTS', '64230', 'LESCAR', '2025-09-17 13:16:23.944828', 43.323693, -0.440586),
(133, 259, '44 CHEMIN POUTGE OUEST', '65150', 'SAINT LAURENT DE NESTE', '2025-09-17 13:16:25.305595', 43.098181, 0.474768),
(134, 260, 'CHEMIN BEAUCAIRE', '64160', 'MORLAAS', '2025-09-17 13:16:26.633827', 43.336603, -0.261319),
(135, 261, '325 BOULEVARD ALFRED DANEY', '33300', 'BORDEAUX', '2025-09-17 13:16:29.132849', 44.866311, -0.574704),
(136, 262, '12 RUE DE MARIGNAN', '31620', 'SAINT RUSTICE', '2025-09-17 13:16:31.376579', 43.805362, 1.328116),
(137, 263, '89 ROUTE DE BARTHE DE NESTE', '65300', 'LANNEMEZAN', '2025-09-17 13:16:33.608230', 43.123642, 0.384149),
(138, 264, 'QUARTIER BELAIR', '64680', 'BUZIET', '2025-09-17 13:16:35.934596', 43.163223, -0.459399),
(139, 265, '10 RUE DU PARC NATIONAL', '64260', 'ARUDY', '2025-09-17 13:16:37.244379', 43.108545, -0.435376),
(140, 266, '501 RUE ALSACE LORRAINE', '65300', 'LANNEMEZAN', '2025-09-17 13:16:38.627944', 43.122914, 0.386421),
(141, 267, '', '', '', NULL, NULL, NULL),
(142, 268, '', '', '', NULL, NULL, NULL),
(143, 269, 'ROUTE D\'AQUITAINE', '32400', 'RISCLE', '2025-09-17 13:16:39.839223', 43.665044, -0.080954),
(144, 270, '', '', '', NULL, NULL, NULL),
(145, 271, '23 ROUTE DE BAYONNE', '64140', 'LONS', '2025-09-17 13:16:43.002942', 43.323647, -0.394055),
(146, 272, '40 AVENUE DE L\'HIPPODROME', '64130', 'MAULEON', '2025-09-17 13:16:44.363049', 43.225390, -0.884794),
(147, 273, '56 RUE DE LA VALLEE D OSSAU', '64121', 'SERRES CASTET', '2025-09-17 13:16:45.628429', 43.375839, -0.381144),
(148, 274, 'QUARTIER MONPLAISIR', '64260', 'GERE BELESTEIN', NULL, 43.019650, -0.426664),
(149, 275, '8 AVENUE FRANCOIS MITTERRAND', '65600', 'SEMEAC', '2025-09-17 13:16:50.082831', 43.232484, 0.092800),
(150, 276, 'RN 134', '64121', 'SERRES CASTET', '2025-09-17 13:16:51.448156', 43.399633, -0.371279),
(151, 277, '60 BOULEVARD CHARLES DE GAULLE', '64140', 'LONS', '2025-09-17 13:16:53.111417', 43.311263, -0.413067),
(152, 278, 'ZONE ARTISANALE BASTILLAC SUD', '65000', 'TARBES', '2025-09-17 13:16:56.273492', 43.238862, 0.063704),
(153, 279, '9 AVENUE MONTFLEURY', '64110', 'GELOS', '2025-09-17 13:16:57.571069', 43.273239, -0.376354),
(154, 280, '1 AVENUE DU PERLIC', '64140', 'LONS', '2025-09-17 13:16:58.767190', 43.329404, -0.381048),
(155, 281, '65 RUE  DE MIRANDE', '65140', 'RABASTENS DE BIGORRE', '2025-09-17 13:17:00.010760', 43.389102, 0.157521),
(156, 282, 'ZAC DE L\'AYGUELONGUE', '64230', 'MAZEROLLES', '2025-09-17 13:17:02.291313', 43.423370, -0.466995),
(157, 283, 'RD 11', '64130', 'ESPES UNDUREIN', '2025-09-17 13:17:04.599732', 43.270936, -0.875565),
(158, 284, '3 D chemin des violettes', '83136', 'GAREOULT', '2025-09-17 13:17:06.743739', 43.301904, 6.028149),
(159, 285, '4 CHEMIN CAMBUS', '64320', 'OUSSE', '2025-09-17 13:17:08.007002', 43.280493, -0.268307),
(160, 286, '9 RUE DU PONT LONG', '64160', 'MORLAAS', '2025-09-17 13:17:09.335680', 43.327502, -0.303324),
(161, 287, '21 RUE LARREGAIN', '64140', 'LONS', '2025-09-17 13:17:10.622240', 43.304690, -0.427749),
(162, 288, 'ROND POINT AEROPORT', '64121', 'SERRES CASTET', '2025-09-17 13:17:13.808016', 43.373140, -0.355559),
(163, 289, '7 RUE THIMONNIER', '64230', 'LESCAR', '2025-09-17 13:17:15.027965', 43.314332, -0.431735),
(164, 290, 'AVENUE LARREGAIN', '64140', 'LONS', '2025-09-17 13:17:17.270060', 43.304690, -0.427749),
(165, 291, '', '', '', NULL, NULL, NULL),
(166, 292, 'AVENUE DU BEARN', '64800', 'LESTELLE BETHARRAM', '2025-09-17 13:17:18.484065', 43.133476, -0.212356),
(167, 293, '3 RTE DES PYRENEES', '64160', 'MONASSUT AUDIRACQ', '2025-09-17 13:17:19.733283', 43.400834, -0.202032),
(168, 294, '', '', '', NULL, NULL, NULL),
(169, 295, 'chemin labegorre', '64290', 'gan', '2025-09-17 13:17:20.968255', 43.171593, -0.427326),
(170, 296, '24 AVENUE FRANCOIS ABADIE', '65100', 'LOURDES', '2025-09-17 13:17:22.257537', 43.111339, -0.035973),
(171, 297, '', '', '', NULL, NULL, NULL),
(172, 298, '10 RUE GEORGES GUYNEMER', '64230', 'SAUVAGNON', '2025-09-17 13:17:23.506365', 43.373431, -0.399415),
(173, 299, 'B.P. 213', '64142', 'LONS', '2025-09-17 13:17:26.727698', 46.515451, 5.609820),
(174, 300, '13 ROUTE D ARPEAU', '65440', 'ANCIZAN', '2025-09-17 13:17:28.867469', 42.902868, 0.271084),
(175, 301, 'QUARTIER BOUEILH', '64330', 'BOUEILH BOUEILHO LASQUE', '2025-09-17 13:17:31.102162', 43.541024, -0.312021),
(176, 302, 'CENTRE LESCAR SOLEIL', '64230', 'LESCAR', '2025-09-17 13:17:33.327043', 43.319682, -0.433873),
(177, 303, 'QUARTIER LOUPIEN', '64360', 'MONEIN', '2025-09-17 13:17:35.521435', 43.334817, -0.581586),
(178, 304, 'M. SALVATORE ROCCO', '64800', 'NAY', '2025-09-17 13:17:38.688307', 43.135167, -0.234612),
(179, 305, 'ROUTE DE RABASTENS', '65800', 'AUREILHAN', '2025-09-17 13:17:39.892579', 43.263580, 0.103508),
(180, 306, 'CHEMIN CAMET', '64330', 'CASTETPUGON', '2025-09-17 13:17:41.073765', 43.567678, -0.237728),
(181, 307, 'M. STEPHANE LAMARCHE', '64160', 'BUROS', '2025-09-17 13:17:44.391901', 43.328432, -0.306982),
(182, 308, 'ZONE ACTITECH', '64140', 'BILLERE', '2025-09-17 13:17:46.589963', 43.303094, -0.405883),
(183, 309, 'GARAGE DU PONT NEUF', '64160', 'MONASSUT AUDIRACQ', '2025-09-17 13:17:49.837428', 43.419136, -0.196288),
(184, 310, '210 BOULEVARD DU CAMI SALIE', '64000', 'PAU', '2025-09-17 13:17:51.075146', 43.325314, -0.332160),
(185, 311, '51 AVENUE DU PIC DU MIDI', '64800', 'IGON', '2025-09-17 13:17:52.371798', 43.165732, -0.233018),
(186, 312, '10 ROUTE DE NAY', '64510', 'NARCASTET', '2025-09-17 13:17:53.619891', 43.253486, -0.322546),
(187, 313, '1 ROUTE NATIONALE', '60730', 'Sainte-Geneviève', '2025-09-17 13:17:55.205268', 49.277867, 2.204482),
(188, 314, '35 ROUTE DE TARBES', '32400', 'RISCLE', '2025-09-17 13:17:56.472272', 43.655804, -0.073303),
(189, 315, '6 RUE DU LAC', '64290', 'GAN', '2025-09-17 13:17:59.880894', 43.230990, -0.393299),
(190, 316, 'RUE DE LA FONTAINE DU BEDAT', '64160', 'ANOS', '2025-09-17 13:18:03.221260', 43.399098, -0.291583),
(191, 317, '2 RUE DES PYRENEES', '64320', 'ARESSY', '2025-09-17 13:18:04.440760', 43.280745, -0.334767),
(192, 318, '', '', '', NULL, NULL, NULL),
(193, 319, 'CENTRE YVES DREAU', '64150', 'MOURENX', '2025-09-17 13:18:05.641343', 43.367897, -0.626920),
(194, 320, '1 BIS RUE JULES VERNE', '29551', 'QUIMPER', '2025-09-17 13:18:07.396033', 47.995124, -4.071513),
(195, 321, '', '', '', NULL, NULL, NULL),
(196, 322, '25 ROUTE DE PAU', '64510', 'ASSAT', '2025-09-17 13:18:08.641080', 43.255869, -0.299204),
(197, 323, '1072 CHEMIN DES CRETES BAOUCH', '64290', 'LASSEUBE', '2025-09-17 13:18:09.915568', 43.221110, -0.434347),
(198, 324, '1 CHEMIN DE LA CHOCOLATERIE', '65100', 'LUGAGNAN', '2025-09-17 13:18:11.143236', 43.068304, -0.040034),
(199, 325, '', '', '', NULL, NULL, NULL),
(200, 326, 'RUE DE LA PACHERE', '64260', 'LOUVIE JUZON', '2025-09-17 13:18:12.342480', 43.095786, -0.420569),
(201, 327, '14 ROUTE SAULT DE NAVAILLE', '64230', 'BOUGARBER', '2025-09-17 13:18:14.594470', 43.398267, -0.473167),
(202, 512, 'ZONE INDUSTRIEL AVENUE DES LACS', '64140', 'LONS', '2025-09-17 13:18:17.759256', 43.323647, -0.394055),
(203, 328, 'ZONE INDUSTRIEL AVENUE DES LACS', '64140', 'LONS', '2025-09-17 13:18:20.916521', 43.323647, -0.394055),
(204, 329, '', '', '', NULL, NULL, NULL),
(205, 330, '46 RUE DU GABIZOS', '65420', 'IBOS', '2025-09-17 13:18:22.097560', 43.219501, 0.030983),
(206, 331, '', '', '', NULL, NULL, NULL),
(207, 332, 'ZONE ARTISANALE LANNERETONNE', '64400', 'OLORON SAINTE MARIE', '2025-09-17 13:18:25.276148', 43.182493, -0.629074),
(208, 333, 'PYRENEES BEARN PARE BRISE', '64140', 'LONS', '2025-09-17 13:18:28.432298', 43.323647, -0.394055),
(209, 334, 'AGENT CITROEN STATION TOTAL', '32400', 'RISCLE', '2025-09-17 13:18:31.670601', 43.657500, -0.085833),
(210, 335, '3 ROUTE DE BERNES', '32160', 'JU BELLOC', '2025-09-17 13:18:32.951811', 43.588262, 0.009139),
(211, 336, '26 AVENUE ALBERT 1ER', '64320', 'BIZANOS', '2025-09-17 13:18:34.200292', 43.282712, -0.341338),
(212, 337, '25 rue de la boutinaye', '27920', 'Saint pierre de bailleul', '2025-09-17 13:18:35.502848', 49.132057, 1.398913),
(213, 338, 'AVENUE DES PYRENEES', '64290', 'GAN', '2025-09-17 13:18:36.976476', 43.221243, -0.387591),
(214, 339, 'ZONE ARTISANALE DE LOUPIEN', '64360', 'MONEIN', '2025-09-17 13:18:40.169676', 43.301824, -0.591461),
(215, 340, '10 RUE LEON JOUHAUX', '64400', 'OLORON SAINTE MARIE', '2025-09-17 13:18:41.423614', 43.198881, -0.611748),
(216, 341, 'AGENT PEUGEOT', '65000', 'TARBES', '2025-09-17 13:18:43.764090', 43.221887, 0.044115),
(217, 342, '9 BIS RUE MARECHAL HARISPE', '64130', 'MAULEON LICHARRE', '2025-09-17 13:18:45.986444', 43.201093, -0.874132),
(218, 343, 'MONSIEUR DOS SANTOS', '64140', 'LONS', '2025-09-17 13:18:49.903870', 43.323647, -0.394055),
(219, 344, 'RUE VOLTA', '64121', 'MONTARDON', '2025-09-17 13:18:51.195074', 43.353755, -0.378688),
(220, 345, 'ZONE ARTISANALE \"LA PEYRE\"', '32160', 'PLAISANCE DU GERS', '2025-09-17 13:18:53.655131', 43.594228, 0.039151),
(221, 346, '11 AV JOSEPH RICORDEL', '35600', 'REDON', '2025-09-17 13:18:54.899221', 47.666462, -2.070597),
(222, 347, '2 CHEMIN DES HOSSES', '64360', 'ABOS', '2025-09-17 13:18:56.128214', 43.362977, -0.569118),
(223, 348, '21 RUE HENRI DUCASSOU', '56100', 'LORIENT', '2025-09-17 13:18:57.433948', 47.785648, -3.343764),
(224, 349, '269 ROUTE DE MONTBRON', '16800', 'SOYAUX', '2025-09-17 13:18:59.589824', 45.638906, 0.203376),
(225, 350, '1 RUE ANDREE CHEDID', '64510', 'ASSAT', '2025-09-17 13:19:00.834155', 43.251417, -0.281842),
(226, 351, '59 AVENUE DU PIC DU MIDI', '64800', 'IGON', '2025-09-17 13:19:02.030214', 43.152092, -0.224962),
(227, 352, '210 BOULEVARD DE LA PAIX', '64000', 'PAU', '2025-09-17 13:19:03.354907', 43.321270, -0.353217),
(228, 353, 'AVENUE DE MOURENX', '64190', 'NAVARRENX', '2025-09-17 13:19:04.536451', 43.324135, -0.749085),
(229, 354, 'COSLEDAA LUBE BOAST', '64160', 'MORLAAS', '2025-09-17 13:19:07.815009', 43.341756, -0.252349),
(230, 355, 'LOTISSEMENT ARTISANAL', '65400', 'PRECHAC', '2025-09-17 13:19:11.094403', 42.992669, -0.072128),
(231, 356, '1 Rue  Du Foirail', '40230', 'Saint Vincent De Tyrosse', '2025-09-17 13:19:12.394561', 43.660663, -1.307245),
(232, 357, '13 RUE CAZENAVE JANET', '64290', 'LASSEUBE', '2025-09-17 13:19:13.682223', 43.223467, -0.470899),
(233, 358, '1223 ROUTE DEPARTEMENTALE 944', '64410', 'MERACQ', '2025-09-17 13:19:14.939816', 43.507423, -0.382824),
(234, 359, '9 ZONE INDUSTRIELLE', '64130', 'MAULEON LICHARRE', '2025-09-17 13:19:16.209408', 43.226901, -0.887555),
(235, 360, '125 IMPASSE DE POMBIE', '64121', 'SERRES CASTET', '2025-09-17 13:19:17.430232', 43.379934, -0.381360),
(236, 361, '', '', '', NULL, NULL, NULL),
(237, 362, 'Rue Paulin Richier', '08000', 'Charleville-Mézières', '2025-09-17 13:19:18.634517', 49.738566, 4.706944),
(238, 363, 'ROUTE DE LANNEMEZAN', '65250', 'LA BARTHE DE NESTE', '2025-09-17 13:19:19.870618', 43.087767, 0.383873),
(239, 364, 'LIEUDIT BORDENEUVE', '32430', 'ARDIZAS', '2025-09-17 13:19:22.132891', 43.723361, 1.004206),
(240, 365, 'ROUTE NATIONALE', '64660', 'ASASP ARROS', '2025-09-17 13:19:25.313908', 43.109872, -0.610296),
(241, 366, 'AGENT RENAULT', '64121', 'SERRES CASTET', '2025-09-17 13:19:28.496839', 43.373140, -0.355559),
(242, 367, '', '', '', NULL, NULL, NULL),
(243, 368, 'CHEMIN DE L\'AUVERGNAT', '65500', 'VIC EN BIGORRE', '2025-09-17 13:19:29.711912', 43.396218, 0.059471),
(244, 369, '28 ROUTE DE LOURDES', '65310', 'ODOS', '2025-09-17 13:19:31.143532', 43.206178, 0.042416),
(245, 370, '24 AVENUE DES ANCIENS COMBATTANTS D\'AFRIQUE DU NOR', '32300', 'MIRANDE', '2025-09-17 13:19:33.307780', 43.473006, 0.439250),
(246, 371, '15 RUE ETIENNE LENOIR', '64160', 'MORLAAS', '2025-09-17 13:19:34.593657', 43.351829, -0.256225),
(247, 372, '345 RUE FORESTIERE', '40600', 'BISCARROSSE', '2025-09-17 13:19:35.820357', 44.386448, -1.144238),
(248, 373, '1 ZAC CANAL DES MOULINS', '64510', 'NARCASTET', NULL, 43.245292, -0.315041),
(249, 374, 'STATION SERVICE', '32170', 'MIELAN', '2025-09-17 13:19:41.162870', 43.414918, 0.320320),
(250, 375, '17 ROUTE BERNAC DESSUS', '65360', 'VIELLE ADOUR', '2025-09-17 13:19:42.468597', 43.147647, 0.112287),
(251, 376, '23 RUE L\'OUSTALOTS', '64400', 'OLORON SAINTE MARIE', '2025-09-17 13:19:44.635784', 43.182493, -0.629074),
(252, 377, '5 Rue Vallon de Farine, Résidence Le Chabrier', '04000', 'DIGNE-LES-BAINS', '2025-09-17 13:19:46.799302', 44.121315, 6.197044),
(253, 378, 'PECASTAING GUY AGENT RENAULT', '64160', 'SAINT JAMMES', '2025-09-17 13:19:49.929258', 43.396768, -0.232641),
(254, 379, 'ROUTE ARZACQ', '64230', 'SAUVAGNON', '2025-09-17 13:19:51.104465', 43.420385, -0.370494),
(255, 380, '7 CHEMIN DU HAYET', '64100', 'BAYONNE', '2025-09-17 13:19:52.392803', 43.456697, -1.152520),
(256, 381, '1 AVENUE D\'AUZAN', '32800', 'EAUZE', '2025-09-17 13:19:53.608238', 43.862876, 0.100721),
(257, 382, 'STATION ELAN', '64260', 'LOUVIE JUZON', '2025-09-17 13:19:55.806443', 43.092519, -0.419467),
(258, 383, 'AV ARISTIDE BRIAND', '64260', 'LOUVIE JUZON', '2025-09-17 13:19:57.020696', 43.093607, -0.419165),
(259, 384, '173 AV NORMANDIE NIEMEN', '64121', 'SERRES CASTET', '2025-09-17 13:19:58.456154', 43.356099, -0.381475),
(260, 385, '', '', '', NULL, NULL, NULL),
(261, 386, 'MIFAGET', '64800', 'NAY-BOURDETTES', NULL, 43.126900, 0.302371),
(262, 387, '44 rue sainte claire', '24000', 'Périgueux', '2025-09-17 13:20:02.267870', 45.175817, 0.718137),
(263, 388, '21 ROUTE DE BORDEAUX', '65460', 'BAZET', '2025-09-17 13:20:03.480013', 43.287970, 0.068981),
(264, 389, '11 CHEMIN LATERAL', '64140', 'BILLERE', '2025-09-17 13:20:04.742172', 43.303081, -0.403311),
(265, 390, 'ROUTE DE BAYONNE', '64230', 'LESCAR', '2025-09-17 13:20:06.018245', 43.348256, -0.481055),
(266, 391, '37 RUE NOTRE DAME', '32230', 'MARCIAC', '2025-09-17 13:20:07.299392', 43.525038, 0.163647),
(267, 392, '5 AVN DU 14 JUILLET', '64400', 'OLORON STE MARIE', '2025-09-17 13:20:09.469274', 43.182493, -0.629074),
(268, 393, '55-57 ROUTE DE PARIS', '03300', 'CUSSET', '2025-09-17 13:20:10.873412', 46.138619, 3.456338),
(269, 394, '150 AV DU MEDOC', '33320', 'EYSINES', '2025-09-17 13:20:12.318063', 44.878975, -0.625904),
(270, 395, '21 ROUTE DE BORDEAUX', '65320', 'BORDERES SUR L ECHEZ', '2025-09-17 13:20:13.533874', 43.275631, 0.070127),
(271, 396, '10 RUE DANTON', '22000', 'SAINT BRIEUC', '2025-09-17 13:20:14.773279', 48.501619, -2.768871),
(272, 397, '86 AVENUE FRANCOIS MITTERAND', '65600', 'SEMEAC', '2025-09-17 13:20:16.977481', 43.229511, 0.115129),
(273, 398, '', '', '', NULL, NULL, NULL),
(274, 399, '1 AV DE LA JALLE NOIRE', '33520', 'BRUGES', '2025-09-17 13:20:19.349053', 44.891804, -0.614765),
(275, 400, '55 AV DESCARTES', '33160', 'SAINT MEDARD EN JALLES', '2025-09-17 13:20:20.807847', 44.885278, -0.691978),
(276, 595, 'PSA RETAIL PESSAC', '33600', 'PESSAC', '2025-09-17 13:20:21.997332', 44.785343, -0.642253),
(277, 401, 'PSA RETAIL PESSAC', '33600', 'PESSAC', '2025-09-17 13:20:23.185687', 44.785343, -0.642253),
(278, 402, '150 AV DE L\'ARGONNE', '33700', 'MERIGNAC', '2025-09-17 13:20:24.618147', 44.820820, -0.694211),
(279, 403, '74  AV JEAN JAURES', '33600', 'PESSAC', '2025-09-17 13:20:26.018690', 44.808574, -0.624334),
(280, 404, '12 RUE GAY LUSSAC', '33700', 'MERIGNAC', '2025-09-17 13:20:27.330830', 44.849043, -0.680069),
(281, 405, '2 CHEMIN DU SAUVIGNON', '33640', 'PORTETS', '2025-09-17 13:20:28.535942', 44.689968, -0.433725),
(282, 406, '618 AVENUE ALHENA', '40460', 'SANGUINET', '2025-09-17 13:20:29.749213', 44.499956, -1.052628),
(283, 407, '111 AV BECQUEREL', '33260', 'LA TESTE DE BUCH', '2025-09-17 13:20:31.247987', 44.606698, -1.123480),
(284, 665, '8 IMP LANDEGRAND', '33290', 'PAREMPUYRE', '2025-09-17 13:20:32.559652', 44.960046, -0.616239),
(285, 408, '8 IMP LANDEGRAND', '33290', 'PAREMPUYRE', '2025-09-17 13:20:33.811650', 44.960046, -0.616239),
(286, 608, '117 ROUTE DE COMPOSTELLE', '33770', 'SALLES', '2025-09-17 13:20:35.027891', 44.576083, -0.779225),
(287, 409, '117 ROUTE DE COMPOSTELLE', '33770', 'SALLES', '2025-09-17 13:20:36.229927', 44.576083, -0.779225),
(288, 410, '26 AV JEAN MOULIN', '33610', 'CESTAS', '2025-09-17 13:20:37.545371', 44.769317, -0.697301),
(289, 411, '31 grande rue - Ainval', '80250', 'Grivesnes', '2025-09-17 13:20:39.701250', 49.700738, 2.434907),
(290, 412, '2143 AV DU CAP FERRET', '33127', 'SAINT JEAN D ILLAC', '2025-09-17 13:20:40.966890', 44.793065, -0.874130),
(291, 413, '27 CHEMIN DE CHAPET', '33610', 'CESTAS', '2025-09-17 13:20:42.255802', 44.738940, -0.657906),
(292, 414, '2 RUE CAMPILLEAU', '33520', 'BRUGES', '2025-09-17 13:20:43.558147', 44.893373, -0.615103),
(293, 415, '2 RUE CAMPILLEAU', '33520', 'BRUGES', '2025-09-17 13:20:44.894952', 44.893373, -0.615103),
(294, 707, '10 ZONE AEROPORTUAIRE DES TABERNOTTES', '33370', 'YVRAC', '2025-09-17 13:20:47.199250', 44.880791, -0.461813),
(295, 416, '10 ZONE AEROPORTUAIRE DES TABERNOTTES', '33370', 'YVRAC', '2025-09-17 13:20:49.425437', 44.880791, -0.461813),
(296, 417, '1285 ROUTE FRANCOIS MAURIAC', '33550', 'TABANAC', '2025-09-17 13:20:50.629120', 44.719611, -0.422407),
(297, 418, '12 BIS RUE L. FLEURANCEAU', '33520', 'BRUGES', '2025-09-17 13:20:52.784819', 44.889345, -0.602470),
(298, 419, 'ZONE INDUSTRIEL -111 AV AMPERE', '33260', 'LA TESTE DE BUCH', '2025-09-17 13:20:55.961375', 44.560512, -1.172538),
(299, 420, '75 AV DU GENERAL DE GAULLE', '33740', 'ARES', '2025-09-17 13:20:58.133374', 44.798353, -1.071470),
(300, 421, '15 ZA DE LA GARE', '33680', 'LE PORGE', '2025-09-17 13:20:59.461921', 44.876695, -1.079492),
(301, 422, 'CHEMIN DE TERREFORT', '33140', 'VILLENAVE D\'ORNON CEDEX', NULL, 44.766365, -0.562151),
(302, 423, '92 AV DU MEDOC', '33320', 'EYSINES', '2025-09-17 13:21:04.034793', 44.882153, -0.630448),
(303, 424, '54 RUE JOSEPH MARIE JACQUARD', '33380', 'BIGANOS', '2025-09-17 13:21:05.353033', 44.640580, -0.950300),
(304, 425, '5 AV DU PRE AUX CLERCS', '33610', 'CESTAS', '2025-09-17 13:21:06.585625', 44.741616, -0.650568),
(305, 426, '41 AV DE GRADIGNAN', '33850', 'LEOGNAN', '2025-09-17 13:21:07.833321', 44.731715, -0.607116),
(306, 427, '6 ROUTE DE PAUILLAC', '33290', 'LUDON MEDOC', '2025-09-17 13:21:09.096398', 44.969411, -0.625508),
(307, 428, '114-118 AV DES PYRENEES', '33140', 'VILLENAVE D ORNON', '2025-09-17 13:21:10.411731', 44.765959, -0.561386),
(308, 429, 'ZONE INDUSTRIEL COUDOUGNEY', '33650', 'LA BREDE', '2025-09-17 13:21:13.872161', 44.644657, -0.571217),
(309, 430, '112 AV PIERRE MENDES FRANCE', '33700', 'MERIGNAC', '2025-09-17 13:21:15.322830', 44.838925, -0.640188),
(310, 710, '5022 ALLEE DU PARC DE BEL AIR', '41100', 'SAINT OUEN', '2025-09-17 13:21:16.764887', 47.820667, 1.075909),
(311, 431, '5022 ALLEE DU PARC DE BEL AIR', '41100', 'SAINT OUEN', '2025-09-17 13:21:18.250748', 47.820667, 1.075909),
(312, 432, '3 ALLEE CHARLES PERRAULT', '33470', 'GUJAN MESTRAS', '2025-09-17 13:21:19.435279', 44.616887, -1.070542),
(313, 433, '3 ALLEES SAINT HUBERT', '33740', 'ARES', '2025-09-17 13:21:21.568229', 44.798353, -1.071470),
(314, 434, '157 AV DE BEUTRE', '33600', 'PESSAC', '2025-09-17 13:21:22.947269', 44.802369, -0.688693),
(315, 435, 'AU ANDROMEDE', '33160', 'SAINT MEDARD EN JALLES', '2025-09-17 13:21:24.217710', 44.864956, -0.711135),
(316, 436, 'AVENUE DE BERLINCAN', '33160', 'SAINT MEDARD EN JALLES', '2025-09-17 13:21:25.385498', 44.879816, -0.689288),
(317, 437, 'BOULEVARD HALIMBOURG ZI', '33250', 'PAUILLAC', '2025-09-17 13:21:26.633381', 45.213423, -0.748840),
(318, 438, '1 RUE DE LA SOURCE', '33170', 'GRADIGNAN', '2025-09-17 13:21:27.856088', 44.771538, -0.630598),
(319, 439, '287 COURS DU GENERAL DE GAULLE', '33170', 'GRADIGNAN', '2025-09-17 13:21:29.066582', 44.762207, -0.621733),
(320, 440, '56 AVENUE DE BRANNE', '33370', 'TRESSES', '2025-09-17 13:21:30.317756', 44.840287, -0.493179),
(321, 441, '9 RUE DU GENERAL DE GAULLE', '33290', 'LUDON MEDOC', '2025-09-17 13:21:31.501755', 44.983632, -0.604326),
(322, 442, '75 RUE DES CITES', '40100', 'DAX', '2025-09-17 13:21:32.858192', 43.696880, -1.049538),
(323, 443, 'ZONE INDUSTRIEL SYLVIA 21', '33830', 'BELIN BELIET', '2025-09-17 13:21:35.994767', 44.495861, -0.803969),
(324, 444, '64 BIS ROUTE DE BORDEAUX', '33780', 'SOULAC SUR MER', '2025-09-17 13:21:37.379322', 45.506113, -1.093059),
(325, 445, '14 BIS RUE RENE CASSIN', '33340', 'LESPARRE MEDOC', '2025-09-17 13:21:38.788862', 45.149976, -0.822827),
(326, 446, '10 RUE DE LA GRAVETTE', '33320', 'EYSINES', '2025-09-17 13:21:40.038110', 44.869670, -0.661695),
(327, 447, '10 BIS CHEMIN D\'AUGUSTE', '33610', 'CESTAS', '2025-09-17 13:21:41.355694', 44.765808, -0.714488),
(328, 448, '7 RUE SERGE DEJEAN', '33520', 'BRUGES', '2025-09-17 13:21:42.602208', 44.887671, -0.601177),
(329, 449, 'ZONE INDUSTRIEL LA GRAVETTE CHEMIN DE LA GRAVETTE', '33140', 'CADAUJAC', '2025-09-17 13:21:45.866461', 44.755228, -0.530064),
(330, 450, '11 ZA DES TABERNOTTES', '33370', 'YVRAC', '2025-09-17 13:21:47.124746', 44.871174, -0.464120),
(331, 451, '324 AV DU TAILLAN', '33320', 'EYSINES', '2025-09-17 13:21:48.437913', 44.873758, -0.635115),
(332, 452, '9 RUE VICTOR HUGO', '33160', 'SAINT MEDARD EN JALLES', '2025-09-17 13:21:49.810684', 44.893630, -0.727533),
(333, 453, '43 RUE VINCENT GONZALES', '33130', 'BEGLES', '2025-09-17 13:21:51.101937', 44.798842, -0.567031),
(334, 454, '', '', '', NULL, NULL, NULL),
(335, 455, '63B RUE DES 4 ROUTES', '33380', 'MIOS', '2025-09-17 13:21:53.321482', 44.654501, -0.826838),
(336, 456, '53 CHEMIN DU PORT DE L\'HOMME', '33360', 'LATRESNE', '2025-09-17 13:21:54.580296', 44.784893, -0.504970),
(337, 457, '92 AV DE SOULAC', '33320', 'LE TAILLAN MEDOC', '2025-09-17 13:21:55.846753', 44.924124, -0.675756),
(338, 458, '78-88 RUE HENRI IV', '33000', 'BORDEAUX', '2025-09-17 13:21:57.398296', 44.832831, -0.578885),
(339, 459, '9 RUE DE LA SILICE', '33380', 'MARCHEPRIME', '2025-09-17 13:21:58.628407', 44.689810, -0.848436),
(340, 460, '4 RUE SALVADOR ALLIENDE', '33400', 'TALENCE', '2025-09-17 13:22:00.857280', 44.805970, -0.589221),
(341, 461, '128 AV LEON BLUM', '33110', 'LE BOUSCAT', '2025-09-17 13:22:02.161893', 44.871743, -0.608029),
(342, 462, '20 RUE PIERRE BAOUR', '33300', 'BORDEAUX', '2025-09-17 13:22:03.366148', 44.890767, -0.544027),
(343, 683, '312 AV GENERAL DE GAULLE', '33290', 'BLANQUEFORT', '2025-09-17 13:22:04.800299', 44.938209, -0.633422),
(344, 463, '312 AV GENERAL DE GAULLE', '33290', 'BLANQUEFORT', '2025-09-17 13:22:06.199839', 44.938209, -0.633422),
(345, 464, '12 AV BLANQUI', '33270', 'FLOIRAC', '2025-09-17 13:22:07.502331', 44.841217, -0.541944),
(346, 465, '305 AVENUE DE SOULAC', '33320', 'LE TAILLAN MEDOC', '2025-09-17 13:22:08.955888', 44.924124, -0.675756),
(347, 466, '149 RUE DU PALAIS GALLIEN', '33000', 'BORDEAUX', '2025-09-17 13:22:10.174476', 44.846520, -0.581890),
(348, 467, '123 RUE PIERRE RAMOND', '33160', 'SAINT MEDARD EN JALLES', '2025-09-17 13:22:11.394762', 44.893600, -0.744069),
(349, 468, 'VASCOES', '33130', 'BEGLES', '2025-09-17 13:22:13.566366', 44.803108, -0.549264),
(350, 469, '16 ZONE ARTISANALE DU LUGET', '33290', 'LE PIAN MEDOC', '2025-09-17 13:22:15.809074', 44.946903, -0.630118),
(351, 470, '32 RUE DU SOLARIUM', '33170', 'GRADIGNAN', '2025-09-17 13:22:18.034630', 44.768059, -0.616864),
(352, 471, 'AVENUE DE BERLINCAN', '33160', 'SAINT MEDARD EN JALLES', '2025-09-17 13:22:19.343927', 44.879816, -0.689288),
(353, 472, '5 RUE DENFERT ROCHEREAU', '33400', 'TALENCE', '2025-09-17 13:22:20.633405', 44.812850, -0.574906),
(354, 473, '', '', '', NULL, NULL, NULL),
(355, 474, '2 RUE EUGENE FREYSSINET', '33140', 'VILLENAVE D ORNON', '2025-09-17 13:22:21.919426', 44.786328, -0.584357),
(356, 475, '42 AV CHARLES DE GAULLE', '33650', 'LA BREDE', '2025-09-17 13:22:23.516400', 44.693217, -0.511259),
(357, 476, '24 RUE DE LA CHARMILLE', '33112', 'SAINT LAURENT MEDOC', '2025-09-17 13:22:24.828652', 45.151937, -0.820469),
(358, 477, '152 RUE FONDAUDEGE', '33000', 'BORDEAUX', '2025-09-17 13:22:26.098158', 44.849347, -0.584500),
(359, 478, '152 RUE FONDAUDEGE', '33000', 'BORDEAUX', '2025-09-17 13:22:27.344184', 44.849347, -0.584500),
(360, 479, '47 AVENUE DU GENERAL LECLERC', '33200', 'BORDEAUX', '2025-09-17 13:22:28.832660', 44.852333, -0.608133),
(361, 480, '358 RUE PASTEUR', '33200', 'BORDEAUX CAUDERAN', '2025-09-17 13:22:30.116676', 44.847334, -0.625311),
(362, 481, '73 B NICOLAS COPERNIQUE', '33127', 'SAINT JEAN D ILLAC', '2025-09-17 13:22:32.364779', 44.803685, -0.815735),
(363, 503, '1 RUE JACQUES PREVERT', '33700', 'MERIGNAC', '2025-09-17 13:22:33.729232', 44.843720, -0.671185),
(364, 482, '1 RUE JACQUES PREVERT', '33700', 'MERIGNAC', '2025-09-17 13:22:35.090783', 44.843720, -0.671185),
(365, 483, 'CENTRE COMMERCIAL TOPAZE', '33140', 'VILLENAVE D ORNON', '2025-09-17 13:22:38.284749', 44.764140, -0.550913),
(366, 616, '288 BIS AV PASTEUR', '33600', 'PESSAC', '2025-09-17 13:22:39.844018', 44.800051, -0.660297),
(367, 484, '288 BIS AV PASTEUR', '33600', 'PESSAC', '2025-09-17 13:22:41.386123', 44.800051, -0.660297),
(368, 485, '92 AV DU GENERAL DE GAULLE', '33650', 'LA BREDE', '2025-09-17 13:22:43.554215', 44.644657, -0.571217),
(369, 486, '528 RUE GUSTAVE EIFFEL', '33380', 'BIGANOS', '2025-09-17 13:22:44.739333', 44.638642, -0.953672),
(370, 487, '1 RUE DES 3 BRITTMAN', '33130', 'BEGLES', '2025-09-17 13:22:46.917766', 44.803108, -0.549264),
(371, 488, '300 AV DES EYQUEMS', '33700', 'MERIGNAC', '2025-09-17 13:22:48.157322', 44.828022, -0.647521),
(372, 489, '100 AV JEAN JAURES', '33600', 'PESSAC', '2025-09-17 13:22:49.520586', 44.810018, -0.621402),
(373, 490, '105 AV DES FRERES ROBINSON', '33700', 'MERIGNAC', '2025-09-17 13:22:50.911200', 44.855903, -0.654749),
(374, 491, '6 RUE CHARLES DE GAULLE', '33640', 'Beautiran', '2025-09-17 13:22:52.165347', 44.703398, -0.450432),
(375, 492, '139 RUE EMILE COMBES', '33270', 'FLOIRAC', '2025-09-17 13:22:53.490212', 44.832067, -0.538038),
(376, 493, '62 ROUTE DE BORDEAUX', '33780', 'SOULAC SUR MER', '2025-09-17 13:22:54.787843', 45.506113, -1.093059),
(377, 494, '691 AV DU LAS', '33127', 'SAINT JEAN D ILLAC', '2025-09-17 13:22:56.087406', 44.810833, -0.782271),
(378, 495, '2 ZA DE BOS', '33290', 'PAREMPUYRE', '2025-09-17 13:22:57.398744', 44.946855, -0.611305),
(379, 496, 'ZA COUDOUGNEY', '33650', 'LA BREDE', '2025-09-17 13:22:58.870280', 44.687516, -0.516577),
(380, 497, '', '', '', NULL, NULL, NULL),
(381, 498, '15 RUE HIPPOLYTE MINIER', '33800', 'BORDEAUX', '2025-09-17 13:23:00.089103', 44.823867, -0.567660),
(382, 499, '86 AVENUE DE TIVOLI', '33110', 'LE BOUSCAT', '2025-09-17 13:23:01.313886', 44.861109, -0.592854),
(383, 500, '84-86 AV JEAN JAURES', '33600', 'PESSAC', '2025-09-17 13:23:03.713150', 44.812809, -0.614001),
(384, 501, '10 RUE FERDINAND DE LESSEPS', '33700', 'MERIGNAC', '2025-09-17 13:23:04.970523', 44.848456, -0.675466),
(385, 664, '38 AVENUE DU GENERAL DE GAULLE', '33290', 'BLANQUEFORT', '2025-09-17 13:23:06.233398', 44.912887, -0.636033),
(386, 502, '38 AVENUE DU GENERAL DE GAULLE', '33290', 'BLANQUEFORT', '2025-09-17 13:23:07.500039', 44.912887, -0.636033),
(387, 504, '2039 AV DE BORDEAUX', '33127', 'SAINT JEAN D ILLAC', '2025-09-17 13:23:08.772801', 44.812868, -0.743984),
(388, 505, '24 AV DE DE LABARDE', '33300', 'BORDEAUX', '2025-09-17 13:23:10.583697', 45.006921, -0.638681),
(389, 708, '3 RUE ZA PCOT', '33160', 'SAINT MEDARD EN JALLES', '2025-09-17 13:23:12.755717', 44.908688, -0.805563),
(390, 506, '3 RUE ZA PCOT', '33160', 'SAINT MEDARD EN JALLES', '2025-09-17 13:23:14.981311', 44.908688, -0.805563),
(391, 507, '4 RUE JEAN MERMOZ', '33980', 'AUDENGE', '2025-09-17 13:23:16.251722', 44.677569, -1.006930),
(392, 508, '59 AVENUE DE LA REPUBLIQUE', '33380', 'MIOS', '2025-09-17 13:23:17.502712', 44.616935, -0.951761),
(393, 509, '111 CHEMIN DE BEL AIR', '33850', 'LEOGNAN', '2025-09-17 13:23:18.886824', 44.741644, -0.611281),
(394, 510, '103 AV DU PERIGORD', '33370', 'YVRAC', '2025-09-17 13:23:20.275033', 44.864992, -0.455329),
(395, 511, 'RUE DE LA CHATOLETTE', '33112', 'SAINT LAURENT MEDOC', '2025-09-17 13:23:21.514022', 45.153636, -0.818764),
(396, 512, '11 AV DES LACS', '64140', 'LONS', '2025-09-17 13:23:23.512746', 43.304924, -0.424829),
(397, 328, '11 AV DES LACS', '64140', 'LONS', '2025-09-17 13:23:25.569282', 43.304924, -0.424829),
(398, 513, '14 ALLEE FRANCOIS MANSART', '33470', 'GUJAN MESTRAS', '2025-09-17 13:23:26.812353', 44.617186, -1.071479),
(399, 514, '86 AV DE SOULAC', '33320', 'LE TAILLAN MEDOC', '2025-09-17 13:23:28.176717', 44.908223, -0.668707),
(400, 515, '', '', '', NULL, NULL, NULL),
(401, 516, '2 RUE E LANDIRAN', '33480', 'CASTELNAU DE MEDOC', '2025-09-17 13:23:30.330047', 45.005819, -0.851197),
(402, 517, '206 E AVENUE DE ST MEDARD', '33320', 'EYSINES', '2025-09-17 13:23:31.869197', 44.860962, -0.639929),
(403, 518, '700 ROUTE DE CABANAC', '33650', 'SAINT MORILLON', '2025-09-17 13:23:33.070223', 44.645601, -0.512793),
(404, 519, '17 AV D AQUITAINE', '33520', 'BRUGES', '2025-09-17 13:23:38.423752', 44.877234, -0.603535),
(405, 520, '107 COURS D\'ORNANO', '33700', 'MERIGNAC', '2025-09-17 13:23:40.184736', 44.833962, -0.619546),
(406, 521, '21 RUE COURBET', '33140', 'VILLENAVE D ORNON', '2025-09-17 13:23:42.537439', 44.763087, -0.568714),
(407, 522, '16 TER COURS LOUIS PASTEUR', '33130', 'BEGLES', '2025-09-17 13:23:44.756116', 44.803108, -0.549264),
(408, 523, '15 RUE FARADAY', '33700', 'MERIGNAC', '2025-09-17 13:23:46.229234', 44.855844, -0.671020),
(409, 524, '137 COURS DU MARECHAL GALLIENI', '33000', 'BORDEAUX', '2025-09-17 13:23:47.603103', 44.821518, -0.594636),
(410, 525, '14 RUE YVON MANSENCAL', '33140', 'VILLENAVE D ORNON', '2025-09-17 13:23:48.878539', 44.784186, -0.577508),
(411, 526, 'APPART 1468- 14 RUE FRANCOIS VILLON', '33310', 'LORMONT', '2025-09-17 13:23:51.280426', 44.870223, -0.512638),
(412, 527, '125 CHEMIN DE BEL AIR', '33850', 'LEOGNAN', '2025-09-17 13:23:52.587175', 44.741644, -0.611281),
(413, 528, '24 RUE POURMANN', '33300', 'BORDEAUX', '2025-09-17 13:23:53.861696', 44.867744, -0.549652),
(414, 529, '90 AV DE LA LIBERATION', '33460', 'MACAU', '2025-09-17 13:23:55.366967', 44.998734, -0.613928),
(415, 530, '4 AV MOLIERE', '33320', 'LE TAILLAN MEDOC', '2025-09-17 13:23:56.967696', 44.905593, -0.700992),
(416, 531, 'CC GAZINET NORD', '33610', 'CESTAS', '2025-09-17 13:23:59.265377', 44.779011, -0.688817),
(417, 532, 'CARROSSERIE ROBERT COUTURAS - 37 bo', '33000', 'BORDEAUX', '2025-09-17 13:24:06.328613', 44.914100, -0.731787),
(418, 533, '26 ALLEE DE LA VERGUE', '33680', 'LACANAU OCEAN', '2025-09-17 13:24:08.848143', 45.001480, -1.196284),
(419, 534, '18 AVENUE DE BORDEAUX', '33680', 'LACANAU VILLE', NULL, 44.976387, -1.072707),
(420, 535, 'ZA DE BOS 50A RUE DE LA GARE', '33290', 'PAREMPUYRE', '2025-09-17 13:24:15.876113', 44.954565, -0.599950),
(421, 536, '28 rue bel air bt B res helitas', '15000', 'Aurillac', '2025-09-17 13:24:19.190630', 44.927968, 2.439843),
(422, 537, '8 AV MARCEL DASSAULT', '33700', 'MERIGNAC', '2025-09-17 13:24:20.906396', 44.847380, -0.680288),
(423, 538, '26 AV DU PONT DE L\'ORIENT', '33600', 'PESSAC', '2025-09-17 13:24:22.604363', 44.813247, -0.649922),
(424, 539, '26 AVENUE DE LA GRANGE NOIRE', '33700', 'MERIGNAC', '2025-09-17 13:24:24.259450', 44.850700, -0.678453),
(425, 555, 'ZE ALFRED DANEY-RUE SUFFREN', '33300', 'BORDEAUX', '2025-09-17 13:24:27.493462', 44.882991, -0.556815),
(426, 540, 'ZE ALFRED DANEY-RUE SUFFREN', '33300', 'BORDEAUX', '2025-09-17 13:24:30.681042', 44.882991, -0.556815),
(427, 541, '10 RUE DU MOULIN BLANC', '33320', 'EYSINES', '2025-09-17 13:24:32.000979', 44.891875, -0.652260),
(428, 542, '13 RUE DU BACH', '33380', 'MARCHEPRIME', '2025-09-17 13:24:34.346325', 44.684048, -0.868014),
(429, 543, '50 AVENUE DE NANTES', '44140', 'AIGREFEUILLE SUR MAINE', '2025-09-17 13:24:35.674490', 47.077871, -1.403625),
(430, 544, '114 AVENUE PIERRE MENDES FRANCE', '33700', 'MERIGNAC', '2025-09-17 13:24:37.227618', 44.838925, -0.640188),
(431, 545, '8B AV DE BERLINCAN', '33160', 'SAINT MEDARD EN JALLES', '2025-09-17 13:24:38.807056', 44.878098, -0.690863),
(432, 546, '582 COURS DE LA LIBERATION', '33400', 'TALENCE', '2025-09-17 13:24:40.423181', 44.799740, -0.597063),
(433, 547, 'ZI DE BEL AIR', '33360', 'CENAC', '2025-09-17 13:24:43.740269', 44.445135, 1.228781),
(434, 548, '94 AV ALIENOR', '33830', 'BELIN BELIET', '2025-09-17 13:24:45.160279', 44.499559, -0.790674),
(435, 549, '19 RUE LATECOERE', '33850', 'LEOGNAN', '2025-09-17 13:24:46.541367', 44.741556, -0.615836),
(436, 550, '1 RUE DE L EGALITE', '33210', 'PREIGNAC', '2025-09-17 13:24:47.855083', 44.584413, -0.299653),
(437, 704, '81 AV DE LA LIBERATION', '33380', 'MIOS', '2025-09-17 13:24:49.201368', 44.602877, -0.926491),
(438, 551, '81 AV DE LA LIBERATION', '33380', 'MIOS', '2025-09-17 13:24:50.558986', 44.602877, -0.926491),
(439, 552, '11 IMPASSE ZA DE LANDEGRAND', '33290', 'PAREMPUYRE', '2025-09-17 13:24:52.832219', 44.954565, -0.599950),
(440, 553, '220 BD J.J.BOSC', '33130', 'BEGLES', '2025-09-17 13:24:54.974010', 44.803108, -0.549264),
(441, 554, '313 AV LIBERATION CHARLES DE GAULLES', '33110', 'LE BOUSCAT', '2025-09-17 13:24:57.133679', 44.864630, -0.600191),
(442, 556, '1289 AV DE PIERROTON', '33127', 'SAINT JEAN D ILLAC', '2025-09-17 13:24:58.378978', 44.800280, -0.777772),
(443, 557, 'LIEU DIT ESSONAC', '33360', 'QUINSAC', '2025-09-17 13:25:01.660518', 44.755686, -0.489126),
(444, 558, '1 CHEMIN DES FOSSES', '33610', 'CESTAS', '2025-09-17 13:25:02.944089', 44.766643, -0.715964),
(445, 559, '13 AVENUE SOUBEYRAN', '33460', 'ARSAC', '2025-09-17 13:25:05.287450', 44.997187, -0.688374),
(446, 560, '200 RUE FREDERIC SAUVAGE', '33260', 'LA TESTE DE BUCH', '2025-09-17 13:25:06.676031', 44.608252, -1.127754),
(447, 561, '8 AVENUE DE LA SOMME', '33700', 'MERIGNAC', '2025-09-17 13:25:08.158729', 44.832570, -0.649156),
(448, 562, 'ZI DE BEL AIR', '33360', 'CENAC', '2025-09-17 13:25:11.417111', 44.445135, 1.228781),
(449, 563, '27 ZAE DE LA GARE', '33680', 'LE PORGE', '2025-09-17 13:25:13.854483', 44.872794, -1.092717),
(450, 564, '44 RUE JEAN PAGES', '33140', 'VILLENAVE D ORNON', '2025-09-17 13:25:15.152011', 44.778474, -0.563285),
(451, 565, '69 BIS AV DU PROFESSEUR BERGONIE', '33130', 'BEGLES', '2025-09-17 13:25:16.484248', 44.803265, -0.550831),
(452, 566, '8 VILLAGE ARTISANAL DU CLOUET', '33370', 'POMPIGNAC', '2025-09-17 13:25:19.267988', 44.850280, -0.437360),
(453, 567, '35 AV GAMBETTA', '33480', 'CASTELNAU DE MEDOC', '2025-09-17 13:25:21.372098', 45.032000, -0.799052),
(454, 568, '31 AV COLONEL PIERRE BOURGOIN', '33127', 'MARTIGNAS SUR JALLE', '2025-09-17 13:25:23.609904', 44.840536, -0.776149),
(455, 569, '2683 ROUTE DE TOULOUSE', '33140', 'CADAUJAC', '2025-09-17 13:25:25.895801', 44.755228, -0.530064),
(456, 570, '23 RUE CHANTECRIC', '33140', 'CADAUJAC', '2025-09-17 13:25:27.410900', 44.751648, -0.550485),
(457, 571, '37 RUE ALAIN PERONNAU', '33830', 'BELIN BELIET', '2025-09-17 13:25:28.746386', 44.525183, -0.817014),
(458, 572, '5 RUE DU COMMANDANT CHARCOT', '33290', 'BLANQUEFORT', '2025-09-17 13:25:29.962413', 44.920920, -0.619832),
(459, 573, '2 RUE JULES VERNE', '72300', 'SABLE SUR SARTHE', '2025-09-17 13:25:31.271729', 47.830214, -0.308909),
(460, 574, '262 BIS-268 RUE MANDRON', '33300', 'BORDEAUX', '2025-09-17 13:25:33.427016', 44.882991, -0.556815),
(461, 575, '10 RUE EUGENE DUNAR', '33174', 'GRADIGNAN', '2025-09-17 13:25:35.699936', 44.773970, -0.613907),
(462, 576, '31 B AV RENE ANTOUNE', '33320', 'EYSINES', '2025-09-17 13:25:36.929456', 44.877513, -0.650815),
(463, 577, '10 RUE FERDINAND DE LESSEPS', '33700', 'MERIGNAC', '2025-09-17 13:25:38.194874', 44.848456, -0.675466),
(464, 578, '15 Route de Mireval', '34110', 'Vic La Gardiole', '2025-09-17 13:25:39.709578', 43.504417, 3.792988),
(465, 579, '15 Route de Mireval', '34110', 'Vic La Gardiole', '2025-09-17 13:25:40.983372', 43.504417, 3.792988),
(466, 580, '31 TER AV GUSTAVE EIFFEL', '33700', 'MERIGNAC', '2025-09-17 13:25:42.704897', 44.856925, -0.668145),
(467, 581, '6 RUE PIERRE GAUTHIER', '33320', 'EYSINES', '2025-09-17 13:25:43.922440', 44.878666, -0.647721),
(468, 582, 'ZA LAROCHE', '33140', 'CADAUJAC', '2025-09-17 13:25:45.359475', 44.737860, -0.540789),
(469, 583, '8 RUE EUGENE FREYSSINAT', '33140', 'VILLENAVE D ORNON', '2025-09-17 13:25:47.545896', 44.764140, -0.550913),
(470, 584, '85/87 AV MARCELIN-BERTHELOT', '33110', 'LE BOUSCAT', '2025-09-17 13:25:49.056397', 44.864734, -0.580245),
(471, 585, '4 ROUTE DU MARTINET', '33770', 'SALLES', '2025-09-17 13:25:50.694993', 44.548294, -0.880579),
(472, 586, 'CENTRE COMMERCIALE INTERMARCHE', '33260', 'LA TESTE DE BUCH', '2025-09-17 13:25:53.830381', 44.560512, -1.172538),
(473, 587, '45 CHEMIN DU PORT DE L\'HOMME', '33360', 'LATRESNE', '2025-09-17 13:25:55.177096', 44.784893, -0.504970),
(474, 639, '31 AV COLONEL PIERRE BOURGOIN', '33127', 'MARTIGNAS SUR JALLE', '2025-09-17 13:25:57.402394', 44.840536, -0.776149),
(475, 588, '31 AV COLONEL PIERRE BOURGOIN', '33127', 'MARTIGNAS SUR JALLE', '2025-09-17 13:25:59.673911', 44.840536, -0.776149),
(476, 589, '4 AVENUE BLANQUI', '33270', 'FLOIRAC', '2025-09-17 13:26:00.892364', 44.841949, -0.541533),
(477, 590, 'LIEU DIT LES SIX CENTS', '33480', 'LISTRAC MEDOC', '2025-09-17 13:26:04.931891', 45.073677, -0.790577);
INSERT INTO `adresse` (`id`, `client_id`, `adresse`, `code_postal`, `ville`, `geocode_date`, `latitude`, `longitude`) VALUES
(478, 591, '220 AV DE LA COTE D\'ARGENT', '33380', 'BIGANOS', '2025-09-17 13:26:06.274354', 44.647789, -0.945746),
(479, 592, '31 AV COLONEL PIERRE BOURGOIN', '33127', 'MARTIGNAS SUR JALLE', '2025-09-17 13:26:08.564003', 44.840536, -0.776149),
(480, 593, '25 AVENUE DE LA LIBERATION', '33138', 'LANTON', '2025-09-17 13:26:10.028707', 44.703634, -1.038114),
(481, 594, '7 BIS RUE ANDRE MOULINAT', '33480', 'CASTELNAU DE MEDOC', '2025-09-17 13:26:11.606495', 45.028027, -0.812377),
(482, 595, 'PSA RETAIL VILLENAVE PEUGEOT', '33140', 'VILLENAVE D ORNON', '2025-09-17 13:26:14.761312', 44.764140, -0.550913),
(483, 401, 'PSA RETAIL VILLENAVE PEUGEOT', '33140', 'VILLENAVE D ORNON', '2025-09-17 13:26:17.925455', 44.764140, -0.550913),
(484, 596, '', '', '', NULL, NULL, NULL),
(485, 597, '2 Rue Eupatoria', '37000', 'Tours', '2025-09-17 13:26:19.299881', 47.384756, 0.690487),
(486, 598, '175 AV ST JACQUES DE COMPOSTELLE', '33610', 'CESTAS', '2025-09-17 13:26:20.773058', 44.712869, -0.694546),
(487, 599, '11 AV DE LA MARNE', '33700', 'MERIGNAC', '2025-09-17 13:26:22.560767', 44.836959, -0.620794),
(488, 600, '6 CHEMIN DE LA GRANGE', '33650', 'MARTILLAC', '2025-09-17 13:26:24.031565', 44.722461, -0.535046),
(489, 601, 'RELAIS 4 PAVILLONS', '33310', 'LORMONT', '2025-09-17 13:26:26.312663', 44.865632, -0.514453),
(490, 602, '503 REGIMENTS DU TRAIN', '33127', 'MARTIGNAS', '2025-09-17 13:26:28.715748', 44.840536, -0.776149),
(491, 603, '50 À 60 AV DES PYRENEES', '33140', 'VILLENAVE D ORNON', '2025-09-17 13:26:30.611724', 44.774465, -0.564750),
(492, 604, '25 RUE DE LA PAIX', '33400', 'TALENCE', '2025-09-17 13:26:32.228995', 44.816295, -0.583327),
(493, 605, '12 AV DES MARTYRS DE LA LIBERATION', '33700', 'MERIGNAC', '2025-09-17 13:26:34.080659', 44.841429, -0.668717),
(494, 606, '12 ALLEE CHARLES PERREAULT', '33470', 'GUJAN MESTRAS', '2025-09-17 13:26:36.751764', 44.579295, -1.040638),
(495, 607, '', '', '', NULL, NULL, NULL),
(496, 609, '36 RUE DU BOIS GRAMOND', '33320', 'EYSINES', '2025-09-17 13:26:38.012029', 44.870637, -0.641042),
(497, 610, '14 A ZA BEAUCHENE', '33250', 'CISSAC MEDOC', '2025-09-17 13:26:41.296848', 45.229721, -0.832396),
(498, 611, '4 RUE DES CHATAIGNIERS', '33700', 'MERIGNAC', '2025-09-17 13:26:42.613112', 44.841203, -0.671565),
(499, 612, 'ZI LA SELEYRE', '33360', 'LATRESNE', '2025-09-17 13:26:44.069629', 44.800613, -0.502405),
(500, 613, 'RÉSIDENCE CARLE VERNET', '33800', 'BORDEAUX', '2025-09-17 13:26:46.295027', 44.821292, -0.551835),
(501, 614, '26 ROUTE DE LACANAU', '33121', 'CARCANS', '2025-09-17 13:26:47.647072', 45.068793, -1.047271),
(502, 615, '7 RUE PIERRE ET MARIE CURIE', '33520', 'BRUGES', '2025-09-17 13:26:49.144017', 44.872403, -0.583037),
(503, 617, '166 AV DU GENERAL DE GAULLE', '33160', 'SAINT MEDARD EN JALLES', '2025-09-17 13:26:50.805517', 44.902318, -0.738569),
(504, 618, '12 BIS RUE L. FLEURANCEAU', '33520', 'BRUGES', '2025-09-17 13:26:52.935039', 44.889345, -0.602470),
(505, 619, 'PARC DE TAUDIGNON', '33770', 'SALLES', '2025-09-17 13:26:55.576488', 44.561768, -0.874275),
(506, 620, '316 AV DU TAILLAN MEDOC', '33320', 'EYSINES', '2025-09-17 13:26:56.907250', 44.890098, -0.666890),
(507, 621, '6 RUE JACQUES BREL', '33185', 'LE HAILLAN', '2025-09-17 13:26:58.172689', 44.864435, -0.667192),
(508, 622, '2 A CHEMIN DES ROUBERTS', '33380', 'MIOS', '2025-09-17 13:26:59.451013', 44.595323, -0.907247),
(509, 623, '3-5 ALLEE JAMES WATT', '33700', 'MERIGNAC', '2025-09-17 13:27:01.012089', 44.830970, -0.672560),
(510, 624, '7 RUE DE L\'EGLISE', '33360', 'LATRESNE', '2025-09-17 13:27:02.411504', 44.786217, -0.484954),
(511, 625, '79 RUE ALBERT 1ER', '33250', 'PAUILLAC', '2025-09-17 13:27:03.754917', 45.198688, -0.749024),
(512, 626, '47 avenue de Fouilleuse', '92500', 'Rueil-Malmaison', '2025-09-17 13:27:05.037817', 48.863146, 2.195519),
(513, 627, 'RUE JEAN RAYMOND GUYON', '33310', 'LORMONT', '2025-09-17 13:27:06.228532', 44.873464, -0.510257),
(514, 667, '133BIS AV DE L\'ALOUETTE', '33700', 'MERIGNAC', '2025-09-17 13:27:07.824659', 44.818376, -0.659157),
(515, 628, '133BIS AV DE L\'ALOUETTE', '33700', 'MERIGNAC', '2025-09-17 13:27:09.314947', 44.818376, -0.659157),
(516, 629, '1 ZONE ARTISANALE DE PICOT', '33160', 'SAINT MEDARD EN JALLES', '2025-09-17 13:27:11.491488', 44.908688, -0.805563),
(517, 687, '29 COURS PIERRE LASSALLE', '33590', 'SAINT VIVIEN DE MEDOC', '2025-09-17 13:27:12.843009', 45.426877, -1.033956),
(518, 630, '29 COURS PIERRE LASSALLE', '33590', 'SAINT VIVIEN DE MEDOC', '2025-09-17 13:27:14.191247', 45.426877, -1.033956),
(519, 631, '6 AV MONTESQUIEU', '33700', 'MERIGNAC', '2025-09-17 13:27:15.877034', 44.846540, -0.636502),
(520, 632, 'LE VILLAGE DUBOS', '33140', 'VILLENAVE D ORNON', '2025-09-17 13:27:19.084647', 44.764140, -0.550913),
(521, 633, '7 RUE SERGE DE JEAN', '33520', 'BRUGES', '2025-09-17 13:27:21.276710', 44.889345, -0.602470),
(522, 634, '5 IMPASSE ZA DE LA LANDEGRAND', '33290', 'PAREMPUYRE', '2025-09-17 13:27:23.603094', 44.954565, -0.599950),
(523, 635, '19 AVENUE PAUL LAFFARGUE', '33270', 'FLOIRAC', '2025-09-17 13:27:24.922533', 44.831791, -0.530967),
(524, 636, '90 AV DE LA GARONNE', '33440', 'SAINT LOUIS DE MONTFERRAND', '2025-09-17 13:27:26.597828', 44.945817, -0.538783),
(525, 690, '199 AV DU MARECHAL DE LATTRE DE TASSIGNY', '33470', 'GUJAN MESTRAS', '2025-09-17 13:27:27.969669', 44.636498, -1.090392),
(526, 637, '199 AV DU MARECHAL DE LATTRE DE TASSIGNY', '33470', 'GUJAN MESTRAS', '2025-09-17 13:27:29.295067', 44.636498, -1.090392),
(527, 638, '11 ZA DU GRAND CHEMIN', '33370', 'YVRAC', '2025-09-17 13:27:31.591730', 44.880791, -0.461813),
(528, 640, '3 AV DE L\'ACTIPOLE', '33470', 'GUJAN MESTRAS', '2025-09-17 13:27:32.850389', 44.608958, -1.073650),
(529, 641, '28 rue gallieni', '95160', 'montmorency', '2025-09-17 13:27:34.076165', 48.996019, 2.324024),
(530, 642, '20 RUE PASTEUR', '65000', 'TARBES', '2025-09-17 13:27:35.565369', 43.237328, 0.066822),
(531, 643, '18 RUE DE LA LIBERTE', '33320', 'LE TAILLAN MEDOC', '2025-09-17 13:27:38.312674', 44.906937, -0.674461),
(532, 644, '4 ROUTE DE PRES', '33830', 'BELIN BELIET', '2025-09-17 13:27:40.503035', 44.495861, -0.803969),
(533, 645, '2006 AV DE TOULOUSE', '33140', 'CADAUJAC', '2025-09-17 13:27:41.788315', 44.752232, -0.549323),
(534, 646, '115 AV DU TAILLAN MEDOC', '33320', 'EYSINES', '2025-09-17 13:27:43.058948', 44.877785, -0.643083),
(535, 647, '94 AVENUE ARISTIDE BRIAND', '33700', 'MERIGNAC', '2025-09-17 13:27:44.763557', 44.825069, -0.620977),
(536, 648, '26 RUE DE LA BERLE', '33680', 'LACANAU', '2025-09-17 13:27:45.997769', 44.969304, -1.073666),
(537, 705, '7 RUE DU 503 EME REGIMENT DU TRAIN', '33127', 'MARTIGNAS SUR JALLE', '2025-09-17 13:27:48.217683', 44.840536, -0.776149),
(538, 649, '7 RUE DU 503 EME REGIMENT DU TRAIN', '33127', 'MARTIGNAS SUR JALLE', '2025-09-17 13:27:50.485426', 44.840536, -0.776149),
(539, 650, '62 RUE ROUSTAING', '33400', 'TALENCE', '2025-09-17 13:27:51.717468', 44.817117, -0.590053),
(540, 651, '2 IMPASSE MAURICE ALLAIS', '33980', 'AUDENGE', '2025-09-17 13:27:53.086269', 44.694558, -0.978415),
(541, 652, '1 RUE DIAMANT', '33185', 'LE HAILLAN', '2025-09-17 13:27:54.425106', 44.855943, -0.691953),
(542, 653, '32 AV DU CHATEAU', '33650', 'LA BREDE', '2025-09-17 13:27:56.102066', 44.673442, -0.547403),
(543, 654, '3 RUE GEORGES LITALIEN', '33270', 'FLOIRAC', '2025-09-17 13:27:57.431394', 44.832181, -0.536745),
(544, 655, '110 AV VICTOR HUGO', '33110', 'LE BOUSCAT', '2025-09-17 13:27:58.724146', 44.864207, -0.590495),
(545, 656, '16 CHEMIN DE TAUSSAC', '33480', 'SAINTE HELENE', '2025-09-17 13:28:00.002756', 44.983047, -0.961348),
(546, 657, '180 AV DE L\'EUROPE', '33260', 'LA TESTE DE BUCH', '2025-09-17 13:28:01.604215', 44.616711, -1.124593),
(547, 658, 'ROUTE DU PETIT MAURIN', '33590', 'SAINT VIVIEN DE MEDOC', '2025-09-17 13:28:04.820844', 45.435834, -1.040505),
(548, 659, '14 AV DU DESCLAUD', '33370', 'TRESSES', '2025-09-17 13:28:06.106760', 44.845128, -0.469817),
(549, 660, '172 RUE MARIE CURIE', '33127', 'SAINT JEAN D ILLAC', '2025-09-17 13:28:07.683274', 44.809093, -0.753267),
(550, 661, '17 AV DE BORDEAUX', '33850', 'LEOGNAN', '2025-09-17 13:28:09.266227', 44.747074, -0.592242),
(551, 662, '22 ALLEE DU LUQUET', '33460', 'ARSAC', '2025-09-17 13:28:10.521279', 45.010437, -0.688927),
(552, 663, '8 RUE GEORGES LITALIEN', '33270', 'FLOIRAC', '2025-09-17 13:28:11.799877', 44.832181, -0.536745),
(553, 666, '12 RUE DUBERNAT', '33404', 'TALENCE', '2025-09-17 13:28:13.107088', 44.812982, -0.602155),
(554, 668, '4 ROUTE DU CRASTIEU', '33680', 'LE TEMPLE', '2025-09-17 13:28:16.613523', 44.880812, -0.989300),
(555, 669, '7 ROUTE DE SAINT VIVIEN', '33590', 'JAU DIGNAC ET LOIRAC', '2025-09-17 13:28:17.975156', 45.422068, -0.986005),
(556, 670, '401 ROUTE DE TOULOUSE', '33140', 'VILLENAVE D ORNON', '2025-09-17 13:28:19.278359', 44.793683, -0.567724),
(557, 671, '191 ALLEE CASTAING', '33140', 'CADAUJAC', '2025-09-17 13:28:21.523628', 44.755228, -0.530064),
(558, 672, '26 Place Du By', '69440', 'Saint-Laurent-Dagny', NULL, 45.640378, 4.683018),
(559, 673, '37 RUE CHARLES DOMERCQ', '33800', 'BORDEAUX', '2025-09-17 13:28:25.014685', 44.824978, -0.557444),
(560, 674, '9 PLACE MICHEL DE MONTAIGNE', '33110', 'LE BOUSCAT', '2025-09-17 13:28:27.185663', 44.864630, -0.600191),
(561, 675, 'BORDEAUX TECHNIQUE AUTOMOBILE', '33000', 'BORDEAUX', '2025-09-17 13:28:30.513313', 44.839105, -0.581427),
(562, 676, '291 COURS BALGUERIE STUTTENBERG', '33000', 'BORDEAUX', '2025-09-17 13:28:31.880192', 44.863876, -0.559166),
(563, 677, '110 AV VICTOR HUGO', '33110', 'LE BOUSCAT', '2025-09-17 13:28:33.302467', 44.864207, -0.590495),
(564, 678, '5 COURS PERRIER DE LARSAN', '33340', 'LESPARRE MEDOC', '2025-09-17 13:28:35.917817', 45.299051, -0.916057),
(565, 679, '209 AV DE LA LIBERATION', '33110', 'LE BOUSCAT', '2025-09-17 13:28:38.913064', 44.862835, -0.602222),
(566, 680, '254 AV DU TAILLAN', '33320', 'EYSINES', '2025-09-17 13:28:40.558118', 44.873758, -0.635115),
(567, 681, 'ZI LARTIGO', '33360', 'LATRESNE', '2025-09-17 13:28:43.867194', 44.784642, -0.496889),
(568, 682, '48 CHEMIN DU BARON', '33127', 'SAINT JEAN D ILLAC', '2025-09-17 13:28:45.353991', 44.798478, -0.753352),
(569, 684, '61 RUE DES GRAVES', '33320', 'EYSINES', '2025-09-17 13:28:46.619290', 44.881283, -0.668220),
(570, 685, '', '', '', NULL, NULL, NULL),
(571, 686, '31 RUE ALEXIS PUYO', '33160', 'SAINT MEDARD EN JALLES', '2025-09-17 13:28:48.007481', 44.896842, -0.739048),
(572, 688, '141 RUE GEORGES BONNAC', '33000', 'BORDEAUX', '2025-09-17 13:28:49.270718', 44.839241, -0.587901),
(573, 689, '141 RUE GEORGES BONNAC', '33000', 'BORDEAUX', '2025-09-17 13:28:50.476009', 44.839241, -0.587901),
(574, 691, '125 RUE ROBESPIERRE', '33400', 'TALENCE', '2025-09-17 13:28:51.801524', 44.808336, -0.578624),
(575, 692, '2257 AV DE BORDEAUX', '33127', 'SAINT JEAN D ILLAC', '2025-09-17 13:28:53.286880', 44.812870, -0.743979),
(576, 693, '419 CHEMIN DE LEYSOTTE', '33140', 'VILLENAVE D ORNON', '2025-09-17 13:28:54.537982', 44.786389, -0.579910),
(577, 694, '6 ROUTE D\'AVENSAN', '33480', 'CASTELNAU DE MEDOC', '2025-09-17 13:28:55.885143', 45.028718, -0.790009),
(578, 695, '139 RUE PIERRE RENAUDEL', '33130', 'BEGLES', '2025-09-17 13:28:57.152322', 44.806452, -0.572196),
(579, 696, '26 RUE AGOSTA', '33950', 'LEGE CAP FERRET', '2025-09-17 13:28:58.534521', 44.784837, -1.167023),
(580, 697, '19 RUE DU PIN VERT', '33600', 'PESSAC', '2025-09-17 13:29:00.113238', 44.811379, -0.627351),
(581, 698, '55 TER AV JEAN JAURES', '33600', 'PESSAC', '2025-09-17 13:29:02.630647', 44.812653, -0.614491),
(582, 699, 'ZI DE BEL AIR', '33360', 'CENAC', '2025-09-17 13:29:06.863815', 44.445135, 1.228781),
(583, 700, '8 RUE DU PONT DE LA GRAVE', '33130', 'BEGLES', '2025-09-17 13:29:08.640743', 44.797900, -0.538631),
(584, 701, '3 RUE DE LA ZA DE PICOT', '33160', 'SAINT MEDARD EN JALLES', '2025-09-17 13:29:10.897041', 44.908688, -0.805563),
(585, 702, '44 avenue pasteur', '91550', 'Paray vieille poste', '2025-09-17 13:29:12.228426', 48.709965, 2.367228),
(586, 703, '13 RUE JOSEPH BRUNER', '33300', 'BORDEAUX', '2025-09-17 13:29:14.377161', 44.882991, -0.556815),
(587, 706, '30 ROUTE DE PAUILLAC', '33340', 'LESPARRE', '2025-09-17 13:29:15.714699', 45.290130, -0.907024),
(588, 707, '10 ZA DES TABERNOTTES', '33370', 'YVRAC', '2025-09-17 13:29:17.059446', 44.870159, -0.463320),
(589, 416, '10 ZA DES TABERNOTTES', '33370', 'YVRAC', '2025-09-17 13:29:18.370722', 44.870159, -0.463320),
(590, 709, '32 ALLEE DU PARTAGE', '33127', 'SAINT JEAN D ILLAC', '2025-09-17 13:29:19.616059', 44.816033, -0.743822),
(591, 711, '4 RUE PAUL EMILE APPELL', '33600', 'PESSAC', '2025-09-17 13:29:20.909986', 44.779963, -0.655102),
(592, 712, '31 BIS AV GUSTAVE EIFFEL', '33700', 'MERIGNAC', '2025-09-17 13:29:22.488378', 44.856925, -0.668145),
(593, 713, '307 COURS DE LA SOMME', '33800', 'BORDEAUX', '2025-09-17 13:29:23.795787', 44.817922, -0.572487),
(594, 714, '48 ROUTE DE BORDEAUX', '33121', 'CARCANS', '2025-09-17 13:29:25.126932', 45.066944, -0.992184),
(595, 715, '26-28 RUE PAUL BERTHELOT', '33300', 'BORDEAUX', '2025-09-17 13:29:26.678101', 44.856194, -0.571756),
(596, 716, '31 RUE DE BRETEIL', '33320', 'EYSINES', '2025-09-17 13:29:27.995442', 44.883694, -0.640216),
(597, 717, '11 RUE DES GAMINS', '33088', 'BORDEAUX CEDEX', NULL, 44.821385, -0.556667),
(598, 718, '4 AVENUE JACQUELINE AURIOL', '33700', 'MERIGNAC', '2025-09-17 13:29:31.897162', 44.846270, -0.680496),
(599, 719, '9 BIS RUE JOSEPH CUGNOT', '33700', 'MERIGNAC', '2025-09-17 13:29:33.355302', 44.854346, -0.667467),
(600, 720, '6 CHEMIN DE LA BRIQUERIE', '33610', 'CANEJAN', '2025-09-17 13:29:35.772472', 44.777644, -0.647536),
(601, 721, '1701 ROUTE DE SOULAC', '33290', 'LE PIAN MEDOC', '2025-09-17 13:29:37.154246', 44.950169, -0.698045),
(602, 722, '17 AV DU ROND POINT', '33600', 'PESSAC', '2025-09-17 13:29:38.524932', 44.805763, -0.615338),
(603, 723, '515 ROUTE DE SOULAC', '33290', 'LE PIAN MEDOC', '2025-09-17 13:29:39.870868', 44.950169, -0.698045),
(604, 724, '14 avenue de Toulouse', '31410', 'Saint Sulpice sur Leze', '2025-09-17 13:29:41.453341', 43.332450, 1.322054),
(605, 725, '6 AV JEAN MOULIN', '33140', 'VILLENAVE D ORNON', '2025-09-17 13:29:43.385967', 44.770606, -0.538494),
(606, 726, '', '', '', NULL, NULL, NULL),
(607, 727, '9 AVENUE DE GUYENNE', '33370', 'ARTIGUES PRES BORDEAUX', '2025-09-17 13:29:44.869846', 44.846786, -0.497561),
(608, 728, '8 RUE PASCAL', '33370', 'TRESSES', '2025-09-17 13:29:46.282129', 44.839402, -0.486223),
(609, 729, '76 AVENUE DE MAGUDAS', '33185', 'LE HAILLAN', '2025-09-17 13:29:47.607387', 44.862601, -0.699631),
(610, 825, 'ZI GYSTEVE', '33430', 'BAZAS', '2025-09-17 13:29:49.081824', 44.445353, -0.236685),
(611, 730, 'ZI GYSTEVE', '33430', 'BAZAS', '2025-09-17 13:29:50.712982', 44.445353, -0.236685),
(612, 731, '101 AVENUE DE BORDEAUX', '40800', 'AIRE SUR L\'ADOUR', '2025-09-17 13:29:52.177329', 43.722202, -0.265383),
(613, 732, '1479 ROUTE DE MIRAMBEAU', '33820', 'SAINT CAPRAIS DE BLAYE', '2025-09-17 13:29:53.465476', 45.282686, -0.566977),
(614, 839, '32 AV SAINT LOUBES', '33440', 'AMBARES ET LAGRAVE', '2025-09-17 13:29:54.895021', 44.923050, -0.469391),
(615, 733, '32 AV SAINT LOUBES', '33440', 'AMBARES ET LAGRAVE', '2025-09-17 13:29:56.681209', 44.923050, -0.469391),
(616, 734, '48 TER COURS DU MARECHAL JOFFRE', '33720', 'PODENSAC', '2025-09-17 13:29:58.128679', 44.647492, -0.351291),
(617, 735, '20 ROUTE DE BORDEAUX', '33450', 'SAINT SULPICE ET CAMEYRAC', '2025-09-17 13:29:59.511028', 44.913790, -0.399307),
(618, 736, '74 RUE DES SAVETIERS', '40600', 'BISCARROSSE', '2025-09-17 13:30:00.895153', 44.384377, -1.137568),
(619, 737, '253 RUE NATIONALE', '33240', 'SAINT ANDRE DE CUBZAC', '2025-09-17 13:30:03.325771', 45.004553, -0.437113),
(620, 738, '5 RUE JEAN BERNALEAU', '33390', 'BLAYE', '2025-09-17 13:30:05.862693', 45.117313, -0.658292),
(621, 739, '22 PORT DU NOYER', '33500', 'ARVEYRES', '2025-09-17 13:30:07.818033', 44.911664, -0.253549),
(622, 740, '47 AVENUE MARCEAU FEYRY', '24100', 'BERGERAC', '2025-09-17 13:30:10.092081', 44.867565, 0.502358),
(623, 741, '39 ROUTE DE LANGON', '33430', 'BAZAS', '2025-09-17 13:30:11.921228', 44.442140, -0.234038),
(625, 742, '', '', '', NULL, NULL, NULL),
(626, 743, '45 AVENUE DES MARRONNIERS', '33700', 'MERIGNAC', '2025-09-17 13:30:14.801410', 44.842496, -0.675545),
(627, 834, 'IMPASSE AUZONNE LE ROC', '47200', 'BEAUPUY', '2025-09-17 13:30:22.068000', 43.644139, 1.005036),
(628, 744, 'IMPASSE AUZONNE LE ROC', '47200', 'BEAUPUY', '2025-09-17 13:30:26.389334', 43.644139, 1.005036),
(629, 745, '', '', '', NULL, NULL, NULL),
(630, 746, '16 RUE CAMPILLEU', '33520', 'BRUGES', '2025-09-17 13:30:28.625573', 44.889345, -0.602470),
(631, 747, '3 place des tilleuls', '38320', 'BRESSON', '2025-09-17 13:30:30.181966', 45.137930, 5.747783),
(632, 843, '22 ROUTE DE LIBOURNE', '33450', 'SAINT LOUBES', '2025-09-17 13:30:32.063081', 44.914982, -0.416050),
(633, 748, '22 ROUTE DE LIBOURNE', '33450', 'SAINT LOUBES', '2025-09-17 13:30:34.065266', 44.914982, -0.416050),
(634, 749, '', '', '', NULL, NULL, NULL),
(635, 836, 'ROUTE DE SAINT PALAIS', '64120', 'LARCEVEAU ARROS CIBITS', '2025-09-17 13:30:40.050585', 43.224867, -1.099279),
(636, 750, 'ROUTE DE SAINT PALAIS', '64120', 'LARCEVEAU ARROS CIBITS', '2025-09-17 13:30:46.200387', 43.224867, -1.099279),
(637, 751, '100 BIS AVENUE DE LA LIBERATION', '33440', 'AMBARES ET LAGRAVE', '2025-09-17 13:30:50.046423', 44.940460, -0.471680),
(638, 752, '', '', '', NULL, NULL, NULL),
(639, 753, '', '', '', NULL, NULL, NULL),
(640, 754, 'ZI LA BALLATIERE', '33500', 'LIBOURNE', '2025-09-17 13:30:53.698692', 44.917983, -0.223522),
(641, 755, '505 ROUTE DE LA CITADELLE', '33390', 'EYRANS', '2025-09-17 13:30:55.072268', 45.186143, -0.604506),
(642, 816, '15 ROUTE DE PRECHAC', '33210', 'ROAILLAN', '2025-09-17 13:30:56.376434', 44.492442, -0.291199),
(643, 756, '15 ROUTE DE PRECHAC', '33210', 'ROAILLAN', '2025-09-17 13:30:57.632755', 44.492442, -0.291199),
(644, 757, '1106 chemin de brans', '40500', 'Montsoue', '2025-09-17 13:30:58.997882', 43.748074, -0.503456),
(645, 758, '5 RUE JEAN BERNALEAU', '33390', 'BLAYE', '2025-09-17 13:31:00.477534', 45.117384, -0.658150),
(646, 759, '308 AV DU GENERAL DE GAULLE', '33450', 'IZON', '2025-09-17 13:31:01.784875', 44.916551, -0.346672),
(647, 760, '1 AV DE L\'ESCART', '33450', 'SAINT LOUBES', '2025-09-17 13:31:03.954493', 44.909918, -0.399917),
(648, 761, '20 BIS LE HARRO', '33620', 'SAINT MARIENS', '2025-09-17 13:31:06.179484', 45.116260, -0.404080),
(649, 762, '90 AV DE LA GARONNE', '33440', 'SAINT LOUIS DE MONTFERRAND', '2025-09-17 13:31:07.813943', 44.948892, -0.536677),
(650, 763, '10 ROUTE JEAN BLANC', '33210', 'TOULENNE', '2025-09-17 13:31:09.047471', 44.559143, -0.281976),
(651, 764, '21 COURS GAMBETTA', '33490', 'SAINT MACAIRE', '2025-09-17 13:31:10.337137', 44.564204, -0.233830),
(652, 765, '5 ROUTE DE BAIGNEAUX', '33760', 'TARGON', '2025-09-17 13:31:12.555697', 44.733850, -0.264640),
(653, 766, '12 RUE ANDRE CALDERON', '33210', 'LANGON', '2025-09-17 13:31:13.855946', 44.543344, -0.239305),
(654, 767, '', '', '', NULL, NULL, NULL),
(655, 768, '5 ZA DE LOMBARDON', '33460', 'MACAU', '2025-09-17 13:31:15.232493', 45.000325, -0.619352),
(656, 769, '1691 ROUTE DE BAZAS', '33430', 'GAJAC', '2025-09-17 13:31:17.449879', 44.437368, -0.132723),
(657, 814, '190 route de chez Mermier', '74370', 'Villaz', '2025-09-17 13:31:18.671547', 45.949822, 6.195059),
(658, 770, '190 route de chez Mermier', '74370', 'Villaz', '2025-09-17 13:31:19.837750', 45.949822, 6.195059),
(659, 771, '9 AV MERCURE', '33390', 'SAINT MARTIN LACAUSSADE', '2025-09-17 13:31:22.341299', 45.130164, -0.644887),
(660, 772, '', '', '', NULL, NULL, NULL),
(661, 773, '22 ROUTE DES GRANDS LACS', '40410', 'SAUGNACQ ET MURET', '2025-09-17 13:31:23.558312', 44.391876, -0.832467),
(662, 774, '80 RUE MOULIERE', '33560', 'SAINTE EULALIE', '2025-09-17 13:31:24.809820', 44.895139, -0.491773),
(663, 775, '', '', '', NULL, NULL, NULL),
(664, 776, '9 BIS ROUTE DE BALESTE', '40200', 'MIMIZAN', '2025-09-17 13:31:26.081336', 44.172439, -1.223038),
(665, 777, '1 RUE DES ECOLES', '40410', 'SAUGNACQ ET MURET', '2025-09-17 13:31:27.408688', 44.399733, -0.817181),
(666, 778, '166 BIS AV DES MARRONNIERS BAT M34', '33700', 'MERIGNAC', '2025-09-17 13:31:29.550010', 44.831305, -0.679448),
(667, 779, 'ZA FLORIMOND EST RD D137', '33390', 'BERSON', '2025-09-17 13:31:32.738394', 45.107235, -0.586790),
(668, 780, '11 AVENUE DE LA LIBERATION', '33490', 'SAINT PIERRE D AURILLAC', '2025-09-17 13:31:34.141393', 44.571866, -0.202192),
(669, 781, 'PLACE DU CHAMP DE FOIRE', '33420', 'RAUZAN', '2025-09-17 13:31:37.341639', 44.778935, -0.125139),
(670, 782, '', '', '', NULL, NULL, NULL),
(671, 783, '11 ROUTE DE BORDEAUX', '33210', 'LANGON', '2025-09-17 13:31:38.929897', 44.557206, -0.255119),
(672, 784, '18 route d asques', '82120', 'Lavit de lomagne', '2025-09-17 13:31:41.175666', 43.893148, 0.973024),
(673, 785, 'AILLAS LE VIEUX', '33690', 'SIGALENS', '2025-09-17 13:31:42.408327', 44.465736, -0.034371),
(674, 786, '5 RUE CHANTE ALOUETTE', '33440', 'AMBARES ET LAGRAVE', '2025-09-17 13:31:43.668597', 44.924847, -0.466999),
(675, 835, 'RUE DES MOULINS', '33190', 'LA REOLE', '2025-09-17 13:31:44.879018', 44.581683, -0.028200),
(676, 787, 'RUE DES MOULINS', '33190', 'LA REOLE', '2025-09-17 13:31:46.073478', 44.581683, -0.028200),
(677, 788, '801 ROUTE DES GRANDS VINS', '33720', 'CERONS', '2025-09-17 13:31:47.260859', 44.633131, -0.335070),
(678, 789, 'ZI 108 RUE DES TISSERANDS', '40600', 'BISCARROSSE', '2025-09-17 13:31:48.533127', 44.383786, -1.147720),
(679, 841, 'RN 113', '33490', 'SAINT MACAIRE', '2025-09-17 13:31:51.137930', 44.558896, -0.250883),
(680, 790, 'RN 113', '33490', 'SAINT MACAIRE', '2025-09-17 13:31:53.524599', 44.558896, -0.250883),
(681, 792, '6 SABLE ROUGE', '33730', 'PRECHAC', '2025-09-17 13:31:55.810258', 44.398755, -0.353173),
(682, 837, '5 RUE DE TESSONNEAU', '33620', 'SAINT MARIENS', '2025-09-17 13:31:56.999717', 45.114169, -0.388179),
(683, 793, '5 RUE DE TESSONNEAU', '33620', 'SAINT MARIENS', '2025-09-17 13:31:58.208509', 45.114169, -0.388179),
(684, 845, '49 C RUE JEANNE DE LESTONNAT', '33440', 'AMBARES ET LAGRAVE', '2025-09-17 13:31:59.552806', 44.950817, -0.503927),
(685, 794, '49 C RUE JEANNE DE LESTONNAT', '33440', 'AMBARES ET LAGRAVE', '2025-09-17 13:32:00.931529', 44.950817, -0.503927),
(686, 805, '2 RUE CASQUIT', '33490', 'SAINT MAIXANT', '2025-09-17 13:32:02.121646', 44.567071, -0.239801),
(687, 795, '2 RUE CASQUIT', '33490', 'SAINT MAIXANT', '2025-09-17 13:32:03.430232', 44.567071, -0.239801),
(688, 844, '4 RUE DES ECOLES', '40410', 'SAUGNACQ ET MURET', '2025-09-17 13:32:04.670909', 44.399733, -0.817181),
(689, 796, '4 RUE DES ECOLES', '40410', 'SAUGNACQ ET MURET', '2025-09-17 13:32:05.929121', 44.399733, -0.817181),
(690, 838, '148 AVENUE DE LA REPUBLIQUE', '40600', 'BISCARROSSE', '2025-09-17 13:32:07.163874', 44.399090, -1.165078),
(691, 797, '148 AVENUE DE LA REPUBLIQUE', '40600', 'BISCARROSSE', '2025-09-17 13:32:08.393414', 44.399090, -1.165078),
(692, 840, '350 RUE DES COMPAGNONS', '40600', 'BISCARROSSE', '2025-09-17 13:32:09.754451', 44.388003, -1.147687),
(693, 803, '350 RUE DES COMPAGNONS', '40600', 'BISCARROSSE', '2025-09-17 13:32:11.099280', 44.388003, -1.147687),
(694, 798, '350 RUE DES COMPAGNONS', '40600', 'BISCARROSSE', '2025-09-17 13:32:12.486689', 44.388003, -1.147687),
(695, 799, '3 CHEMIN LAFON', '33160', 'SAINT MEDARD EN JALLES', '2025-09-17 13:32:13.773482', 44.881678, -0.701108),
(696, 800, '23 ZA LA LAGUNE', '33450', 'MONTUSSAN', '2025-09-17 13:32:15.951910', 44.881656, -0.428607),
(697, 801, '2 RUE DES ARCHERS', '33450', 'SAINT SULPICE ET CAMEYRAC', '2025-09-17 13:32:17.148309', 44.914372, -0.388101),
(698, 802, '2 IMPASSE COURGEYRE D\'ARGON', '40410', 'SAUGNACQ ET MURET', '2025-09-17 13:32:18.323474', 44.400923, -0.815100),
(699, 804, '7 RUE DES MOULINS', '33190', 'LA REOLE', '2025-09-17 13:32:19.577636', 44.581683, -0.028200),
(700, 806, '5 ZA CHATEAU SEC', '33710', 'PUGNAC', '2025-09-17 13:32:20.847930', 45.074975, -0.500658),
(701, 807, '36 AV HENRIETTE MERCIER', '33430', 'BAZAS', '2025-09-17 13:32:22.056878', 44.421019, -0.214831),
(702, 842, '3232 GRANDE ROUTE', '33430', 'BERNOS BEAULAC', '2025-09-17 13:32:23.266518', 44.390539, -0.237776),
(703, 808, '3232 GRANDE ROUTE', '33430', 'BERNOS BEAULAC', '2025-09-17 13:32:24.483435', 44.390539, -0.237776),
(704, 809, '25 AV DE LA REPUBLIQUE', '33450', 'SAINT LOUBES', '2025-09-17 13:32:25.764990', 44.917520, -0.430896),
(705, 810, 'ZA LA PALU BAT 2', '33240', 'CUBZAC LES PONTS', '2025-09-17 13:32:29.408030', 44.971119, -0.454723),
(706, 831, '425 ROUTE DE LASSALLE', '33210', 'PUJOLS SUR CIRON', '2025-09-17 13:32:30.704210', 44.561645, -0.363984),
(707, 811, '425 ROUTE DE LASSALLE', '33210', 'PUJOLS SUR CIRON', '2025-09-17 13:32:32.123535', 44.561645, -0.363984),
(708, 812, '10 RUE DU PINEY', '33240', 'VIRSAC', '2025-09-17 13:32:34.354001', 45.025531, -0.435276),
(709, 833, '113 AV G. POMPIDOU', '33500', 'LIBOURNE', '2025-09-17 13:32:36.514312', 44.917983, -0.223522),
(710, 813, '113 AV G. POMPIDOU', '33500', 'LIBOURNE', '2025-09-17 13:32:38.712060', 44.917983, -0.223522),
(711, 815, '81 AVENUE FRANCOIS MITTERRAND', '47200', 'MARMANDE', '2025-09-17 13:32:40.206140', 44.513992, 0.130776),
(712, 817, 'ZONE INDUSTRIELLE', '33210', 'LANGON', '2025-09-17 13:32:41.561568', 44.642290, -0.318056),
(713, 818, 'ZI DE DUMES', '33210', 'LANGON', '2025-09-17 13:32:45.116349', 44.543123, -0.242698),
(714, 819, '40 RUE DES ARTISANS', '33450', 'SAINT SULPICE ET CAMEYRAC', '2025-09-17 13:32:46.366773', 44.914757, -0.403383),
(715, 820, '5 RUE DU 19 MARS 1962', '33760', 'TARGON', NULL, 44.742827, -0.257294),
(716, 821, '35 ROUTE DE BAIGNEAUX', '33760', 'TARGON', '2025-09-17 13:32:50.849283', 44.733850, -0.264640),
(717, 832, '1 CLIDAT', '33420', 'RAUZAN', '2025-09-17 13:32:52.083423', 44.795234, -0.143774),
(718, 822, '1 CLIDAT', '33420', 'RAUZAN', '2025-09-17 13:32:53.328996', 44.795234, -0.143774),
(719, 823, '117 IMPASSE DU SPEEDWAY', '33190', 'LAMOTHE LANDERRON', '2025-09-17 13:32:54.573443', 44.554910, 0.064693),
(720, 824, '9 AVENUE GEORGES CLEMENCEAU', '33440', 'AMBARES ET LAGRAVE', '2025-09-17 13:32:56.751931', 44.960831, -0.500285),
(721, 826, '', '', '', NULL, NULL, NULL),
(722, 827, '10 ROUTE DE BORDEAUX', '33550', 'LE TOURNE', '2025-09-17 13:32:58.070050', 44.711226, -0.406554),
(723, 828, 'LIEU DIT FONTAINE', '33720', 'ILLATS', '2025-09-17 13:33:01.224392', 44.599925, -0.386683),
(724, 829, '2582 ROUTE DE MALAGAR', '33880', 'BAURECH', '2025-09-17 13:33:02.452248', 44.727063, -0.453029),
(725, 830, '2 AVENUE HAUSSMANN', '33390', 'BLAYE', '2025-09-17 13:33:03.761785', 45.131233, -0.654640);

-- --------------------------------------------------------

--
-- Table structure for table `auth_group`
--

DROP TABLE IF EXISTS `auth_group`;
CREATE TABLE `auth_group` (
  `id` int NOT NULL,
  `name` varchar(150) NOT NULL
) ENGINE=InnoDB DEFAULT CHARSET=utf8mb4 COLLATE=utf8mb4_0900_ai_ci;

--
-- Dumping data for table `auth_group`
--

INSERT INTO `auth_group` (`id`, `name`) VALUES
(1, 'responsable');

-- --------------------------------------------------------

--
-- Table structure for table `auth_group_permissions`
--

DROP TABLE IF EXISTS `auth_group_permissions`;
CREATE TABLE `auth_group_permissions` (
  `id` bigint NOT NULL,
  `group_id` int NOT NULL,
  `permission_id` int NOT NULL
) ENGINE=InnoDB DEFAULT CHARSET=utf8mb4 COLLATE=utf8mb4_0900_ai_ci;

-- --------------------------------------------------------

--
-- Table structure for table `auth_permission`
--

DROP TABLE IF EXISTS `auth_permission`;
CREATE TABLE `auth_permission` (
  `id` int NOT NULL,
  `name` varchar(255) NOT NULL,
  `content_type_id` int NOT NULL,
  `codename` varchar(100) NOT NULL
) ENGINE=InnoDB DEFAULT CHARSET=utf8mb4 COLLATE=utf8mb4_0900_ai_ci;

--
-- Dumping data for table `auth_permission`
--

INSERT INTO `auth_permission` (`id`, `name`, `content_type_id`, `codename`) VALUES
(1, 'Can add log entry', 1, 'add_logentry'),
(2, 'Can change log entry', 1, 'change_logentry'),
(3, 'Can delete log entry', 1, 'delete_logentry'),
(4, 'Can view log entry', 1, 'view_logentry'),
(5, 'Can add permission', 2, 'add_permission'),
(6, 'Can change permission', 2, 'change_permission'),
(7, 'Can delete permission', 2, 'delete_permission'),
(8, 'Can view permission', 2, 'view_permission'),
(9, 'Can add group', 3, 'add_group'),
(10, 'Can change group', 3, 'change_group'),
(11, 'Can delete group', 3, 'delete_group'),
(12, 'Can view group', 3, 'view_group'),
(13, 'Can add user', 4, 'add_user'),
(14, 'Can change user', 4, 'change_user'),
(15, 'Can delete user', 4, 'delete_user'),
(16, 'Can view user', 4, 'view_user'),
(17, 'Can add content type', 5, 'add_contenttype'),
(18, 'Can change content type', 5, 'change_contenttype'),
(19, 'Can delete content type', 5, 'delete_contenttype'),
(20, 'Can view content type', 5, 'view_contenttype'),
(21, 'Can add session', 6, 'add_session'),
(22, 'Can change session', 6, 'change_session'),
(23, 'Can delete session', 6, 'delete_session'),
(24, 'Can view session', 6, 'view_session'),
(25, 'Can add commercial', 7, 'add_commercial'),
(26, 'Can change commercial', 7, 'change_commercial'),
(27, 'Can delete commercial', 7, 'delete_commercial'),
(28, 'Can view commercial', 7, 'view_commercial'),
(29, 'Can add client', 8, 'add_client'),
(30, 'Can change client', 8, 'change_client'),
(31, 'Can delete client', 8, 'delete_client'),
(32, 'Can view client', 8, 'view_client'),
(33, 'Can add rendezvous', 9, 'add_rendezvous'),
(34, 'Can change rendezvous', 9, 'change_rendezvous'),
(35, 'Can delete rendezvous', 9, 'delete_rendezvous'),
(36, 'Can view rendezvous', 9, 'view_rendezvous'),
(37, 'Can add commentaire rdv', 10, 'add_commentairerdv'),
(38, 'Can change commentaire rdv', 10, 'change_commentairerdv'),
(39, 'Can delete commentaire rdv', 10, 'delete_commentairerdv'),
(40, 'Can view commentaire rdv', 10, 'view_commentairerdv'),
(41, 'Can add import client corrected', 11, 'add_importclientcorrected'),
(42, 'Can change import client corrected', 11, 'change_importclientcorrected'),
(43, 'Can delete import client corrected', 11, 'delete_importclientcorrected'),
(44, 'Can view import client corrected', 11, 'view_importclientcorrected'),
(45, 'Can add satisfaction b2b', 12, 'add_satisfactionb2b'),
(46, 'Can change satisfaction b2b', 12, 'change_satisfactionb2b'),
(47, 'Can delete satisfaction b2b', 12, 'delete_satisfactionb2b'),
(48, 'Can view satisfaction b2b', 12, 'view_satisfactionb2b'),
(49, 'Can add front client', 13, 'add_frontclient'),
(50, 'Can change front client', 13, 'change_frontclient'),
(51, 'Can delete front client', 13, 'delete_frontclient'),
(52, 'Can view front client', 13, 'view_frontclient'),
(53, 'Can add activity log', 14, 'add_activitylog'),
(54, 'Can change activity log', 14, 'change_activitylog'),
(55, 'Can delete activity log', 14, 'delete_activitylog'),
(56, 'Can view activity log', 14, 'view_activitylog'),
(57, 'Can add adresse', 15, 'add_adresse'),
(58, 'Can change adresse', 15, 'change_adresse'),
(59, 'Can delete adresse', 15, 'delete_adresse'),
(60, 'Can view adresse', 15, 'view_adresse'),
(61, 'Can add Statistique de visite client', 16, 'add_clientvisitstats'),
(62, 'Can change Statistique de visite client', 16, 'change_clientvisitstats'),
(63, 'Can delete Statistique de visite client', 16, 'delete_clientvisitstats'),
(64, 'Can view Statistique de visite client', 16, 'view_clientvisitstats');

-- --------------------------------------------------------

--
-- Table structure for table `auth_user`
--

DROP TABLE IF EXISTS `auth_user`;
CREATE TABLE `auth_user` (
  `id` int NOT NULL,
  `password` varchar(128) NOT NULL,
  `last_login` datetime(6) DEFAULT NULL,
  `is_superuser` tinyint(1) NOT NULL,
  `username` varchar(150) NOT NULL,
  `first_name` varchar(150) NOT NULL,
  `last_name` varchar(150) NOT NULL,
  `email` varchar(254) NOT NULL,
  `is_staff` tinyint(1) NOT NULL,
  `is_active` tinyint(1) NOT NULL,
  `date_joined` datetime(6) NOT NULL
) ENGINE=InnoDB DEFAULT CHARSET=utf8mb4 COLLATE=utf8mb4_0900_ai_ci;

--
-- Dumping data for table `auth_user`
--

INSERT INTO `auth_user` (`id`, `password`, `last_login`, `is_superuser`, `username`, `first_name`, `last_name`, `email`, `is_staff`, `is_active`, `date_joined`) VALUES
(1, 'pbkdf2_sha256$1000000$IwDw76aRXKgnDH5RIYlv4v$P5FiNjrOh6uA1JNg+eLx612YW6XKUAHaO1s6eotvvDw=', '2025-09-18 07:17:10.047812', 1, 'bgillens', '', '', 'bgillens@rubio.fr', 1, 1, '2025-05-16 13:23:14.250383'),
(3, 'pbkdf2_sha256$1000000$9TvPv2iCyylADT4E61ZJgM$yrppcv9AY4bv3YOclk53R0fXhcPw/t0K8dOj10uhqqs=', NULL, 1, 'mariedurant', '', '', 'mariedurant@test.com', 1, 1, '2025-05-21 09:41:52.000000'),
(4, 'pbkdf2_sha256$1000000$CItL3fbQCvPEErXvVRty8M$01nKQR+OFv3tgAjacVDv3OtzepxwJGYn09u472z7Tf4=', '2025-09-17 14:23:10.394231', 1, 'ADMIN', 'AD', 'MIN', 'bznjamin.gillens@gmail.com', 1, 1, '2025-07-16 14:19:31.000000');

-- --------------------------------------------------------

--
-- Table structure for table `auth_user_groups`
--

DROP TABLE IF EXISTS `auth_user_groups`;
CREATE TABLE `auth_user_groups` (
  `id` bigint NOT NULL,
  `user_id` int NOT NULL,
  `group_id` int NOT NULL
) ENGINE=InnoDB DEFAULT CHARSET=utf8mb4 COLLATE=utf8mb4_0900_ai_ci;

--
-- Dumping data for table `auth_user_groups`
--

INSERT INTO `auth_user_groups` (`id`, `user_id`, `group_id`) VALUES
(1, 4, 1);

-- --------------------------------------------------------

--
-- Table structure for table `auth_user_user_permissions`
--

DROP TABLE IF EXISTS `auth_user_user_permissions`;
CREATE TABLE `auth_user_user_permissions` (
  `id` bigint NOT NULL,
  `user_id` int NOT NULL,
  `permission_id` int NOT NULL
) ENGINE=InnoDB DEFAULT CHARSET=utf8mb4 COLLATE=utf8mb4_0900_ai_ci;

-- --------------------------------------------------------

--
-- Table structure for table `django_admin_log`
--

DROP TABLE IF EXISTS `django_admin_log`;
CREATE TABLE `django_admin_log` (
  `id` int NOT NULL,
  `action_time` datetime(6) NOT NULL,
  `object_id` longtext,
  `object_repr` varchar(200) NOT NULL,
  `action_flag` smallint UNSIGNED NOT NULL,
  `change_message` longtext NOT NULL,
  `content_type_id` int DEFAULT NULL,
  `user_id` int NOT NULL
) ;

--
-- Dumping data for table `django_admin_log`
--

INSERT INTO `django_admin_log` (`id`, `action_time`, `object_id`, `object_repr`, `action_flag`, `change_message`, `content_type_id`, `user_id`) VALUES
(1, '2025-05-16 13:25:49.585197', '1', 'marie durand', 1, '[{\"added\": {}}]', 7, 1),
(2, '2025-05-21 14:29:21.682783', '3', 'mariedurant', 2, '[{\"changed\": {\"fields\": [\"Email address\"]}}]', 4, 1),
(3, '2025-05-26 13:21:30.558196', '2', 'N/A N/A', 2, '[]', 7, 1),
(4, '2025-05-26 13:21:33.350898', '2', 'N/A N/A', 2, '[]', 7, 1),
(5, '2025-05-26 13:21:37.416013', '1', 'marie durand', 2, '[]', 7, 1),
(6, '2025-05-26 13:23:57.023404', '2', 'N/A N/A', 2, '[{\"changed\": {\"fields\": [\"Password\"]}}]', 7, 1),
(7, '2025-05-26 13:24:01.472749', '2', 'N/A N/A', 2, '[]', 7, 1),
(8, '2025-05-26 13:24:17.720283', '2', 'N/A N/A', 3, '', 7, 1),
(9, '2025-05-26 13:24:54.623037', '3', 'N/A N/A', 1, '[{\"added\": {}}]', 7, 1),
(10, '2025-05-26 13:24:57.600496', '3', 'N/A N/A', 2, '[]', 7, 1),
(11, '2025-05-26 13:25:35.147942', '3', 'N/A N/A', 2, '[]', 7, 1),
(12, '2025-05-26 13:30:42.358005', '3', 'N/A N/A', 2, '[]', 7, 1),
(13, '2025-05-26 13:30:46.095720', '3', 'N/A N/A', 2, '[]', 7, 1),
(14, '2025-05-26 13:30:53.466004', '1', 'marie durand', 2, '[]', 7, 1),
(15, '2025-05-26 13:30:57.671814', '3', 'N/A N/A', 2, '[]', 7, 1),
(16, '2025-05-26 13:31:17.347146', '3', 'N/A N/A', 3, '', 7, 1),
(17, '2025-05-26 13:31:37.164567', '4', 'N/A N/A', 1, '[{\"added\": {}}]', 7, 1),
(18, '2025-05-26 13:31:41.089063', '4', 'N/A N/A', 2, '[]', 7, 1),
(19, '2025-09-17 14:37:14.354238', '4', 'Avenue de l\'université, 64000 PAU UNIVERSITE CEDEX', 2, '[{\"changed\": {\"fields\": [\"Adresse\", \"Code postal\"]}}]', 15, 1),
(20, '2025-09-17 14:38:56.906058', '83', 'Avenue de la Gare, 64800 COARRAZE', 2, '[{\"changed\": {\"fields\": [\"Adresse\"]}}]', 15, 1),
(21, '2025-09-17 14:54:09.593562', '248', '1 ZAC CANAL DES MOULINS, 64510 NARCASTET', 2, '[{\"changed\": {\"fields\": [\"Latitude\", \"Longitude\"]}}]', 15, 1),
(22, '2025-09-17 15:04:12.514324', '301', 'CHEMIN DE TERREFORT, 33140 VILLENAVE D\'ORNON CEDEX', 2, '[{\"changed\": {\"fields\": [\"Adresse\", \"Code postal\"]}}]', 15, 1),
(23, '2025-09-17 15:05:20.826001', '419', '18 AVENUE DE BORDEAUX, 33680 LACANAU VILLE', 2, '[{\"changed\": {\"fields\": [\"Adresse\"]}}]', 15, 1),
(24, '2025-09-17 15:09:11.222667', '558', '26 Place Du By, 69440 Saint-Laurent-Dagny', 2, '[{\"changed\": {\"fields\": [\"Ville\", \"Latitude\", \"Longitude\"]}}]', 15, 1),
(25, '2025-09-17 15:10:37.237660', '597', '11 RUE DES GAMINS, 33088 BORDEAUX CEDEX', 2, '[{\"changed\": {\"fields\": [\"Latitude\", \"Longitude\"]}}]', 15, 1),
(26, '2025-09-17 15:12:30.563012', '715', '5 RUE DU 19 MARS 1962, 33760 TARGON', 2, '[{\"changed\": {\"fields\": [\"Adresse\", \"Ville\", \"Latitude\", \"Longitude\"]}}]', 15, 1),
(27, '2025-09-17 15:14:39.293332', '148', 'QUARTIER MONPLAISIR, 64260 GERE BELESTEIN', 2, '[{\"changed\": {\"fields\": [\"Latitude\", \"Longitude\"]}}]', 15, 1),
(28, '2025-09-17 15:15:56.371895', '261', 'MIFAGET, 64800 NAY-BOURDETTES', 2, '[{\"changed\": {\"fields\": [\"Latitude\", \"Longitude\"]}}]', 15, 1),
(29, '2025-09-17 15:21:03.874268', '4', 'Avenue de l\'université, 64000 PAU UNIVERSITE CEDEX', 2, '[{\"changed\": {\"fields\": [\"Latitude\", \"Longitude\"]}}]', 15, 1),
(30, '2025-09-17 15:23:10.146263', '83', 'Avenue de la Gare, 64800 COARRAZE', 2, '[{\"changed\": {\"fields\": [\"Latitude\", \"Longitude\"]}}]', 15, 1),
(31, '2025-09-17 15:25:24.021232', '301', 'CHEMIN DE TERREFORT, 33140 VILLENAVE D\'ORNON CEDEX', 2, '[{\"changed\": {\"fields\": [\"Latitude\", \"Longitude\"]}}]', 15, 1),
(32, '2025-09-17 15:27:08.177776', '419', '18 AVENUE DE BORDEAUX, 33680 LACANAU VILLE', 2, '[{\"changed\": {\"fields\": [\"Latitude\", \"Longitude\"]}}]', 15, 1),
(33, '2025-09-18 07:27:43.448001', '1', 'Nelson Commercial 2', 2, '[{\"changed\": {\"fields\": [\"Password\"]}}]', 7, 1);

-- --------------------------------------------------------

--
-- Table structure for table `django_content_type`
--

DROP TABLE IF EXISTS `django_content_type`;
CREATE TABLE `django_content_type` (
  `id` int NOT NULL,
  `app_label` varchar(100) NOT NULL,
  `model` varchar(100) NOT NULL
) ENGINE=InnoDB DEFAULT CHARSET=utf8mb4 COLLATE=utf8mb4_0900_ai_ci;

--
-- Dumping data for table `django_content_type`
--

INSERT INTO `django_content_type` (`id`, `app_label`, `model`) VALUES
(1, 'admin', 'logentry'),
(3, 'auth', 'group'),
(2, 'auth', 'permission'),
(4, 'auth', 'user'),
(5, 'contenttypes', 'contenttype'),
(14, 'front', 'activitylog'),
(15, 'front', 'adresse'),
(8, 'front', 'client'),
(16, 'front', 'clientvisitstats'),
(10, 'front', 'commentairerdv'),
(7, 'front', 'commercial'),
(13, 'front', 'frontclient'),
(11, 'front', 'importclientcorrected'),
(9, 'front', 'rendezvous'),
(12, 'front', 'satisfactionb2b'),
(6, 'sessions', 'session');

-- --------------------------------------------------------

--
-- Table structure for table `django_migrations`
--

DROP TABLE IF EXISTS `django_migrations`;
CREATE TABLE `django_migrations` (
  `id` bigint NOT NULL,
  `app` varchar(255) NOT NULL,
  `name` varchar(255) NOT NULL,
  `applied` datetime(6) NOT NULL
) ENGINE=InnoDB DEFAULT CHARSET=utf8mb4 COLLATE=utf8mb4_0900_ai_ci;

--
-- Dumping data for table `django_migrations`
--

INSERT INTO `django_migrations` (`id`, `app`, `name`, `applied`) VALUES
(3, 'front', '0001_initial', '2025-07-08 13:18:50.582470'),
(4, 'contenttypes', '0001_initial', '2025-07-08 13:27:12.819925'),
(5, 'auth', '0001_initial', '2025-07-08 13:27:12.834609'),
(6, 'admin', '0001_initial', '2025-07-08 13:27:12.892540'),
(7, 'admin', '0002_logentry_remove_auto_add', '2025-07-08 13:27:12.902758'),
(8, 'admin', '0003_logentry_add_action_flag_choices', '2025-07-08 13:27:12.910491'),
(9, 'contenttypes', '0002_remove_content_type_name', '2025-07-08 13:27:13.015254'),
(10, 'auth', '0002_alter_permission_name_max_length', '2025-07-08 13:27:13.038612'),
(11, 'auth', '0003_alter_user_email_max_length', '2025-07-08 13:27:13.076273'),
(12, 'auth', '0004_alter_user_username_opts', '2025-07-08 13:27:13.085668'),
(13, 'auth', '0005_alter_user_last_login_null', '2025-07-08 13:27:13.117523'),
(14, 'auth', '0006_require_contenttypes_0002', '2025-07-08 13:27:13.120226'),
(15, 'auth', '0007_alter_validators_add_error_messages', '2025-07-08 13:27:13.129057'),
(16, 'auth', '0008_alter_user_username_max_length', '2025-07-08 13:27:13.159670'),
(17, 'auth', '0009_alter_user_last_name_max_length', '2025-07-08 13:27:13.191342'),
(18, 'auth', '0010_alter_group_name_max_length', '2025-07-08 13:27:13.214243'),
(19, 'auth', '0011_update_proxy_permissions', '2025-07-08 13:27:13.224522'),
(20, 'auth', '0012_alter_user_first_name_max_length', '2025-07-08 13:27:13.251052'),
(21, 'sessions', '0001_initial', '2025-07-08 13:27:13.256379'),
(22, 'front', '0002_alter_frontclient_telephone', '2025-07-08 13:42:56.372404'),
(23, 'front', '0003_frontclient_commercial', '2025-07-08 14:01:47.628170'),
(24, 'front', '0004_importclientcorrected_en_compte_and_more', '2025-07-09 08:37:41.983606'),
(25, 'front', '0005_satisfactionb2b_uuid', '2025-07-09 09:51:59.948951'),
(26, 'front', '0006_alter_satisfactionb2b_uuid', '2025-07-09 12:01:19.898823'),
(27, 'front', '0007_satisfactionb2b_moyenne', '2025-07-15 08:15:55.466001'),
(28, 'front', '0008_satisfactionb2b_score_hybride', '2025-07-17 08:07:30.237442'),
(29, 'front', '0009_adresse_geocode_date_adresse_latitude_and_more', '2025-07-17 14:53:22.223548'),
(30, 'front', '0010_commercial_is_absent_alter_rendezvous_statut_rdv', '2025-07-22 07:28:24.365389'),
(31, 'front', '0011_add_client_visit_stats', '2025-08-28 12:41:46.906177'),
(32, 'front', '0012_drop_legacy_import_tables', '2025-09-15 12:14:33.539847'),
(33, 'front', '0013_drop_front_client_backup_table', '2025-09-15 12:21:02.591764'),
(34, 'front', '0014_force_drop_front_client_backup', '2025-09-15 12:32:16.415188'),
(35, 'front', '0015_alter_importclientcorrected_options_and_more', '2025-09-15 15:41:23.967713');

-- --------------------------------------------------------

--
-- Table structure for table `django_session`
--

DROP TABLE IF EXISTS `django_session`;
CREATE TABLE `django_session` (
  `session_key` varchar(40) NOT NULL,
  `session_data` longtext NOT NULL,
  `expire_date` datetime(6) NOT NULL
) ENGINE=InnoDB DEFAULT CHARSET=utf8mb4 COLLATE=utf8mb4_0900_ai_ci;

--
-- Dumping data for table `django_session`
--

INSERT INTO `django_session` (`session_key`, `session_data`, `expire_date`) VALUES
('0b1x9z9c4iavp910jcedgkbq8c7kt6le', '.eJyrVkrOz81NLUrOTMyJz0xRsjLRQRbJy89VslJyhgsoGCrpKBXl56QCRRHKgGI5icUl8YnJJZllmSWVQEkjAyNTXQNLXQPDEAMLKwNzKxMTPWNjYxNzS20DAysDA6VaAOHcJZk:1uszZo:44t5KJX4xDHrgqPt9yYl18tJvJ69D8ZfvG-VkDD7M4w', '2025-09-01 08:37:44.339522'),
('1fwgulwsl1gbl4fblx56o9muznl95gcx', '.eJxVjEEOwiAQRe_C2hAYCoJL956BzAyjVA1NSrsy3l2bdKHb_977L5VxXWpeu8x5LOqkrDr8boT8kLaBcsd2mzRPbZlH0puid9r1ZSryPO_u30HFXr81A_KQcKAiwRsR7wODZe8gJGIj7ioRjxANWecEIhiMKREZHyi45NX7A-85N5k:1uyu3o:gelUl1HH0EDnSZXCtE7xQUYbusID2xaFKSm0OCv49vU', '2025-09-17 15:57:08.250195'),
('1s7fjdax57x034jzy13u1uwi9ywvuuhr', '.eJxNyjkKgDAURdGtyG8deJkKf-sW7CVEi0BiQIMg4t5Npbbn3otcinHZnLdh8jOxbv6ypkhMwwuVoIa2FJai31Ys2D1P1mV_-HyWKCFNi76FHIVmBTa6M1JB6RpggO4H4QoliA:1utS2A:HBKNDkaHDcRnG0weV7iPCK3oV2XZYBumtK8pZHTQmhg', '2025-09-02 15:00:54.541736'),
('1syiroobknghork923ube6v746dqswmu', '.eJyrVkrOz81NLUrOTMyJz0xRsjLVQRbJy89VslIqSi0uyM8rTkzKSTVU0lEqys9JRRVVqgUAraUZtA:1uqsMO:j4aR-wzMXl4w4KmvHt3j2hS1ieg2RlkD0R1d5cXi8nE', '2025-09-09 12:01:08.112177'),
('4bf3qcalo1v06vp6umhupirc5rhye9p7', '.eJyrVkrOz81NLUrOTMyJz0xRsjLRQRbJy89VslJyhgsoGCrpKBXl56QCRRHKgGI5icUl8YnJJZllmSWVQEkjAyNTXQNLXUPTEANzK0MTK0MLPUNTCzMjI20DAysDA6VaAOILJZc:1uy3Pm:oI_S_FzLv9oXEjO7tDlIABjDGDoWbs6PW7zE5Mevjko', '2025-09-15 07:44:18.169720'),
('4gn3d6ruloiump15eoozuppwd6vgo1tc', '.eJyrVkrOz81NLUrOTMyJz0xRsjLRQRbJy89VslJyhgsoGCrpKBXl56QCRRHKgGI5icUl8YnJJZllmSWVQEkjAyNTXQNLXQPTEENTKyNjK0MzPQMjYwMLM20DAysDA6VaAOFqJY4:1uuYHU:btAdpXr54ckaIwPHOX-3KkMLmdPwyxEbSz-CfBpHZAY', '2025-09-05 15:53:16.036263'),
('4hpq7fj6w8cemasid51jimlz429x4v99', '.eJyrVkrOz81NLUrOTMyJz0xRsjLUQRbJy89VslJyhgsoGCnpKBXl56QCRRHKgGI5icUl8YnJJZllmSWVQEkjAyNTXQNLXUOLEENjK0NDK2NTPXMjQ3MTY20DAysDA6VaAODeJZE:1uzEQB:sJko6f6bZsPPxWJuimSwQ6XsXzfJdM4ZFf6UVe6T960', '2025-09-18 13:41:35.729545'),
('4toqz847ijerbk6n4w06z64zu2velgzl', '.eJyrVkrOz81NLUrOTMyJz0xRsjLRQRbJy89VslJyhgsoGCrpKBXl56QCRRHKgGI5icUl8YnJJZllmSWVQEkjAyNTXQNLXUPTEEMjK1MzKyMLPRNzU1NzU20DAysDA6VaAOKdJaM:1uy8ku:Mzm5ODiQ0doh98HXnG8YM-bw1XOApVfV8ShTv0pJ46M', '2025-09-15 13:26:28.779883'),
('4wijumryeiw1e2799affqqwmuih3bxd3', '.eJyrVkrOz81NLUrOTMyJz0xRsjLRQRbJy89VslJyhgsoGCrpKBXl56QCRRHKlGoBhEAYrw:1ue8dy:repAs0fwFTT2FoNfMLvyK3_mWAN-j7HeP7MjxQ56ISI', '2025-08-05 08:46:38.169560'),
('58davpvw0kut4guz3e3agrk53voau20r', '.eJyrVkrOz81NLUrOTMyJz0xRsjLRQRbJy89VslJyhgsoGCrpKBXl56QCRRHKgGI5icUl8YnJJZllmSWVQEkjAyNTXQNLXQPDEENjK1MjK2NDPRNLY1MzE20DAysDA6VaAOF5JZM:1ut4xT:Awv7vUyMMZrJMTxj65_QEBmC-D-sz0qCWV-qpoGkSho', '2025-09-01 14:22:31.496237'),
('5wdhy4jkk8ta377099cixeula60omvob', '.eJyrVkrOz81NLUrOTMyJz0xRsjLRQRbJy89VslJyhgsoGCrpKBXl56QCRRHKlGoBhEAYrw:1uTzxc:GT2uGiXWQpiJaiTAONarlLp5AILdNajZjb7T_a7ho2I', '2025-07-08 09:29:00.434933'),
('6usjl6kpup2ti2m8jzq93hfvovbp95fa', '.eJyrVkrOz81NLUrOTMyJz0xRsjLRQRbJy89VslJyhgsoGCrpKBXl56QCRRHKgGI5icUl8YnJJZllmSWVQEkjAyNTXQMLXSPLEENjK2NzK1MDPQMDMwtLc20DAysDA6VaAOJzJZ8:1urzIc:FuReIdxqfpdN1kmkfO4vRl5e-fElzbT901ycRqIuvp4', '2025-08-29 14:07:50.009943'),
('7jpe7sqt9xenba75jlvoaueo5zbs11re', '.eJxNyjsKgDAQRdGtyLR-eBkVdFq3YC8hWgQSAxoEEfduKrU9915kgvfLZqx2k51JmuIva_AkNLyQKSpoC25J-m3JnN7jpE20h41nigxuS_QleEQnqhNwxai5Rw4IQPcD4TAliQ:1utMDK:ny2t6jQFkcJWVwgzv7FOwxbyNE2HlkWRxTZSnJL0r5k', '2025-09-02 08:48:02.817961'),
('85coijs2cpq4klhdk01m12zwvzopwtnf', '.eJyrVkrOz81NLUrOTMyJz0xRsjLRQRbJy89VslJyhgsoGCrpKBXl56QCRRHKgGI5icUl8YnJJZllmSWVQEkjAyNTXQNLXQPjEANLKxNzKyNjPQMTQzMjc20DAysDA6VaAOHfJZQ:1utk5L:-gtZ3VVckyA_IpYl8_pagrDXyVujjondB-fqlSJE2Zo', '2025-09-03 10:17:23.055446'),
('8kxv27f8jikvc3ovxll2ses0qnvh5c6p', '.eJyrVkrOz81NLUrOTMyJz0xRsjLRQRbJy89VslJyhgsoGCrpKBXl56QCRRHKgGI5icUl8YnJJZllmSWVQEkjAyNTXQNLXQOTEEMzKwMDK2MDPRMLUwtDS20gx8BAqRYA4ZMllQ:1uuCNy:LGrEOq5w5oZfmhPWVJuChGBSw_4SuM0WSw7vAYMNkDw', '2025-09-04 16:30:30.494961'),
('a1axpjzikq944tmcwnl90uq1f0iskfvq', '.eJxNzMEKwjAQhOFXkb3ayiSmaPbqK3gPIc0hkDTQLIVSfHfjRb1-_zAHhVpKXEPy2aWZ2Az_stRCTI8vnBQNtNYcu_5m3bJv4nyQtCXZe9TQ0wg7YnrCsrkzzMXejLLXM8DA52bemluiSN1jI9bq9QbwNixJ:1uuT36:pn8o2qfPNk5YbLWEfOOuActXXsIbvhYlGJ3O07Z0c2Y', '2025-09-05 10:18:04.990161'),
('axxud80pgw84p023ykw2gnibcd13gwu4', '.eJxVyUsKgCAUQNG9vGkaT0ky19FczBwIfkIliGjvOSy4o3NvsDlGV6w3QfsdlCBfSTmCguLqkVM1W3AMCJQc3F87BlObNrb507erX45cUFwoEyvjqiemUcqZIxsQFSI8Lz85Jpg:1uy84k:LHAlpTqM5H3ZCj9S8GVWqgF6FGWgU2MGA3rMUFJLzXE', '2025-09-15 12:42:54.894853'),
('b2pcmbf162idil0k4hfxroldxeae23y3', '.eJxVyUEKgCAQAMC_7DWN1TJq39FdzDwImqESRPT3OtZ15gKbYnTZehO0X4EU-8qWIhBkV_a0FbMEJ4BBTsH99cVgStXGVn_4er4rUSqOE0cxC0VqJCFbHLph6htEQoT7AT9CJpw:1ut6v6:qejOgoCZi1xOG25hoFsBDRraddBxr4lC16pzvUBlEgw', '2025-09-01 16:28:12.070889'),
('bchz3mwg9cdd5w2o728idtde3izhf9zt', '.eJxVybEKgCAQANB_uTWLU3PwvqNdzBwEzVAJIvr3HGt97waXU_LFBRtN2IAU-8qeExAUX4-8V7tGz4FBydH_tWO0tRnrWjhDu_oKFGpEPaJcUJPkxPUklJjlPCASIjwvPykmlw:1utjpn:zpoqHweB_oQ9S-TnR8OfzKH0nYHwnIqgF4xHvtCJYEs', '2025-09-03 10:01:19.448840'),
('dq8telola4c4ji6q6xmc241ckn4k1rjc', '.eJyrVkrOz81NLUrOTMyJz0xRsjLRQRbJy89VslJyhgsoGCrpKBXl56QCRRHKgGI5icUl8YnJJZllmSWVQEkjAyNTXQNLXUOzEENTKwMDKyMjPTNDSwsjA20gx8BAqRYA4YIljw:1uyXAM:nSkCf-puOK17UBTdICf8CpaTB27hrjBiAMFCNk3nFSQ', '2025-09-16 15:30:22.625503'),
('dskk2kegm0m46zuqj8hiozce1708r009', '.eJyrVkrOz81NLUrOTMyJz0xRsjLRQRbJy89VslJyhgsoGCrpKBXl56QCRRHKgGI5icUl8YnJJZllmSWVQEkjAyNTXQNLXQPDEENTK0NDK2NTPRNDMxMLI20DAysDA6VaAOE1JY4:1ut6C1:4uYHtLgrWYm4t_ctR2DSAnbi8QsqoUnUoiWWk0aCS_8', '2025-09-01 15:41:37.621702'),
('e5fle4b0rwxog5va76lu8izj2by2hw7c', '.eJyrVkrOz81NLUrOTMyJz0xRsjLRQRbJy89VslJyhgsoGCrpKBXl56QCRRHKgGI5icUl8YnJJZllmSWVQEkjAyNTXQNLXSOjEANzK1NjK2NzPRMTY3NjS20DAysDA6VaAOJeJZ8:1v0bMf:7JNBqXzblwlBccM-803vazZTmGuMJEU9yYHUcLHrk38', '2025-09-22 08:23:37.456178'),
('i1nqun04a5wkib8mv5vbdyviq9qpym11', '.eJyrVkrOz81NLUrOTMyJz0xRsjLUQRbJy89VslJyhgsoGCnpKBXl56QCRRHKgGI5icUl8YnJJZllmSWVQEkjAyNTXQNLXUOLEANzK2NTKwMLPUtDM2MLA20DAysDA6VaAOG8JZ0:1uz9Aa:osgKEgOVSkZezj8Z8Ovt9WdSbyCMl7ldRuY988kHtX0', '2025-09-18 08:05:08.925453'),
('id5q5ekck2yr7otahfzkc91cpkgl0qdf', '.eJyrVkrOz81NLUrOTMyJz0xRsjLVQRbJy89VslIqSi0uyM8rTkzKSTVU0lEqys9JRRVVqgUAraUZtA:1udm8S:gnv4cYZ9KZq8VpvCd_0FXMfhhkq2am4wsEAyoooeJ5k', '2025-08-04 08:44:36.799778'),
('lr7u8lmeik35opbou9anj3pv4ulf8u6h', '.eJxNykEKgCAQQNGrxGzTGE0DZ9sV2oeYC0ETSoKI7p6ravv-v8DllPzmgo1zWIAU-8uaExCMLzQCGGw5-qrfVi3avczWlXCEctYoUWqOhmM_CU1qICU7hUYb2SISItwP4g8lmg:1utph4:imtF-WdFBiRSsriSPOkvpTcRNcmwymWa7O_WUcgSZ4c', '2025-09-03 16:16:42.420874'),
('m090k3qwml5opze2lhuaidm2zyniisax', '.eJyrVkrOz81NLUrOTMyJz0xRsjLRQRbJy89VslJyhgsoGCrpKBXl56QCRRHKlGoBhEAYrw:1unvdk:Wo_dtw9M2PQmcjSzAhkmGGxZo8SSSNXSgeMb7iV0mQg', '2025-09-01 08:54:52.467461'),
('nbqhg7u52cc4a11k57jnohyri5yqivb1', '.eJyrVkrOz81NLUrOTMyJz0xRsjLUQRbJy89VslJyhgsoGCnpKBXl56QCRRHKgGI5icUl8YnJJZllmSWVQEkjAyNTXQNLXUOLEEMTK0NjK1NzPSMTQ1MTS20DAysDA6VaAOFQJZk:1uzFOX:IOyNaYowMDZyAm2dGsQTcXxq4JPLUfrdpUSf2xBbSXw', '2025-09-18 14:43:57.250599'),
('q2qvyi386bs31shlyjd5842ozo07ww6w', '.eJxNzMEKwjAQhOFXkb3ayiRNDe7VV_AeQppDIGmgWQpFfHfjRb1-_zBPCrWUuIXks0sLsRn-Za2FmO5fOCkaaKs5dv3NumXfxPkgaU9y9Kih5xG3EeYBywY8XS-znqyyZ4CBz82yN7dGkXrERqzV6w3uMyw7:1uu4aC:biv3Ni2U_PiBTzQh5YoSBLWb8V3o54XkKARY8ua16ys', '2025-09-04 08:10:36.535626'),
('qrwkv3z0d14uwf355r685mdxyg6uyg06', '.eJxNzEEKgzAQheGrlNlWy2SsKZ2tV3AfQswikBgwgyDi3Y0b2-33P94OLqfkFxdsNGECfjf_MucEDMMNDwUNLDn6qr9ZtWiLGOskrEG2Ggmpb_HbYjfih4m4715aK1T6iciI1820FjN7kbz5AkzqOAHtWSw0:1uthpV:4Kcck5Tp5A0fo6Ft4HicPMD-8u1G24Wa9lDgeHCi4uo', '2025-09-03 07:52:53.673428'),
('qy04v1ixm7zsui2w709mj42733qyrrm7', '.eJyrVkrOz81NLUrOTMyJz0xRsjLRQRbJy89VslJyhgsoGCrpKBXl56QCRRHKgGI5icUl8YnJJZllmSWVQEkjAyNTXQNLXQPjEAMLK2NLKwMTPSNjYyMzE20DAysDA6VaAOHRJZM:1utj1E:Kpk59bSUVpQFqm4Ni3l99rW2JqOYkNJNDlo4Md1AXFI', '2025-09-03 09:09:04.244111'),
('sid188k7pjzgsyy7j51tfx55md6m9ccm', '.eJyrVkrOz81NLUrOTMyJz0xRsjLRQRbJy89VslJyhgsoGCrpKBXl56QCRRHKgGI5icUl8YnJJZllmSWVQEkjAyNTXQMLXSOLEENTK1NzK1MTPUsjS3NLI20DAysDA6VaAONyJa4:1urf0c:hN8FRYsdEKxaZaEz0Jo_iXqsmRKWNO4MSBIUCwFkuyo', '2025-08-28 16:27:54.934596'),
('u4dp9pnnuo15e38mliexuq4il9l0c7br', '.eJyrVkrOz81NLUrOTMyJz0xRsjLRQRbJy89VslJyhgsoGCrpKBXl56QCRRHKgGI5icUl8YnJJZllmSWVQEkjAyNTXQNLXQOTEANLK1NjKyNjPWNjS0tDM20DAysDA6VaAOJLJZ0:1uu6eh:hTHjCmzXRt5_UKZDmhpKRpEroY-G5mFz_VAm0XhutB0', '2025-09-04 10:23:23.400715'),
('uvjgnnggr2te91td8o674ejlw7lpa8ms', '.eJyrVkrOz81NLUrOTMyJz0xRsjLRQRbJy89VslJyhgsoGCrpKBXl56QCRRHKgGI5icUl8YnJJZllmSWVQEkjAyNTXQMLXSPLEENTK1NLK2NzPRNTU0tLS20DAysDA6VaAOPFJbU:1us1Vp:L7wYjRAGMB0f58XzR0hdmulOPlC7QOYxouEniswDqV8', '2025-08-29 16:29:37.459121'),
('w9bw4mjsuh3qgucnzrzayjsva2986tk2', '.eJxNyksKgCAURuGtxJ324DeU8E7bQnMRayBoQkkQ0d5zVE2_cy5yKcZlc94G42di2fxlTZGYxhcqQQ1tKSxFv61YsHs21mV_-HyW2KNXLXQLOQnFEKyGDlIPWtUAA3Q_4gclnQ:1uuBTJ:1IBGKj0oWcSlLcMaDwkBvofb3xtymegXLTGLLlhy89U', '2025-09-04 15:31:57.066199'),
('x5kt8kwnhiasg8xuxlox03nb14ozs0bj', '.eJxVyUsKgCAQANC7zLYPk2XSnKO9mLkQ_IRKENHdc1nb927Q0XuTtFVO2h2It18J0QNBMvmIIavNmQFaSNGZv1Z0KhepdLGnLVddhox3uHQDX1HQyIhNvcB5HnmDSIjwvD9xJpw:1uy3hI:rcvaaME0MsX698i7U0RhAMzSwwIXWnSRieCBS_v3zzA', '2025-09-15 08:02:24.713196'),
('xotibasxijieh43398spx0fi45e1syd5', '.eJxNzEEKwyAQheGrhNkmKePEkDrbXqF7EeNC0AhxCITQu9du2m6___Eu8CXnsPvoko0rsB7-ZSsZGB5f6BQMsJcUmv5mzZKrYp2XeEQ5WySkecT7SOaJhjUymduiJr1Qj8iIn5v1qHYLIuUMFZjU6w3vuyxE:1urvav:TBjlvHPg7yrpRpvgit-kVvlcxpR8tBz7S0CZ52X08j4', '2025-08-29 10:10:29.717037'),
('y0pukl9688qou05d7vfx368t76veshzb', '.eJxVzEEKwyAQQNG7zLZJmRhs65yjezFmFoI6xZFAKL17012zfR_-G6KUwi2mkH1agezwL1UKEDTWl1QNS-YJBmiS-awH5qDdh9jTlvp-VIPGjuhGNE980DzRjFdnb3eHF0RC_H3WTX3l3mVnBTKfLzJwLRM:1utMQM:hjawBwgdX3uZiHAgBX0rwjk2j25zJJDi8Pjip7NDPVE', '2025-09-02 09:01:30.963440'),
('z0v6kevp96ct7imo6likf4q3s38yuibd', '.eJyrVkrOz81NLUrOTMyJz0xRsjLRQRbJy89VslJyhgsoGCrpKBXl56QCRRHKgGI5icUl8YnJJZllmSWVQEkjAyNTXQNLXQOTEENjK2NLKwMDPQtjIyNLS20DAyBHqRYA4eYlmQ:1uuAB2:lzq43aXoKh99meQRQZS3ky_AoGiNZHkuXW4CrU1LXOs', '2025-09-04 14:09:00.845434');

-- --------------------------------------------------------

--
-- Table structure for table `front_activitylog`
--

DROP TABLE IF EXISTS `front_activitylog`;
CREATE TABLE `front_activitylog` (
  `id` bigint NOT NULL,
  `action_type` varchar(20) NOT NULL,
  `description` varchar(255) NOT NULL,
  `timestamp` datetime(6) NOT NULL,
  `commercial_id` bigint DEFAULT NULL
) ENGINE=InnoDB DEFAULT CHARSET=utf8mb4 COLLATE=utf8mb4_0900_ai_ci;

--
-- Dumping data for table `front_activitylog`
--

INSERT INTO `front_activitylog` (`id`, `action_type`, `description`, `timestamp`, `commercial_id`) VALUES
(227, 'RDV_AUTO_RETARD', 'RDV du 2025-09-17 08:00:00 - CVG automatiquement marqué comme en retard', '2025-09-18 07:24:19.988013', 1),
(228, 'RDV_AUTO_RETARD', 'RDV du 2025-09-17 08:35:00 - CENTRE AUTO LOUSTAUNAU automatiquement marqué comme en retard', '2025-09-18 07:24:19.998075', 1),
(229, 'RDV_AUTO_RETARD', 'RDV du 2025-09-17 09:10:00 - LACOSTE AUTOMOBILES automatiquement marqué comme en retard', '2025-09-18 07:24:20.009061', 1),
(230, 'RDV_AUTO_RETARD', 'RDV du 2025-09-17 09:45:00 - TORRES automatiquement marqué comme en retard', '2025-09-18 07:24:20.020265', 1),
(231, 'RDV_AUTO_RETARD', 'RDV du 2025-09-17 10:20:00 - AHCARS automatiquement marqué comme en retard', '2025-09-18 07:24:20.030424', 1),
(232, 'RDV_AUTO_RETARD', 'RDV du 2025-09-17 10:55:00 - TRADI CARS GARAGE automatiquement marqué comme en retard', '2025-09-18 07:24:20.041188', 1),
(233, 'RDV_AUTO_RETARD', 'RDV du 2025-09-17 11:30:00 - MARMANDAISE automatiquement marqué comme en retard', '2025-09-18 07:24:20.051610', 1),
(234, 'RDV_AUTO_RETARD', 'RDV du 2025-09-17 08:00:00 - AUTO 64 OCCASION YUKSEL TURAN automatiquement marqué comme en retard', '2025-09-18 07:24:20.065994', 4),
(235, 'RDV_AUTO_RETARD', 'RDV du 2025-09-17 08:35:00 - CAPPELLETO automatiquement marqué comme en retard', '2025-09-18 07:24:20.076894', 4),
(236, 'RDV_AUTO_RETARD', 'RDV du 2025-09-17 09:10:00 - STEPHANE RUBIO automatiquement marqué comme en retard', '2025-09-18 07:24:20.086880', 4),
(237, 'RDV_AUTO_RETARD', 'RDV du 2025-09-17 09:45:00 - PROVENCE automatiquement marqué comme en retard', '2025-09-18 07:24:20.097379', 4),
(238, 'RDV_AUTO_RETARD', 'RDV du 2025-09-17 10:20:00 - LONGY automatiquement marqué comme en retard', '2025-09-18 07:24:20.109254', 4),
(239, 'RDV_AUTO_RETARD', 'RDV du 2025-09-17 10:55:00 - COUILLET PATRICE automatiquement marqué comme en retard', '2025-09-18 07:24:20.117989', 4),
(240, 'RDV_AUTO_RETARD', 'RDV du 2025-09-17 11:30:00 - DIN AUTO automatiquement marqué comme en retard', '2025-09-18 07:24:20.128130', 4),
(241, 'RDV_AUTO_RETARD', 'RDV du 2025-09-17 08:00:00 - CARROS automatiquement marqué comme en retard', '2025-09-18 07:24:20.142280', 6),
(242, 'RDV_AUTO_RETARD', 'RDV du 2025-09-17 08:35:00 - GASTEUIL REPARATION VENTE automatiquement marqué comme en retard', '2025-09-18 07:24:20.152166', 6),
(243, 'RDV_AUTO_RETARD', 'RDV du 2025-09-17 09:10:00 - VIANAUTO automatiquement marqué comme en retard', '2025-09-18 07:24:20.163346', 6),
(244, 'RDV_AUTO_RETARD', 'RDV du 2025-09-17 09:45:00 - GARON automatiquement marqué comme en retard', '2025-09-18 07:24:20.175193', 6),
(245, 'RDV_AUTO_RETARD', 'RDV du 2025-09-17 10:20:00 - AEROGARAGE automatiquement marqué comme en retard', '2025-09-18 07:24:20.185697', 6),
(246, 'RDV_AUTO_RETARD', 'RDV du 2025-09-17 10:55:00 - LEYR AUTOS automatiquement marqué comme en retard', '2025-09-18 07:24:20.195196', 6),
(247, 'RDV_AUTO_RETARD', 'RDV du 2025-09-17 11:30:00 - DLT CARROSSERIE automatiquement marqué comme en retard', '2025-09-18 07:24:20.206911', 6);

-- --------------------------------------------------------

--
-- Table structure for table `front_client`
--

DROP TABLE IF EXISTS `front_client`;
CREATE TABLE `front_client` (
  `id` bigint NOT NULL,
  `nom` varchar(100) DEFAULT NULL,
  `prenom` varchar(100) DEFAULT NULL,
  `civilite` varchar(50) DEFAULT NULL,
  `rs_nom` varchar(64) DEFAULT NULL,
  `classement_client` varchar(50) DEFAULT NULL,
  `telephone` varchar(100) DEFAULT NULL,
  `statut` varchar(50) DEFAULT NULL,
  `en_compte` tinyint(1) NOT NULL,
  `actif` tinyint(1) NOT NULL,
  `code_comptable` varchar(64) DEFAULT NULL,
  `email` varchar(254) DEFAULT NULL,
  `email_comptabilite` varchar(254) DEFAULT NULL,
  `siret` varchar(14) DEFAULT NULL,
  `date_creation` datetime(6) NOT NULL,
  `commercial_id` bigint DEFAULT NULL,
  `commentaires` longtext,
  `commercial` varchar(100) DEFAULT NULL
) ENGINE=InnoDB DEFAULT CHARSET=utf8mb4 COLLATE=utf8mb4_0900_ai_ci;

--
-- Dumping data for table `front_client`
--

INSERT INTO `front_client` (`id`, `nom`, `prenom`, `civilite`, `rs_nom`, `classement_client`, `telephone`, `statut`, `en_compte`, `actif`, `code_comptable`, `email`, `email_comptabilite`, `siret`, `date_creation`, `commercial_id`, `commentaires`, `commercial`) VALUES
(127, NULL, NULL, '', 'PRO DISCOUNT AUTO SAS', 'b Vert', '0647943699', '', 1, 1, '41117506.0', 'ldprodiscountauto@gmail.com', 'ldprodiscountauto@gmail.com', NULL, '2025-08-26 11:07:00.000000', 4, NULL, 'Commercial 1'),
(128, NULL, NULL, 'ETS', 'ABCIS PYRENEES', 'C Vert', '0559727970', 'Morale', 1, 1, '41117407.0', 'facture.abcis480@emilfrey.fr', 'facture.abcis480@emilfrey.fr', NULL, '2025-08-26 11:07:00.000000', 4, NULL, 'Commercial 1'),
(129, NULL, NULL, 'GARAGE', 'CONNAN', 'B Vert', '0562315857', 'Morale', 1, 1, '41104340.0', 'carrosserie-connan@wanadoo.fr', 'carrosserie-connan@wanadoo.fr', NULL, '2025-08-26 11:07:00.000000', 4, NULL, 'Commercial 1'),
(130, NULL, NULL, '', 'PPDA', 'B Vert', '0559800000', 'Morale', 1, 1, '41106180.0', 'renault.pau.compta3@eden-auto.com', 'renault.pau.compta3@eden-auto.com', NULL, '2025-08-26 11:07:00.000000', 4, NULL, 'Commercial 1'),
(131, NULL, NULL, '', 'LABATAILLE', 'B Vert', '0559049578', '', 1, 1, '41117388.0', 'romain.labataille@hotmail.fr', 'romain.labataille@hotmail.fr', NULL, '2025-08-26 11:07:00.000000', 4, NULL, 'Commercial 1'),
(132, NULL, NULL, '', 'CRUISIN\'CARS 64', 'B Vert', '0612481513', '', 1, 1, '41117807.0', 'cruisincars64@groupe-horton.fr', 'cruisincars64@groupe-horton.fr', NULL, '2025-08-26 11:07:00.000000', 4, NULL, 'Commercial 1'),
(133, NULL, NULL, 'GARAGE', 'GOOD ELECTRIC', 'A vert', '', '', 1, 1, '41130023.0', 'gge64110@gmail.com', 'gge64110@gmail.com', NULL, '2025-08-26 11:07:00.000000', 4, NULL, 'Commercial 1'),
(134, NULL, NULL, 'GARAGE', 'DE SOUM', 'B Vert', '0562948177', 'Morale', 1, 1, '41106480.0', 'garage-de-soum@wanadoo.fr', 'garagedesoum.compta@gmail.com', NULL, '2025-08-26 11:07:00.000000', 4, NULL, 'Commercial 1'),
(135, NULL, NULL, 'CARROSSERIE', 'MANSE', 'B Vert', '0562952964', 'Morale', 1, 1, '41111240.0', 'garage.manse@orange.fr', 'garage.manse@orange.fr', NULL, '2025-08-26 11:07:00.000000', 4, NULL, 'Commercial 1'),
(136, NULL, NULL, '', 'CARROSSERIE 64', '', '0559069791', 'Morale', 1, 1, '41107920.0', 'rachid@carrosserie64.fr', 'rachid@carrosserie64.fr', NULL, '2025-08-26 11:07:00.000000', 4, NULL, 'Commercial 1'),
(137, NULL, NULL, '', 'CLINIQUE AUTOMOBILES 64', '', '0559819008', 'Morale', 1, 1, '41118230.0', 'christophe.bigre@sfr.fr', 'christophe.bigre@sfr.fr', NULL, '2025-08-26 11:07:00.000000', 4, NULL, 'Commercial 1'),
(138, NULL, NULL, 'GARAGE', 'SENECHAL', 'B Noir', '0547927462', '', 1, 1, '41118029.0', 'garagesenechal@hotmail.com', 'garagesenechal@hotmail.com', NULL, '2025-08-26 11:07:00.000000', 4, NULL, 'Commercial 1'),
(139, NULL, NULL, 'GARAGE', 'FONTAN', 'B Noir', '0559062283', '', 1, 1, '41117468.0', 'garagefontan@gmail.com', 'garagefontan@gmail.com', NULL, '2025-08-26 11:07:00.000000', 4, NULL, 'Commercial 1'),
(140, NULL, NULL, '', 'FERREIRA ARTIX', 'B Noir', '0559602416', '', 1, 1, '41117561.0', 'compta@ferreira-artix.fr', 'compta@ferreira-artix.fr', NULL, '2025-08-26 11:07:00.000000', 4, NULL, 'Commercial 1'),
(141, NULL, NULL, 'CARROSSERIE', 'ABEILHE AUTOS MARCIAC', 'A Noir', '0562093285', '', 1, 1, '41117000.0', 'carrosserieabeilhe@gmail.com', 'carrosserieabeilhe@gmail.com', NULL, '2025-08-26 11:07:00.000000', 4, NULL, 'Commercial 1'),
(142, NULL, NULL, '', 'BEARN ECHAPPEMENT', 'B Noir', '559304267', '', 1, 1, '41118219.0', 'bearn.echappement@orange.fr', 'bearn.echappement@orange.fr', NULL, '2025-08-26 11:07:00.000000', 4, NULL, 'Commercial 1'),
(143, NULL, NULL, '', 'P.P.D.A. RENAULT OLORON', 'B Vert', '0559390193', '', 1, 1, '41105450.0', 'renault.oloron.mpr@edenauto.com', 'renault.pau.mpr@edenauto.com', NULL, '2025-08-26 11:07:00.000000', 4, NULL, 'Commercial 1'),
(144, NULL, NULL, 'GARAGE', 'NEVES', 'B Vert', '0562366382', '', 1, 1, '41117742.0', 'sylvie-neves@hotmail.fr', 'sylvie-neves@hotmail.fr', NULL, '2025-08-26 11:07:00.000000', 4, NULL, 'Commercial 1'),
(145, NULL, NULL, '', 'AUTO STYL', 'B Vert', '0559536371', '', 1, 1, '41108520.0', 'carrosserie.autostyl@gmail.com', 'carrosserie.autostyl@gmail.com', NULL, '2025-08-26 11:07:00.000000', 4, NULL, 'Commercial 1'),
(146, NULL, NULL, '', 'DAUBA', 'B Vert', '0559928086', 'Morale', 1, 1, '41109630.0', 'didier.dauba71@wanadoo.fr', 'didier.dauba71@wanadoo.fr', NULL, '2025-08-26 11:07:00.000000', 4, NULL, 'Commercial 1'),
(147, NULL, NULL, '', 'AUBRY CHRISTIAN', 'B Vert', '0559621099', '', 1, 1, '41105230.0', 'garage.aubry@wanadoo.fr', 'garage.aubry@wanadoo.fr', NULL, '2025-08-26 11:07:00.000000', 4, NULL, 'Commercial 1'),
(148, NULL, NULL, '', 'DAVANT - AGENT CITROEN', 'B Vert', '0559148000', '', 1, 1, '41106020.0', 'compta@davant-auto.fr', 'compta@davant-auto.fr', NULL, '2025-08-26 11:07:00.000000', 4, NULL, 'Commercial 1'),
(149, NULL, NULL, '', 'J.S.A.', 'B Vert', '0559331402', '', 1, 1, '41110070.0', 'carrosserie.jsa@gmail.com', 'carrosserie.jsa@gmail.com', NULL, '2025-08-26 11:07:00.000000', 4, NULL, 'Commercial 1'),
(150, NULL, NULL, '', 'PYRENEES AUTOS PLUS', 'Vert, potentiel inconnu', '0562551347', 'Physique', 1, 1, '41117615.0', 'sarl-pyrenees-autos-plus@orange.fr', 'sarl-pyrenees-autos-plus@orange.fr', NULL, '2025-08-26 11:07:00.000000', 4, NULL, 'Commercial 1'),
(151, NULL, NULL, 'CARROSSERIE', 'MICHEL ET FILS', 'B Vert', '0559025171', 'Morale', 1, 1, '41106630.0', 'michel.car@wanadoo.fr', 'michel.car@wanadoo.fr', NULL, '2025-08-26 11:07:00.000000', 4, NULL, 'Commercial 1'),
(152, NULL, NULL, '', 'DU MARTINET', 'B Vert', '0562448852', '', 1, 1, '41112870.0', 'garage.sierra.jeannoel@gmail.com', 'garage.sierra.jeannoel@gmail.com', NULL, '2025-08-26 11:07:00.000000', 4, NULL, 'Commercial 1'),
(153, NULL, NULL, 'SARL', 'AEPL', 'B Vert', '0559337890', '', 1, 1, '41112170.0', 'compta@aepl64.com', 'compta@aepl64.com', NULL, '2025-08-26 11:07:00.000000', 4, NULL, 'Commercial 1'),
(154, NULL, NULL, '', 'MECA 2000', 'B Vert', '0559120567', 'Morale', 1, 1, '41104710.0', 'meca.2000@orange.fr', 'meca.2000@orange.fr', NULL, '2025-08-26 11:07:00.000000', 4, NULL, 'Commercial 1'),
(155, NULL, NULL, '', 'CASTAING PUJO', 'B Vert', '0562311831', '', 1, 1, '41109720.0', 'contact@castaingsas.fr', 'contact@castaingsas.fr', NULL, '2025-08-26 11:07:00.000000', 4, NULL, 'Commercial 1'),
(156, NULL, NULL, 'GARAGE', 'TESTARROUGE', 'A vert', '0559330604', '', 1, 1, '41117679.0', 'garage.testarrouge@gmail.com', 'garage.testarrouge@gmail.com', NULL, '2025-08-26 11:07:00.000000', 4, NULL, 'Commercial 1'),
(157, NULL, NULL, 'GARAGE', 'TECHNIC AUTO\'64', 'B Vert', '0762868341', '', 1, 1, '41117762.0', 'benoit.puyo64@gmail.com; contact@expert-rouffiac.f', 'auto.technic@orange.fr', NULL, '2025-08-26 11:07:00.000000', 4, NULL, 'Commercial 1'),
(158, NULL, NULL, '', 'DOYEUX-CARROSSERIE PEINTURE MECANIQ', 'B Vert', '0559057145', '', 1, 1, '41117938.0', 'doyeuxnicolas@gmail.com', 'doyeuxnicolas@gmail.com', NULL, '2025-08-26 11:07:00.000000', 4, NULL, 'Commercial 1'),
(159, NULL, NULL, '', 'BONNAT', 'B Vert', '0559027866', '', 1, 1, '41105080.0', 'cie-bonnat.nad@orange.fr', 'cie-bonnat.nad@orange.fr', NULL, '2025-08-26 11:07:00.000000', 4, NULL, 'Commercial 1'),
(160, NULL, NULL, 'GARAGE', 'PEDURTHE', 'B Noir', '0559048008', 'Morale', 1, 1, '41113530.0', 'sarl.pedurthe-larroude@orange.fr', 'sarl.pedurthe-larroude@orange.fr', NULL, '2025-08-26 11:07:00.000000', 4, NULL, 'Commercial 1'),
(161, NULL, NULL, 'CARROSSERIE', 'DU LUY', 'B Vert', '0559331125', 'Morale', 1, 1, '41108480.0', 'carrosserieduluy@wanadoo.fr', 'carrosserieduluy@wanadoo.fr', NULL, '2025-08-26 11:07:00.000000', 4, NULL, 'Commercial 1'),
(162, NULL, NULL, '', 'LALOUBERE', 'B Vert', '0562952684', '', 1, 1, '41110080.0', 'contact@garagelaloubere.fr', 'contact@garagelaloubere.fr', NULL, '2025-08-26 11:07:00.000000', 4, NULL, 'Commercial 1'),
(163, NULL, NULL, 'Monsieur', 'ALVES', 'B Noir', '', 'Morale', 1, 1, '41117418.0', 'domingos.alves648@gmail.com', 'domingos.alves648@gmail.com', NULL, '2025-08-26 11:07:00.000000', 4, NULL, 'Commercial 1'),
(164, NULL, NULL, '', 'BARRAQUE', 'B Vert', '0562942986', '', 1, 1, '41108900.0', 'carrosserie.barraque@gmail.com', 'carrosserie.barraque@gmail.com', NULL, '2025-08-26 11:07:00.000000', 4, NULL, 'Commercial 1'),
(165, NULL, NULL, 'CARROSSERIE', 'RIBEIRO FRANCISCO', 'VERT potentiel inconnu', '0562946598', 'Morale', 1, 1, '41117323.0', 'carrosserie.fribeiro0251@orange.fr', 'carrosserie.fribeiro0251@orange.fr', NULL, '2025-08-26 11:07:00.000000', 4, NULL, 'Commercial 1'),
(166, NULL, NULL, '', 'POUTS / DE LA SOUYE', 'B Vert', '0559683259', '', 1, 1, '41104900.0', 'garage.souye@orange.fr', 'garage.souye@orange.fr', NULL, '2025-08-26 11:07:00.000000', 4, NULL, 'Commercial 1'),
(167, NULL, NULL, '', 'COEVA', 'B Vert', '0559025284', 'Morale', 1, 1, '41107410.0', 'carrosserieandres@orange.fr', 'carrosserieandres@orange.fr', NULL, '2025-08-26 11:07:00.000000', 4, NULL, 'Commercial 1'),
(168, NULL, NULL, '', 'VAUTTIER AUTOMOBILES', 'B Vert', '0562318150', '', 1, 1, '41105730.0', 'ch.vic65500@gmail.com', 'ch.vic65500@gmail.com', NULL, '2025-08-26 11:07:00.000000', 4, NULL, 'Commercial 1'),
(169, NULL, NULL, '', 'CARASCO OLIVIER', 'B Vert', '0559280487', '', 1, 1, '41109380.0', 'secretariat.carrosseriecarasco@gmail.com', 'secretariat.carrosseriecarasco@gmail.com', NULL, '2025-08-26 11:07:00.000000', 4, NULL, 'Commercial 1'),
(170, NULL, NULL, '', 'D\'IDRON FERNANDES MECANIQUE', 'B Bleu', '0559801614', '', 1, 1, '41105520.0', 'paulo.fernandes638@orange.fr', 'paulo.fernandes638@orange.fr', NULL, '2025-08-26 11:07:00.000000', 4, NULL, 'Commercial 1'),
(171, NULL, NULL, '', 'BARAT', 'B Noir', '0559062209', '', 1, 1, '41105060.0', 'garagebarat64@gmail.com', 'garagebarat64@gmail.com', NULL, '2025-08-26 11:07:00.000000', 4, NULL, 'Commercial 1'),
(172, NULL, NULL, '', 'CAPPELLETO', '', '0562970206', '', 1, 1, '41105640.0', 'garagejerome@orange.fr', 'garagejerome@orange.fr', NULL, '2025-08-26 11:07:00.000000', 4, NULL, 'Commercial 1'),
(173, NULL, NULL, '', 'A+ SERVICE AUTO (DU CENTRE)', 'B Bleu', '0562969437', '', 1, 1, '41110200.0', 'carrosserie-du-centre@wanadoo.fr', 'carrosserie-du-centre@wanadoo.fr', NULL, '2025-08-26 11:07:00.000000', 4, NULL, 'Commercial 1'),
(174, NULL, NULL, 'GARAGE', 'PAU NORD', 'B Vert', '0559845620', '', 1, 1, '41117581.0', 'garagepaunord@outlook.fr', 'garagepaunord@outlook.fr', NULL, '2025-08-26 11:07:00.000000', 4, NULL, 'Commercial 1'),
(175, NULL, NULL, 'GARAGE', 'NICOLETTA', 'B Vert', '0562967403', 'Morale', 1, 1, '41108050.0', 'garage.nicoletta@wanadoo.fr', 'garage.nicoletta@wanadoo.fr', NULL, '2025-08-26 11:07:00.000000', 4, NULL, 'Commercial 1'),
(176, NULL, NULL, '', 'RAPID\'AUTO', 'B Vert', '0559348857', '', 1, 1, '41118074.0', 'rapidauto64@orange.fr', 'rapidauto64@orange.fr', NULL, '2025-08-26 11:07:00.000000', 4, NULL, 'Commercial 1'),
(177, NULL, NULL, '', 'DU ROND POINT', 'B Vert', '0559716979', '', 1, 1, '41105190.0', 'carrosserie.larroutis@wanadoo.fr', 'carrosserie.larroutis@wanadoo.fr', NULL, '2025-08-26 11:07:00.000000', 4, NULL, 'Commercial 1'),
(178, NULL, NULL, 'GARAGE', 'GAILLERES', 'Vert, potentiel inconnu', '0562695298', '', 1, 1, '41117923.0', 'citroen.cazaubon@wanadoo.fr', 'citroen.cazaubon@wanadoo.fr', NULL, '2025-08-26 11:07:00.000000', 4, NULL, 'Commercial 1'),
(179, NULL, NULL, '', 'IBORRA', 'A Vert', '0562381381', '', 1, 1, '41110600.0', 'marielle.cheoux@garageiborra.com', 'marielle.cheoux@garageiborra.com', NULL, '2025-08-26 11:07:00.000000', 4, NULL, 'Commercial 1'),
(180, NULL, NULL, '', 'SNC PROVENCE', 'B Noir', '0559045220', '', 1, 1, '41117334.0', 'provence-ferreira@orange.fr', 'provence-ferreira@orange.fr', NULL, '2025-08-26 11:07:00.000000', 4, NULL, 'Commercial 1'),
(181, NULL, NULL, '', 'COUILLET PATRICE', 'B Noir', '0559281370', 'Morale', 1, 1, '41117555.0', 'eurlpatrice.couillet@orange.fr', 'eurlpatrice.couillet@orange.fr', NULL, '2025-08-26 11:07:00.000000', 4, NULL, 'Commercial 1'),
(182, NULL, NULL, 'ETS', 'LAVILLAUROY', 'B Noir', '0559138042', '', 1, 1, '', 'morgane.saillan@sipa-automobiles.fr;beatrice.magne', 'beatrice.magne@sipa-automobiles.fr', NULL, '2025-08-26 11:07:00.000000', 4, NULL, 'Commercial 1'),
(183, NULL, NULL, '', 'GARAGE 2000 SARL', 'B Vert', '0559287456', '', 1, 1, '41111170.0', 'gge2000@orange.fr', 'gge2000@orange.fr', NULL, '2025-08-26 11:07:00.000000', 4, NULL, 'Commercial 1'),
(184, NULL, NULL, 'GARAGE', 'BONNASSE', 'B Vert', '0559610725', '', 1, 1, '41117813.0', 'garage-bonnasse@orange.fr', 'garage-bonnasse@orange.fr', NULL, '2025-08-26 11:07:00.000000', 4, NULL, 'Commercial 1'),
(185, NULL, NULL, 'GARAGE', 'LOPES AVELINO ET FILS', 'B Vert', '0559343810', '', 1, 1, '41113290.0', 'avelino-64@hotmail.com', 'avelino-64@hotmail.com', NULL, '2025-08-26 11:07:00.000000', 4, NULL, 'Commercial 1'),
(186, NULL, NULL, '', 'CARRERE', 'Bleu,', '562090081', '', 1, 1, '41112580.0', 'garage.carrere@gmail.com', 'garage.carrere@gmail.com', NULL, '2025-08-26 11:07:00.000000', 4, NULL, 'Commercial 1'),
(187, NULL, NULL, '', 'RUBIO STEPHANE', '', '', 'Physique', 1, 1, '41117562.0', '', '', NULL, '2025-08-26 11:07:00.000000', 4, NULL, 'Commercial 1'),
(188, NULL, NULL, '', 'STEPHANE RUBIO', '', '', '', 0, 0, '41117562.0', '', '', NULL, '2025-08-26 11:07:00.000000', 4, NULL, 'Commercial 1'),
(189, NULL, NULL, '', 'BORDENAVE MORLAAS', '', '0559334336', '', 1, 1, '41107320.0', 'garage.bordenave64@gmail.com', 'garage.bordenave64@gmail.com', NULL, '2025-08-26 11:07:00.000000', 4, NULL, 'Commercial 1'),
(190, NULL, NULL, 'ETS', 'PEDARRE PNEUS LONS', '', '0559324385', '', 1, 1, '41117848.0', 'pauline.castrec@pedarre-pneus.fr', 'pauline.castrec@pedarre-pneus.fr', NULL, '2025-08-26 11:07:00.000000', 4, NULL, 'Commercial 1'),
(191, NULL, NULL, '', 'DOUSSAU YVES', '', '0562697033', '', 1, 1, '41111450.0', 'carrosserie.doussau@gmail.com', 'carrosserie.doussau@gmail.com', NULL, '2025-08-26 11:07:00.000000', 4, NULL, 'Commercial 1'),
(192, NULL, NULL, 'CARROSSERIE', 'SAT\'IN CAR', '', '0981237628', '', 1, 1, '41117832.0', 'satincar1@bbox.fr', 'satincar1@bbox.fr', NULL, '2025-08-26 11:07:00.000000', 4, NULL, 'Commercial 1'),
(193, NULL, NULL, 'GARAGE', 'DU MIDOUR', '', '0562090080', '', 1, 1, '41113020.0', 'sarl.ducourneau@orange.fr', 'sarl.ducourneau@orange.fr', NULL, '2025-08-26 11:07:00.000000', 4, NULL, 'Commercial 1'),
(194, NULL, NULL, 'GARAGE', 'PAMBRUN', '', '0559600106', '', 1, 1, '41117617.0', 'administratif@garagepambrun.fr', 'administratif@garagepambrun.fr', NULL, '2025-08-26 11:07:00.000000', 4, NULL, 'Commercial 1'),
(195, NULL, NULL, '', 'SAUVAGE', '', '0562095019', '', 1, 1, '41111490.0', '', 'compta.sauvage@gmail.com', NULL, '2025-08-26 11:07:00.000000', 4, NULL, 'Commercial 1'),
(196, NULL, NULL, '', 'SEE CARROSSERIE PORTILLO', '', '', '', 0, 0, '41106210.0', '', '', NULL, '2025-08-26 11:07:00.000000', 4, NULL, 'Commercial 1'),
(197, NULL, NULL, '', 'C+ AUTOMOBILES', '', '0559821595', '', 1, 1, '41117435.0', 'cplus.automobiles@orange.fr', 'cplus.automobiles@orange.fr', NULL, '2025-08-26 11:07:00.000000', 4, NULL, 'Commercial 1'),
(198, NULL, NULL, 'GARAGE', 'LENFANT', '', '0562693213', '', 1, 1, '41117564.0', '', '', NULL, '2025-08-26 11:07:00.000000', 4, NULL, 'Commercial 1'),
(199, NULL, NULL, '', 'S.T.P.', '', '0559301623', '', 1, 1, '41111560.0', 'stp.64@orange.fr', 'stp.64@orange.fr', NULL, '2025-08-26 11:07:00.000000', 4, NULL, 'Commercial 1'),
(200, NULL, NULL, 'GARAGE', 'M ET M', '', '', 'Morale', 1, 1, '41118248.0', 'contact@garagem-m.fr', 'contact@garagem-m.fr', NULL, '2025-08-26 11:07:00.000000', 4, NULL, 'Commercial 1'),
(201, NULL, NULL, 'SAS', 'TECHNICENTRE AUTOMOBILES', '', '562937111', '', 1, 1, '41130003.0', 'magasin@technicentre-auto.fr', 'secretariat@technicentre-auto.fr', NULL, '2025-08-26 11:07:00.000000', 4, NULL, 'Commercial 1'),
(202, NULL, NULL, 'CARROSSERIE', 'DE SARSAN', '', '0562943119', '', 1, 1, '41118068.0', 'carrosseriedesarsan@orange.fr', 'carrosseriedesarsan@orange.fr', NULL, '2025-08-26 11:07:00.000000', 4, NULL, 'Commercial 1'),
(203, NULL, NULL, 'GARAGE', 'DE MOMERES', '', '562551407', '', 1, 1, '41130008.0', 'garagedemomeres@outlook.fr', 'garagedemomeres@outlook.fr', NULL, '2025-08-26 11:07:00.000000', 4, NULL, 'Commercial 1'),
(204, NULL, NULL, 'GARAGE', 'MACARET MAC BUG\'S', '', '0772669089', '', 1, 1, '41117674.0', 'garagemacaret@gmail.com', 'garagemacaret@gmail.com', NULL, '2025-08-26 11:07:00.000000', 4, NULL, 'Commercial 1'),
(205, NULL, NULL, '', 'LEO', '', '0559285885', '', 1, 1, '41106900.0', '', '', NULL, '2025-08-26 11:07:00.000000', 4, NULL, 'Commercial 1'),
(206, NULL, NULL, 'GARAGE', 'MIQUET CHRISTOPHE GARAGE MIQUET', '', '0781866163', '', 1, 1, '41117639.0', 'miquet.christophe@neuf.fr', 'miquet.christophe@neuf.fr', NULL, '2025-08-26 11:07:00.000000', 4, NULL, 'Commercial 1'),
(207, NULL, NULL, 'CARROSSERIE', 'BRUNO BEZOS', '', '0559331231', 'Morale', 1, 1, '41106970.0', 'brunobezos64@gmail.com', 'brunobezos64@gmail.com', NULL, '2025-08-26 11:07:00.000000', 4, NULL, 'Commercial 1'),
(208, NULL, NULL, '', 'FOURAA BORDES', '', '559821725', 'Morale', 1, 1, '41118137.0', 'fouraa@fouraa.fr', 'fouraa@fouraa.fr', NULL, '2025-08-26 11:07:00.000000', 4, NULL, 'Commercial 1'),
(209, NULL, NULL, 'SARL', 'AD SERVICE AUTO', '', '0559612242', '', 1, 1, '41104810.0', 'adserviceauto.coarraze@wanadoo.fr', 'adserviceauto.coarraze@wanadoo.fr', NULL, '2025-08-26 11:07:00.000000', 4, NULL, 'Commercial 1'),
(210, NULL, NULL, 'GARAGE', 'LABORIE', '', '0562349292', '', 1, 1, '41117632.0', 'garage.laborie65@orange.fr', 'garage.laborie65@orange.fr', NULL, '2025-08-26 11:07:00.000000', 4, NULL, 'Commercial 1'),
(211, NULL, NULL, 'CARROSSERIE', 'BOURG', '', '0559065495', 'Morale', 1, 1, '41108540.0', 'carrosserie.bourg@wanadoo.fr', 'compta.bourg@gmail.com', NULL, '2025-08-26 11:07:00.000000', 4, NULL, 'Commercial 1'),
(212, NULL, NULL, '', 'ARROS PIECES FARGAL CHRISTIAN', '', '0562693171', '', 1, 1, '41112700.0', '', '', NULL, '2025-08-26 11:07:00.000000', 4, NULL, 'Commercial 1'),
(213, NULL, NULL, '', 'DIN AUTO', '', '', '', 1, 1, '41118048.0', 'dinauto33@gmail.com', 'dinauto33@gmail.com', NULL, '2025-08-26 11:07:00.000000', 4, NULL, 'Commercial 1'),
(214, NULL, NULL, '', 'GRALL', '', '0559715881', '', 1, 1, '41106920.0', '', '', NULL, '2025-08-26 11:07:00.000000', 4, NULL, 'Commercial 1'),
(215, NULL, NULL, '', 'NOGUEIRA', '', '0562519939', '', 1, 1, '41108950.0', 'comptabilite@carrosserie-nogueira.com', 'comptabilite@carrosserie-nogueira.com', NULL, '2025-08-26 11:07:00.000000', 4, NULL, 'Commercial 1'),
(216, NULL, NULL, '', 'TUDURI', '', '0562363370', '', 1, 1, '41105020.0', 'tuduri.chis@orange.fr', 'tuduri.chis@orange.fr', NULL, '2025-08-26 11:07:00.000000', 4, NULL, 'Commercial 1'),
(217, NULL, NULL, 'CARROSSERIE', 'PENCO MICHEL & FILS-SARL STITCH', '', '0559844379', '', 1, 1, '41105490.0', 'penco64@wanadoo.fr', 'penco64@wanadoo.fr', NULL, '2025-08-26 11:07:00.000000', 4, NULL, 'Commercial 1'),
(218, NULL, NULL, 'CARROSSERIE', 'JAD', '', '0559069421', 'Morale', 1, 1, '41109790.0', 'jean-antoine.direito@orange.fr', 'jean-antoine.direito@orange.fr', NULL, '2025-08-26 11:07:00.000000', 4, NULL, 'Commercial 1'),
(219, NULL, NULL, '', 'SUD PYRENEES AUTO', '', '0559921670', '', 1, 1, '41117903.0', 'isabelle.picard@edenauto.com', 'isabelle.picard@edenauto.com', NULL, '2025-08-26 11:07:00.000000', 4, NULL, 'Commercial 1'),
(220, NULL, NULL, 'GARAGE', 'CAPBER CHRISTOPHE', '', '0567453687', '', 1, 1, '41117743.0', 'christophe6485@hotmail.fr', 'christophe6485@hotmail.fr', NULL, '2025-08-26 11:07:00.000000', 4, NULL, 'Commercial 1'),
(221, NULL, NULL, 'GARAGE', 'DE LA COLLINE', '', '0559771988', 'Morale', 1, 1, '41118253.0', 'garagedelacolline@gmail.com', 'garagedelacolline@gmail.com', NULL, '2025-08-26 11:07:00.000000', 4, NULL, 'Commercial 1'),
(222, NULL, NULL, '', 'AUTO SERVICE DES 4 VALLEES', '', '0562980388', '', 1, 1, '41105410.0', '', '', NULL, '2025-08-26 11:07:00.000000', 4, NULL, 'Commercial 1'),
(223, NULL, NULL, '', 'J AUTO CASS', '', '0562085271', 'Morale', 1, 1, '41113150.0', 'jautocass@wanadoo.fr', 'jautocass@wanadoo.fr', NULL, '2025-08-26 11:07:00.000000', 4, NULL, 'Commercial 1'),
(224, NULL, NULL, 'Monsieur', 'JABRANE JILALI', '', '', 'Morale', 1, 1, '41117428.0', '', '', NULL, '2025-08-26 11:07:00.000000', 4, NULL, 'Commercial 1'),
(225, NULL, NULL, '', 'CAZENAVE ET LARQUE', '', '0559063070', '', 1, 1, '41117710.0', 'ets.cazenave@wanadoo.fr', 'ets.cazenave@wanadoo.fr', NULL, '2025-08-26 11:07:00.000000', 4, NULL, 'Commercial 1'),
(226, NULL, NULL, 'CARROSSERIE', 'CUSTOM', '', '0559332632', 'Morale', 1, 1, '41104840.0', 'carrosserie-custom@orange.fr', 'carrosserie-custom@orange.fr', NULL, '2025-08-26 11:07:00.000000', 4, NULL, 'Commercial 1'),
(227, NULL, NULL, 'CARROSSERIE', 'MARCHAND', '', '0562643079', '', 1, 1, '41117777.0', 'carrosseriemarchand@orange.fr', 'carrosseriemarchand@orange.fr', NULL, '2025-08-26 11:07:00.000000', 4, NULL, 'Commercial 1'),
(228, NULL, NULL, '', 'KF AUTOMOBILES', '', '', '', 0, 0, '41117698.0', '', '', NULL, '2025-08-26 11:07:00.000000', 4, NULL, 'Commercial 1'),
(229, NULL, NULL, '', 'D\'OSSAU ORENSANZ', '', '0559053464', '', 1, 1, '41108600.0', 'secretaire.laruns@orange.fr', 'secretaire.laruns@orange.fr', NULL, '2025-08-26 11:07:00.000000', 4, NULL, 'Commercial 1'),
(230, NULL, NULL, '', 'VALENZUELA JOSE', '', '0562452244', '', 1, 1, '41110330.0', 'garage.valenzuela@gmail.com', 'garage.valenzuela@gmail.com', NULL, '2025-08-26 11:07:00.000000', 4, NULL, 'Commercial 1'),
(231, NULL, NULL, '', 'MARTIN LOURDES', '', '0562941000', '', 1, 1, '41112300.0', 'gge-martin-freres@wanadoo.fr', 'gge-martin-freres@wanadoo.fr', NULL, '2025-08-26 11:07:00.000000', 4, NULL, 'Commercial 1'),
(232, NULL, NULL, '', 'PYRENEES CARROSSERIE MIRASSOU', '', '0562389373', 'Morale', 1, 1, '41113710.0', 'comptagpcm@wanadoo.fr', 'comptagpcm@wanadoo.fr', NULL, '2025-08-26 11:07:00.000000', 4, NULL, 'Commercial 1'),
(233, NULL, NULL, '', 'ROADY HENEL JUILLAN', '', '', '', 0, 0, '41130002.0', '', '', NULL, '2025-08-26 11:07:00.000000', 4, NULL, 'Commercial 1'),
(234, NULL, NULL, 'SAS', 'LOKHAL AUTOMOBILE', '', '', '', 1, 1, '41130014.0', 'lokhal.automobile@gmail.com', 'lokhal.automobile@gmail.com', NULL, '2025-08-26 11:07:00.000000', 4, NULL, 'Commercial 1'),
(235, NULL, NULL, '', 'VIVRE MA VILLE MOBILAIDE', '', '559271455', '', 1, 1, '41130016.0', 'mobilaide.vmv12@gmail.com', 'vmv-comptabilite@orange.fr', NULL, '2025-08-26 11:07:00.000000', 4, NULL, 'Commercial 1'),
(236, NULL, NULL, 'SAS', 'MACHADO AUTO DELKO', '', '582150795', '', 1, 1, '41130020.0', 'delko.aureilhan@delko.fr', 'delko.aureilhan@delko.fr', NULL, '2025-08-26 11:07:00.000000', 4, NULL, 'Commercial 1'),
(237, NULL, NULL, '', 'CONNAN GER', '', '', '', 0, 0, '41104340.0', '', '', NULL, '2025-08-26 11:07:00.000000', 4, NULL, 'Commercial 1'),
(238, NULL, NULL, 'CARROSSERIE', 'RODRIGUES', '', '0559331016', 'Morale', 1, 1, '41106260.0', 'carrosserie.rodrigues@wanadoo.fr', 'carrosserie.rodrigues@wanadoo.fr', NULL, '2025-08-26 11:07:00.000000', 4, NULL, 'Commercial 1'),
(239, NULL, NULL, '', 'SECULA CRISTY', '', '', '', 0, 0, '41106740.0', '', '', NULL, '2025-08-26 11:07:00.000000', 4, NULL, 'Commercial 1'),
(240, NULL, NULL, '', 'ESTEBEN', '', '0559041397', '', 1, 1, '41107170.0', 'car.esteben@orange.fr', 'car.esteben@orange.fr', NULL, '2025-08-26 11:07:00.000000', 4, NULL, 'Commercial 1'),
(241, NULL, NULL, 'CARROSSERIE', 'RIBEIRO', '', '0559602103', 'Morale', 1, 1, '41107300.0', 'eurl.ribeiro@orange.fr', 'eurl.ribeiro@orange.fr', NULL, '2025-08-26 11:07:00.000000', 4, NULL, 'Commercial 1'),
(242, NULL, NULL, 'GARAGE', 'DU PERLIC', '', '0559621122', '', 1, 1, '41108160.0', 'comptagarageperlic@orange.fr', 'comptagarageperlic@orange.fr', NULL, '2025-08-26 11:07:00.000000', 4, NULL, 'Commercial 1'),
(243, NULL, NULL, '', 'VIDAL', '', '0562320000', '', 1, 1, '41110170.0', 'carrosserie.vidal@wanadoo.fr', 'carrosserie.vidal@wanadoo.fr', NULL, '2025-08-26 11:07:00.000000', 4, NULL, 'Commercial 1'),
(244, NULL, NULL, '', 'MORLIERE', '', '0562966025', '', 1, 1, '41112280.0', 'garage.morliere@wanadoo.fr', 'garage.morliere@wanadoo.fr', NULL, '2025-08-26 11:07:00.000000', 4, NULL, 'Commercial 1'),
(245, NULL, NULL, '', 'GARCIA ET FILS', '', '0562933517', '', 1, 1, '41113030.0', '', '', NULL, '2025-08-26 11:07:00.000000', 4, NULL, 'Commercial 1'),
(246, NULL, NULL, '', 'CAPACETE FRANCOIS', '', '0559361539', '', 1, 1, '41114090.0', 'capacete.francois@orange.fr', 'capacete.francois@orange.fr', NULL, '2025-08-26 11:07:00.000000', 4, NULL, 'Commercial 1'),
(247, NULL, NULL, '', 'CASTAING TARBES', '', '0562365079', '', 1, 1, '41114150.0', 'carrosserie-danielcastaing@orange.fr', 'carrosserie-danielcastaing@orange.fr', NULL, '2025-08-26 11:07:00.000000', 4, NULL, 'Commercial 1'),
(248, NULL, NULL, '', 'HENRI IV', '', '562931515', '', 1, 1, '41117391.0', 'stationhenri4@gmail.com', 'stationhenri4@gmail.com', NULL, '2025-08-26 11:07:00.000000', 4, NULL, 'Commercial 1'),
(249, NULL, NULL, '', 'CARROY', '', '0562962779', '', 1, 1, '41117532.0', 'mickael.carroy@orange.fr', 'mickael.carroy@orange.fr', NULL, '2025-08-26 11:07:00.000000', 4, NULL, 'Commercial 1'),
(250, NULL, NULL, 'GARAGE', 'DE LA CALLE', '', '0559301030', '', 1, 1, '41117584.0', 'garagedelacalle@orange.fr', 'garagedelacalle@orange.fr', NULL, '2025-08-26 11:07:00.000000', 4, NULL, 'Commercial 1'),
(251, NULL, NULL, 'GARAGE', 'LAMUDE', '', '0559844946', '', 1, 1, '41117586.0', 'garage.lamude@wanadoo.fr', 'garage.lamude@wanadoo.fr', NULL, '2025-08-26 11:07:00.000000', 4, NULL, 'Commercial 1'),
(252, NULL, NULL, 'GARAGE', 'RICHARD', '', '0562360875', '', 1, 1, '41117588.0', 'garage.richard@yahoo.fr', 'garage.richard@yahoo.fr', NULL, '2025-08-26 11:07:00.000000', 4, NULL, 'Commercial 1'),
(253, NULL, NULL, 'GARAGE', 'CABRAL C.', '', '0559716227', 'Morale', 1, 1, '41117678.0', 'cedric.cabral@sfr.fr', 'cedric.cabral@sfr.fr', NULL, '2025-08-26 11:07:00.000000', 4, NULL, 'Commercial 1'),
(254, NULL, NULL, '', 'GPMC-PONTIACQ MECANIQUE CARROSSERIE', '', '', '', 0, 0, '41117714.0', '', '', NULL, '2025-08-26 11:07:00.000000', 4, NULL, 'Commercial 1'),
(255, NULL, NULL, 'CARROSSERIE', 'PRINCE-CATHALY BRUNO', '', '', 'Morale', 1, 1, '41117716.0', 'princedomi@gmail.com', 'princedomi@gmail.com', NULL, '2025-08-26 11:07:00.000000', 4, NULL, 'Commercial 1'),
(256, NULL, NULL, '', 'MK AUTO', '', '0559686349', '', 1, 1, '41117725.0', 'mkauto64@gmail.com', 'mkauto64@gmail.com', NULL, '2025-08-26 11:07:00.000000', 4, NULL, 'Commercial 1'),
(257, NULL, NULL, '', 'AUTO BUDGET', '', '0788788518', '', 1, 1, '41117731.0', 'autobudget64@outlook.fr', 'autobudget64@outlook.fr', NULL, '2025-08-26 11:07:00.000000', 4, NULL, 'Commercial 1'),
(258, NULL, NULL, '', 'FIGUEIREDO-CIE DE L\'EUROPE', '', '0559811252', '', 1, 1, '41117753.0', 'figueiredo@orange.fr', 'figueiredo@orange.fr', NULL, '2025-08-26 11:07:00.000000', 4, NULL, 'Commercial 1'),
(259, NULL, NULL, 'GARAGE', 'DURRIEU ET FILS', '', '0562397629', '', 1, 1, '41117971.0', 'garage.durrieu@orange.fr', 'garage.durrieu@orange.fr', NULL, '2025-08-26 11:07:00.000000', 4, NULL, 'Commercial 1'),
(260, NULL, NULL, '', 'MORLAAS AUTOMOBILES', '', '0982337991', '', 1, 1, '41117719.0', 'morlaas.automobiles@gmail.com', 'morlaas.automobiles@gmail.com', NULL, '2025-08-26 11:07:00.000000', 4, NULL, 'Commercial 1'),
(261, NULL, NULL, 'SARL', 'NETRACO ET SERVICES', '', '', '', 1, 1, '41119340.0', 'info@netraco-services.fr', 'christie.netraco@gmail.com', NULL, '2025-08-26 11:07:00.000000', 4, NULL, 'Commercial 1'),
(262, NULL, NULL, '', 'FRED CARROS', '', '0647680471', 'Morale', 1, 1, '41117958.0', 'fredericcarros@gmail.com', 'fredericcarros@gmail.com', NULL, '2025-08-26 11:07:00.000000', 4, NULL, 'Commercial 1'),
(263, NULL, NULL, '', 'PORTILLO  SEE', '', '0562980561', '', 1, 1, '41106210.0', 'carross-portillo@orange.fr', 'carross-portillo@orange.fr', NULL, '2025-08-26 11:07:00.000000', 4, NULL, 'Commercial 1'),
(264, NULL, NULL, '', 'MATOS', '', '559349209', '', 1, 1, '41106760.0', 'pierre.matos@orange.fr', 'pierre.matos@orange.fr', NULL, '2025-08-26 11:07:00.000000', 4, NULL, 'Commercial 1'),
(265, NULL, NULL, '', 'ORENSANZ', '', '0559056193', '', 1, 1, '41108760.0', 'secretaire.laruns@orange.fr', 'secretaire.laruns@orange.fr', NULL, '2025-08-26 11:07:00.000000', 4, NULL, 'Commercial 1'),
(266, NULL, NULL, '', 'PYRENEES AUTOMOBILE', '', '0562445454', '', 1, 1, '41108840.0', 'renault.tarbes.compta1@eden-auto.com', 'renault.tarbes.compta1@eden-auto.com', NULL, '2025-08-26 11:07:00.000000', 4, NULL, 'Commercial 1'),
(267, NULL, NULL, '', 'BEARN AUTO S.A.', '', '', '', 0, 0, '41108890.0', '', '', NULL, '2025-08-26 11:07:00.000000', 4, NULL, 'Commercial 1'),
(268, NULL, NULL, '', 'STATION SHELL', '', '', '', 0, 0, '41110320.0', '', '', NULL, '2025-08-26 11:07:00.000000', 4, NULL, 'Commercial 1'),
(269, NULL, NULL, '', 'LAFFARGUE RISCLE', '', '0562697261', '', 1, 1, '41111950.0', 'sarl.laffargue.compta@orange.fr', 'sarl.laffargue.compta@orange.fr', NULL, '2025-08-26 11:07:00.000000', 4, NULL, 'Commercial 1'),
(270, NULL, NULL, '', 'AA AUTOMOBILE', '', '', '', 0, 0, '41130022.0', '', '', NULL, '2025-08-26 11:07:00.000000', 4, NULL, 'Commercial 1'),
(271, NULL, NULL, '', 'TAC', '', '0559328181', '', 1, 1, '41107230.0', 'tac.pau@wanadoo.fr', 'tac.pau@wanadoo.fr', NULL, '2025-08-26 11:07:00.000000', 4, NULL, 'Commercial 1'),
(272, NULL, NULL, 'CARROSSERIE', 'BELHARTZ', '', '0559282648', 'Morale', 1, 1, '41107660.0', 'carrosseriebelhartz@wanadoo.fr', 'carrosseriebelhartz@wanadoo.fr', NULL, '2025-08-26 11:07:00.000000', 4, NULL, 'Commercial 1'),
(273, NULL, NULL, '', 'PYRENEES OCCASIONS ARRABEU', '', '0559331170', 'Morale', 1, 1, '41108090.0', 'contact@pyrenees-occasions.com', 'contact@pyrenees-occasions.com', NULL, '2025-08-26 11:07:00.000000', 4, NULL, 'Commercial 1'),
(274, NULL, NULL, '', 'LAGARE MAURICE', '', '0559826251', '', 1, 1, '41109570.0', 'mauricelagare@orange.fr', 'mauricelagare@orange.fr', NULL, '2025-08-26 11:07:00.000000', 4, NULL, 'Commercial 1'),
(275, NULL, NULL, '', 'ARMANET G OU H', '', '0562365864', '', 1, 1, '41110350.0', 'garage.armanet@wanadoo.fr', 'garage.armanet@wanadoo.fr', NULL, '2025-08-26 11:07:00.000000', 4, NULL, 'Commercial 1'),
(276, NULL, NULL, '', 'MATIAS AUTOMOBILES', '', '0559602955', '', 1, 1, '41117412.0', 'matias-automobiles@orange.fr', 'matias-automobiles@orange.fr', NULL, '2025-08-26 11:07:00.000000', 4, NULL, 'Commercial 1'),
(277, NULL, NULL, '', 'WILLAUTO VPN PAU', '', '0559828410', 'Morale', 1, 1, '41117425.0', 'willauto@vpnpau.com', 'willauto@vpnpau.com', NULL, '2025-08-26 11:07:00.000000', 4, NULL, 'Commercial 1'),
(278, NULL, NULL, '', 'BARRERE TARBES', '', '0562511100', '', 1, 1, '41117432.0', 'garage.barrere@wanadoo.fr', 'garage.barrere@wanadoo.fr', NULL, '2025-08-26 11:07:00.000000', 4, NULL, 'Commercial 1'),
(279, NULL, NULL, '', 'GELOSIENNE', '', '0559060847', '', 1, 1, '41117442.0', 'cars.gelosien@bbox.fr', 'cars.gelosien@bbox.fr', NULL, '2025-08-26 11:07:00.000000', 4, NULL, 'Commercial 1'),
(280, NULL, NULL, '', 'EVOLUCAR 64-FEU VERT LONS', '', '0559136161', '', 1, 1, '41117520.0', 'feuvertpau.accueil@gmail.com', 'feuvertpau.accueil@gmail.com', NULL, '2025-08-26 11:07:00.000000', 4, NULL, 'Commercial 1'),
(281, NULL, NULL, '', 'BIGORRE CAROSSERIE', '', '0562310644', '', 1, 1, '41117556.0', 'eric.carrosserie@gmail.com', 'eric.carrosserie@gmail.com', NULL, '2025-08-26 11:07:00.000000', 4, NULL, 'Commercial 1'),
(282, NULL, NULL, '', 'SB CARROSSERIE', '', '0559927614', '', 1, 1, '41117708.0', 'sbcarrosserie@orange.fr', 'sbcarrosserie@orange.fr', NULL, '2025-08-26 11:07:00.000000', 4, NULL, 'Commercial 1'),
(283, NULL, NULL, '', 'TTAMPE', '', '0559288270', '', 1, 1, '41117754.0', 'ttampe@orange.fr', 'ttampe@orange.fr', NULL, '2025-08-26 11:07:00.000000', 4, NULL, 'Commercial 1'),
(284, NULL, NULL, 'GARAGE', 'ALAIN', '', '0559626857', '', 1, 1, '41117947.0', 'garage.alain.moreno@orange.fr', 'garage.alain.moreno@orange.fr', NULL, '2025-08-26 11:07:00.000000', 4, NULL, 'Commercial 1'),
(285, NULL, NULL, 'GARAGE', 'ROUTE 64-DOMENJOLLE', '', '0559818193', '', 1, 1, '41118047.0', 'garageroute64@gmail.com', 'garageroute64@gmail.com', NULL, '2025-08-26 11:07:00.000000', 4, NULL, 'Commercial 1'),
(286, NULL, NULL, '', 'AUTO DESIGN PALOIS', '', '0559840279', 'Morale', 1, 1, '41105120.0', 'ad.palois@orange.fr', 'ad.palois@orange.fr', NULL, '2025-08-26 11:07:00.000000', 4, NULL, 'Commercial 1'),
(287, NULL, NULL, '', 'AUTO BEARN COURSES', '', '0559062120', '', 1, 1, '41117763.0', 'marc.abc@orange.fr;facturation.abc64@gmail.com', 'marc.abc@orange.fr;facturation.abc64@gmail.com', NULL, '2025-08-26 11:07:00.000000', 4, NULL, 'Commercial 1'),
(288, NULL, NULL, '', 'LACOSTE SERRESCASTET', '', '0559339200', '', 1, 1, '41106160.0', 'facture.abcis496@emilfrey.fr', 'facture.abcis496@emilfrey.fr', NULL, '2025-08-26 11:07:00.000000', 4, NULL, 'Commercial 1'),
(289, NULL, NULL, '', 'PM2 OLIVEIRA', '', '0559928162', '', 1, 1, '41105290.0', 'pm2-oliveira@orange.fr', 'pm2-oliveira@orange.fr', NULL, '2025-08-26 11:07:00.000000', 4, NULL, 'Commercial 1'),
(290, NULL, NULL, '', 'CENDRES SAS', '', '0559921351', '', 1, 1, '41113960.0', 'chantalboucou.cendres@orange.fr', 'chantalboucou.cendres@orange.fr', NULL, '2025-08-26 11:07:00.000000', 4, NULL, 'Commercial 1'),
(291, NULL, NULL, '', 'LOPEZ-DES QUATRE VEZIAUX', '', '', '', 0, 0, '41114070.0', '', '', NULL, '2025-08-26 11:07:00.000000', 4, NULL, 'Commercial 1'),
(292, NULL, NULL, '', 'LADESBIE GERARD', '', '0559719402', 'Morale', 1, 1, '41110910.0', 'gerard.ladesbie@wanadoo.fr', 'gerard.ladesbie@wanadoo.fr', NULL, '2025-08-26 11:07:00.000000', 4, NULL, 'Commercial 1'),
(293, NULL, NULL, '', 'LEVANGE GARAGE', '', '0559774120', '', 1, 1, '41117517.0', 'garagelevange@gmail.com', 'garagelevange@gmail.com', NULL, '2025-08-26 11:07:00.000000', 4, NULL, 'Commercial 1'),
(294, NULL, NULL, '', 'ADOMMECA', '', '', '', 0, 0, '41117819.0', '', '', NULL, '2025-08-26 11:07:00.000000', 4, NULL, 'Commercial 1'),
(295, NULL, NULL, 'GARAGE', 'DEPIOLE', '', '0559217569', '', 1, 1, '41117873.0', 'garagedepioleetfils@gmail.com', 'garagedepioleetfils@gmail.com', NULL, '2025-08-26 11:07:00.000000', 4, NULL, 'Commercial 1'),
(296, NULL, NULL, '', 'GRANDS GARAGES DE BIGORRE', '', '0562943232', '', 1, 1, '41117921.0', 'comptabilite@ggb65.fr', 'comptabilite@ggb65.fr', NULL, '2025-08-26 11:07:00.000000', 4, NULL, 'Commercial 1'),
(297, NULL, NULL, '', 'BR AUTOMOBILE ROUIDJA', '', '', '', 0, 0, '41118113.0', '', '', NULL, '2025-08-26 11:07:00.000000', 4, NULL, 'Commercial 1'),
(298, NULL, NULL, '', 'FLAT MARTINS', '', '0621330645', '', 1, 1, '41118002.0', 'stephane.martinsferreira@sfr.fr', 'stephane.martinsferreira@sfr.fr', NULL, '2025-08-26 11:07:00.000000', 4, NULL, 'Commercial 1'),
(299, NULL, NULL, '', 'MAIRIE DE LONS', '', '', '', 1, 1, '41107440.0', '', '', NULL, '2025-08-26 11:07:00.000000', 4, NULL, 'Commercial 1'),
(300, NULL, NULL, 'GARAGE', 'DES 4 VEZIAUX', '', '562399110', '', 1, 1, '41130025.0', 'garage4veziaux@gmail.com', 'garage4veziaux@gmail.com', NULL, '2025-08-26 11:07:00.000000', 4, NULL, 'Commercial 1'),
(301, NULL, NULL, '', 'DE L\'AVENIR', '', '0559047432', '', 1, 1, '41108730.0', 'jc.dugachard@wanadoo.fr', 'jc.dugachard@wanadoo.fr', NULL, '2025-08-26 11:07:00.000000', 4, NULL, 'Commercial 1'),
(302, NULL, NULL, '', 'CAZENAVE LESCAR GP ELSUZARO', '', '0559811815', 'Morale', 1, 1, '41104740.0', 'carrosserie.cazenave@hotmail.com', 'carrosserie.cazenave@hotmail.com', NULL, '2025-08-26 11:07:00.000000', 4, NULL, 'Commercial 1'),
(303, NULL, NULL, '', 'BSR DE OLIVEIRA', '', '0559214019', '', 1, 1, '41110830.0', 'bsr.oliveira@orange.fr', 'bsr.oliveira@orange.fr', NULL, '2025-08-26 11:07:00.000000', 4, NULL, 'Commercial 1'),
(304, NULL, NULL, '', 'NAY AUTO SPORT', '', '0559611658', '', 1, 1, '41112660.0', '', '', NULL, '2025-08-26 11:07:00.000000', 4, NULL, 'Commercial 1'),
(305, NULL, NULL, 'EURL', 'SOUCAZE YANNICK', '', '562375589', '', 1, 1, '41130015.0', 'soucaze.65@orange.fr', 'compta.soucaze@gmail.com', NULL, '2025-08-26 11:07:00.000000', 4, NULL, 'Commercial 1'),
(306, NULL, NULL, 'SARL', 'CAPDEBOSCQ', '', '0524984297', '', 1, 1, '4117458.0', 'gge.cap@gmail.com', 'gge.cap@gmail.com', NULL, '2025-08-26 11:07:00.000000', 4, NULL, 'Commercial 1'),
(307, NULL, NULL, '', 'DE BUROS', '', '0559302637', '', 1, 1, '41105980.0', 'garage.de.buros@orange.fr', 'garage.de.buros@orange.fr', NULL, '2025-08-26 11:07:00.000000', 4, NULL, 'Commercial 1'),
(308, NULL, NULL, '', 'CLERIS', '', '0559320157', '', 1, 1, '41107050.0', 'carrosserie.cleris@groupelarroutis.com', 'compta@groupelarroutis.com', NULL, '2025-08-26 11:07:00.000000', 4, NULL, 'Commercial 1'),
(309, NULL, NULL, '', 'CAZENAVE MONASSUT', '', '0559774149', '', 1, 1, '41107260.0', 'garage.cazenave@orange.fr', 'garage.cazenave@orange.fr', NULL, '2025-08-26 11:07:00.000000', 4, NULL, 'Commercial 1'),
(310, NULL, NULL, '', 'CASTAGNINO SERGE', '', '0559842387', '', 1, 1, '41107480.0', 'sergecastagnino@wanadoo.fr', 'sergecastagnino@wanadoo.fr', NULL, '2025-08-26 11:07:00.000000', 4, NULL, 'Commercial 1'),
(311, NULL, NULL, 'CARROSSERIE', 'SEPE', '', '0559611926', 'Morale', 1, 1, '41108700.0', 'carrosserie.sepe@wanadoo.fr', 'carrosserie.sepe@wanadoo.fr', NULL, '2025-08-26 11:07:00.000000', 4, NULL, 'Commercial 1'),
(312, NULL, NULL, '', 'SAINT GEORGES', '', '0559821031', '', 1, 1, '41110020.0', 'olivier.carrosseriegeorges@gmail.com', 'olivier.carrosseriegeorges@gmail.com', NULL, '2025-08-26 11:07:00.000000', 4, NULL, 'Commercial 1'),
(313, NULL, NULL, '', 'MENDES', '', '0559532854', '', 1, 1, '41117515.0', 'garagemendes64@gmail.com', 'garagemendes64@gmail.com', NULL, '2025-08-26 11:07:00.000000', 4, NULL, 'Commercial 1'),
(314, NULL, NULL, '', 'LONGY', '', '0562697079', '', 1, 1, '41117389.0', 'garage.longy@orange.fr', 'garage.longy@orange.fr', NULL, '2025-08-26 11:07:00.000000', 4, NULL, 'Commercial 1'),
(315, NULL, NULL, '', 'CASSIEDE', '', '0559216410', '', 1, 1, '41117523.0', 'auto@garagecassiede.fr', 'auto@garagecassiede.fr', NULL, '2025-08-26 11:07:00.000000', 4, NULL, 'Commercial 1'),
(316, NULL, NULL, '', 'PROXI PNEUSERVICE', '', '0559337593', '', 1, 1, '41117656.0', 'alice.bedout@sfr.fr', 'alice.bedout@sfr.fr', NULL, '2025-08-26 11:07:00.000000', 4, NULL, 'Commercial 1'),
(317, NULL, NULL, '', 'N\'SEIGO AUTOMOBILES', '', '0559276678', '', 1, 1, '41117720.0', 'nseigo.automobiles@gmail.com', 'nseigo.automobiles@gmail.com', NULL, '2025-08-26 11:07:00.000000', 4, NULL, 'Commercial 1'),
(318, NULL, NULL, '', 'PYRENEEN ROUYA Frères', '', '', '', 0, 0, '41117785.0', '', '', NULL, '2025-08-26 11:07:00.000000', 4, NULL, 'Commercial 1'),
(319, NULL, NULL, '', 'CIEL ASSOCIATION', '', '0559356551', '', 1, 1, '41117866.0', 'garage@ciel64.fr', 'christine.bolota@ciel64.fr', NULL, '2025-08-26 11:07:00.000000', 4, NULL, 'Commercial 1'),
(320, NULL, NULL, '', 'RS AUTO', '', '', '', 0, 0, '41117984.0', '', '', NULL, '2025-08-26 11:07:00.000000', 4, NULL, 'Commercial 1'),
(321, NULL, NULL, '', 'PERRIN CARROSSERIE HP', '', '', '', 0, 0, '41118041.0', '', '', NULL, '2025-08-26 11:07:00.000000', 4, NULL, 'Commercial 1'),
(322, NULL, NULL, 'GARAGE', 'ASSAT\'AUTO', '', '0559820472', '', 1, 1, '41118044.0', 'assat.auto@yahoo.com', 'assat.auto@yahoo.com', NULL, '2025-08-26 11:07:00.000000', 4, NULL, 'Commercial 1'),
(323, NULL, NULL, '', 'VITRAGES AUTO BEARNAIS', '', '', '', 1, 1, '41118135.0', 'vab64000@gmail.com', 'vab64000@gmail.com', NULL, '2025-08-26 11:07:00.000000', 4, NULL, 'Commercial 1'),
(324, NULL, NULL, 'GARAGE', 'DU PONT NEUF', '', '614596970', 'Morale', 1, 1, '41118220.0', 'aa.garagedupontneuf@orange.fr', 'aa.garagedupontneuf@orange.fr', NULL, '2025-08-26 11:07:00.000000', 4, NULL, 'Commercial 1'),
(325, NULL, NULL, '', 'CARROSSERIE NOGUEIRA', '', '', '', 0, 0, '41108950.0', '', '', NULL, '2025-08-26 11:07:00.000000', 4, NULL, 'Commercial 1'),
(326, NULL, NULL, '', 'BERSANS FILS', '', '0559056214', '', 1, 1, '41106070.0', 'sarl.bersans@wanadoo.fr', 'sarl.bersans@wanadoo.fr', NULL, '2025-08-26 11:07:00.000000', 4, NULL, 'Commercial 1'),
(327, NULL, NULL, '', 'SUD ELEC AUTO', '', '0559770585', '', 1, 1, '41104770.0', '', '', NULL, '2025-08-26 11:07:00.000000', 4, NULL, 'Commercial 1'),
(328, NULL, NULL, '', 'DES LACS', '', '', '', 0, 0, '41117758.0', '', '', NULL, '2025-08-26 11:07:00.000000', 4, NULL, 'Commercial 1'),
(329, NULL, NULL, '', 'RIFGLASS', '', '', '', 0, 0, '41118223.0', '', '', NULL, '2025-08-26 11:07:00.000000', 4, NULL, 'Commercial 1'),
(330, NULL, NULL, '', 'PAROT SERVICE VI TARBES', '', '562900777', '', 1, 1, '41130026.0', 'm.mellet@groupe-parot.com', 'p.cruzel@groupe-parot.com', NULL, '2025-08-26 11:07:00.000000', 4, NULL, 'Commercial 1'),
(331, NULL, NULL, '', 'ETS CENDRES', '', '', '', 0, 0, '41108030.0', '', '', NULL, '2025-08-26 11:07:00.000000', 4, NULL, 'Commercial 1'),
(332, NULL, NULL, '', 'MARTIN OLORON', '', '0559393337', '', 1, 1, '41110300.0', 'sarlgaragemartinetfils@orange.fr', 'sarlgaragemartinetfils@orange.fr', NULL, '2025-08-26 11:07:00.000000', 4, NULL, 'Commercial 1'),
(333, NULL, NULL, '', 'BEARN PARE BRISE', '', '0559626401', '', 1, 1, '41110490.0', 'bearnparebrise@sfr.fr', 'bearnparebrise@sfr.fr', NULL, '2025-08-26 11:07:00.000000', 4, NULL, 'Commercial 1'),
(334, NULL, NULL, '', 'DELLE VEDOVE', '', '0562697008', '', 1, 1, '41111630.0', 'garage.dellevedove@wanadoo.fr', 'garage.dellevedove@wanadoo.fr', NULL, '2025-08-26 11:07:00.000000', 4, NULL, 'Commercial 1'),
(335, NULL, NULL, '', 'CARLINO EMMANUEL', '', '0562693428', '', 1, 1, '41112890.0', 'garage.carlino@gmx.fr', 'garage.carlino@gmx.fr', NULL, '2025-08-26 11:07:00.000000', 4, NULL, 'Commercial 1'),
(336, NULL, NULL, '', 'LANOT GROUSSET BIZANOS', '', '0559270023', '', 1, 1, '41113330.0', '', '', NULL, '2025-08-26 11:07:00.000000', 4, NULL, 'Commercial 1'),
(337, NULL, NULL, 'CARROSSERIE', 'DA SILVA', '', '559729687', '', 1, 1, '41130005.0', 'carrosseriedasilvalons@sfr.fr', 'carrosseriedasilvalons@sfr.fr', NULL, '2025-08-26 11:07:00.000000', 4, NULL, 'Commercial 1'),
(338, NULL, NULL, '', 'ONCINS', '', '0559215556', '', 1, 1, '41105830.0', 'garageoncins@wanadoo.fr', 'garageoncins@wanadoo.fr', NULL, '2025-08-26 11:07:00.000000', 4, NULL, 'Commercial 1'),
(339, NULL, NULL, '', 'GAMBADE', '', '0559213489', 'Morale', 1, 1, '41106150.0', 'sarl.gambade@wanadoo.fr', 'sarl.gambade@wanadoo.fr', NULL, '2025-08-26 11:07:00.000000', 4, NULL, 'Commercial 1'),
(340, NULL, NULL, 'ETS', 'AGRAZ', '', '0559396220', '', 1, 1, '41109330.0', 'carrosserie.agraz@gmail.com', 'carrosserie.agraz@gmail.com', NULL, '2025-08-26 11:07:00.000000', 4, NULL, 'Commercial 1'),
(341, NULL, NULL, '', 'DE LA CALLE-TARBES', '', '0562364969', '', 1, 1, '41109500.0', 'garage.delacalle@wanadoo.fr', 'garage.delacalle@wanadoo.fr', NULL, '2025-08-26 11:07:00.000000', 4, NULL, 'Commercial 1'),
(342, NULL, NULL, '', 'SARRAZIN', '', '0559281097', '', 1, 1, '41110120.0', '', '', NULL, '2025-08-26 11:07:00.000000', 4, NULL, 'Commercial 1'),
(343, NULL, NULL, '', 'DOS SANTOS', '', '0559535221', 'Morale', 1, 1, '41117402.0', 'garagedossantos@orange.fr', 'garagedossantos@orange.fr', NULL, '2025-08-26 11:07:00.000000', 4, NULL, 'Commercial 1'),
(344, NULL, NULL, 'SARL', 'BEARN RADIATEURS', '', '0559337515', '', 1, 1, '41117788.0', 'bearn.radiateurs@wanadoo.fr', 'bearn.radiateurs@wanadoo.fr', NULL, '2025-08-26 11:07:00.000000', 4, NULL, 'Commercial 1'),
(345, NULL, NULL, '', 'OURDAS AUTOMOBILES', '', '0562694538', '', 1, 1, '41118051.0', 'ourdasautomobiles@gmail.com', 'ourdasautomobiles@gmail.com', NULL, '2025-08-26 11:07:00.000000', 4, NULL, 'Commercial 1'),
(346, NULL, NULL, 'GARAGE', 'JOSE', '', '559320617', '', 1, 1, '41118131.0', 'garage.jose@wanadoo.fr', 'garage.jose@wanadoo.fr', NULL, '2025-08-26 11:07:00.000000', 4, NULL, 'Commercial 1'),
(347, NULL, NULL, '', 'KF AUTOMOBILE', '', '0559305927', 'Morale', 1, 1, '41117698.0', 'kf-automobile@outlook.fr', 'kf-automobile@outlook.fr', NULL, '2025-08-26 11:07:00.000000', 4, NULL, 'Commercial 1'),
(348, NULL, NULL, '', 'DUCASSOU', '', '0559816102', '', 1, 1, '41107130.0', 'andre.ducassou64@orange.fr', 'andre.ducassou64@orange.fr', NULL, '2025-08-26 11:07:00.000000', 4, NULL, 'Commercial 1'),
(349, NULL, NULL, 'CARROSSERIE', 'ANGOUMOISINE', '', '0545952381', 'Morale', 1, 1, '41119680.0', 'carrosserieangoumoisine@gmail.com', 'carrosserieangoumoisine@gmail.com', NULL, '2025-08-26 11:07:00.000000', 4, NULL, 'Commercial 1'),
(350, NULL, NULL, 'SARL', 'ROMA', '', '559131516', '', 1, 1, '41130010.0', 'akia.france@gmail.com', 'akia.france@gmail.com', NULL, '2025-08-26 11:07:00.000000', 4, NULL, 'Commercial 1'),
(351, NULL, NULL, 'GARAGE', 'MENDES AUTO', '', '559611346', '', 1, 1, '41130017.0', 'mendesauto64800@gmail.com', 'mendesauto64800@gmail.com', NULL, '2025-08-26 11:07:00.000000', 4, NULL, 'Commercial 1'),
(352, NULL, NULL, '', 'LASMAZERES', '', '0559028670', '', 1, 1, '41105200.0', 'magaly.garagelasmazeres@orange.fr', 'magaly.garagelasmazeres@orange.fr', NULL, '2025-08-26 11:07:00.000000', 4, NULL, 'Commercial 1'),
(353, NULL, NULL, '', 'LABRIT ALCIDE', '', '0559661632', '', 1, 1, '41107310.0', 'garagelabrit@wanadoo.fr', 'garagelabrit@wanadoo.fr', NULL, '2025-08-26 11:07:00.000000', 4, NULL, 'Commercial 1'),
(354, NULL, NULL, '', 'POURTAU MICHEL', '', '0559680065', '', 1, 1, '41107990.0', 'valerie.michel64@orange.fr', 'valerie.michel64@orange.fr', NULL, '2025-08-26 11:07:00.000000', 4, NULL, 'Commercial 1'),
(355, NULL, NULL, '', 'BATAN LEPEYRE GILLES', '', '0562974204', '', 1, 1, '41110510.0', 'comptabatan@gmail.com', 'comptabatan@gmail.com', NULL, '2025-08-26 11:07:00.000000', 4, NULL, 'Commercial 1'),
(356, NULL, NULL, 'GARAGE', 'DU FOIRAIL', '', '0559808215', '', 1, 1, '41117619.0', 'garagedufoirailpau@gmail.com', 'garagedufoirailpau@gmail.com', NULL, '2025-08-26 11:07:00.000000', 4, NULL, 'Commercial 1'),
(357, NULL, NULL, '', 'ARROUSES GGE CITROEN', '', '0559042046', '', 1, 1, '41117817.0', 'garagearrouses@orange.fr', 'garagearrouses@orange.fr', NULL, '2025-08-26 11:07:00.000000', 4, NULL, 'Commercial 1'),
(358, NULL, NULL, '', 'LASTECOUERES AUTOMOBILES', '', '0559045315', '', 1, 1, '41118067.0', 'contact@lastecoueres.fr', 'contact@lastecoueres.fr', NULL, '2025-08-26 11:07:00.000000', 4, NULL, 'Commercial 1'),
(359, NULL, NULL, 'SARL', 'GARAGE JAURY', '', '0559281513', '', 1, 1, '41108270.0', 'cidalia.garage.jaury@orange.fr', 'cidalia.garage.jaury@orange.fr', NULL, '2025-08-26 11:07:00.000000', 4, NULL, 'Commercial 1'),
(360, NULL, NULL, '', 'AUTO 64 OCCASION YUKSEL TURAN', '', '0627373773', 'Morale', 1, 1, '41117493.0', 'auto64occasion@gmail.com', 'auto64occasion@gmail.com', NULL, '2025-08-26 11:07:00.000000', 4, NULL, 'Commercial 1'),
(361, NULL, NULL, '', 'LAHET DOMINIQUE', '', '', '', 0, 0, '41107800.0', '', '', NULL, '2025-08-26 11:07:00.000000', 4, NULL, 'Commercial 1'),
(362, NULL, NULL, '', 'EUROMASTER', '', '', '', 0, 0, '41109490.0', '', '', NULL, '2025-08-26 11:07:00.000000', 4, NULL, 'Commercial 1'),
(363, NULL, NULL, 'GARAGE', 'DES PYRENEES', '', '0562927634', '', 1, 1, '41117577.0', 'garagedespyrenees@sfr.fr', 'garagedespyrenees@sfr.fr', NULL, '2025-08-26 11:07:00.000000', 4, NULL, 'Commercial 1'),
(364, NULL, NULL, 'CARROSSERIE', 'BORDENEUVE', '', '0562643957', '', 1, 1, '41117978.0', 'carrosseriebordeneuve@gmail.com', 'carrosseriebordeneuve@gmail.com', NULL, '2025-08-26 11:07:00.000000', 4, NULL, 'Commercial 1'),
(365, NULL, NULL, '', 'CAMSUZOU S.A.R.L.', '', '0559344157', '', 1, 1, '41107100.0', 'camsuzou.garage@wanadoo.fr', 'camsuzou.garage@wanadoo.fr', NULL, '2025-08-26 11:07:00.000000', 4, NULL, 'Commercial 1'),
(366, NULL, NULL, '', 'SERROIS', '', '0559332030', '', 1, 1, '41107630.0', 'garage.serrois@orange.fr', 'garage.serrois@orange.fr', NULL, '2025-08-26 11:07:00.000000', 4, NULL, 'Commercial 1'),
(367, NULL, NULL, '', 'MAT PRO MECA', '', '', '', 0, 0, '41117834.0', '', '', NULL, '2025-08-26 11:07:00.000000', 4, NULL, 'Commercial 1'),
(368, NULL, NULL, '', 'RG MECA 65', '', '', '', 1, 1, '41118124.0', 'rgmeca65@gmail.com', 'rgmeca65@gmail.com', NULL, '2025-08-26 11:07:00.000000', 4, NULL, 'Commercial 1'),
(369, NULL, NULL, '', 'INTENSE AUTOMOBILES', '', '', 'Morale', 1, 1, '41118186.0', 'mickael.carreira@hapyauto.fr', 'isabelle.sisquellas@hapyauto.fr', NULL, '2025-08-26 11:07:00.000000', 4, NULL, 'Commercial 1'),
(370, NULL, NULL, '', 'DUFOUR ET FILS', '', '0559622720', '', 1, 1, '41105130.0', 'carrosserie.dufour@wanadoo.fr', 'carrosserie.dufour@wanadoo.fr', NULL, '2025-08-26 11:07:00.000000', 4, NULL, 'Commercial 1'),
(371, NULL, NULL, '', 'BUROU', '', '0559683164', '', 1, 1, '41106540.0', 'garage.burou@wanadoo.fr', 'garage.burou@wanadoo.fr', NULL, '2025-08-26 11:07:00.000000', 4, NULL, 'Commercial 1'),
(372, NULL, NULL, '', 'JS AUTO', '', '', '', 1, 1, '41117366.0', 'bourg-automobile@orange.fr', 'bourg-automobile@orange.fr', NULL, '2025-08-26 11:07:00.000000', 4, NULL, 'Commercial 1'),
(373, NULL, NULL, '', 'JM AUTO EURL', '', '0559988572', '', 1, 1, '41117776.0', 'jm.auto.narcastet@gmail.com', 'jm.auto.narcastet@gmail.com', NULL, '2025-08-26 11:07:00.000000', 4, NULL, 'Commercial 1'),
(374, NULL, NULL, '', 'DRIGOU', '', '0562675041', '', 1, 1, '41105820.0', 'eurl.drigou.compta.marina@gmail.com', 'compta@drigou.fr', NULL, '2025-08-26 11:07:00.000000', 4, NULL, 'Commercial 1'),
(375, NULL, NULL, '', 'RIGAL', '', '0562453394', '', 1, 1, '41110060.0', '', 'rac.competition@wanadoo.fr', NULL, '2025-08-26 11:07:00.000000', 4, NULL, 'Commercial 1'),
(376, NULL, NULL, '', 'CATALAA', '', '0559399236', '', 1, 1, '41111530.0', 'garage.catalaa@wanadoo.fr', 'garage.catalaa@wanadoo.fr', NULL, '2025-08-26 11:07:00.000000', 4, NULL, 'Commercial 1'),
(377, NULL, NULL, 'CARROSSERIE', 'DANIEL', '', '0562693777', '', 1, 1, '41111730.0', 'martine.daniel6@orange.fr', 'martine.daniel6@orange.fr', NULL, '2025-08-26 11:07:00.000000', 4, NULL, 'Commercial 1'),
(378, NULL, NULL, '', 'DU BOURG NEUF', '', '0559334144', '', 1, 1, '41105510.0', 'garage.pecastaing@garagebourgneuf.fr', 'garage.pecastaing@garagebourgneuf.fr', NULL, '2025-08-26 11:07:00.000000', 4, NULL, 'Commercial 1'),
(379, NULL, NULL, 'SAS GARAGE', 'PROVENCE', '', '0559331292', 'Morale', 1, 1, '41105530.0', 'serge.cuyala-provence@wanadoo.fr', 'serge.cuyala-provence@wanadoo.fr', NULL, '2025-08-26 11:07:00.000000', 4, NULL, 'Commercial 1');
INSERT INTO `front_client` (`id`, `nom`, `prenom`, `civilite`, `rs_nom`, `classement_client`, `telephone`, `statut`, `en_compte`, `actif`, `code_comptable`, `email`, `email_comptabilite`, `siret`, `date_creation`, `commercial_id`, `commentaires`, `commercial`) VALUES
(380, NULL, NULL, 'CARROSSERIE DU', 'GRAND BASQUE', '', '0559501059', '', 1, 1, '41117780.0', 'contact@g-basque.fr', 'contact@g-basque.fr', NULL, '2025-08-26 11:07:00.000000', 4, NULL, 'Commercial 1'),
(381, NULL, NULL, 'CARROSSERIE', 'ELUSATE', '', '0562098540', '', 1, 1, '41118069.0', 'cie.elusate@gmail.com', 'cie.elusate@gmail.com', NULL, '2025-08-26 11:07:00.000000', 4, NULL, 'Commercial 1'),
(382, NULL, NULL, 'GARAGE', 'DA COSTA MIGUEL', '', '0559058487', 'Morale', 1, 1, '41118229.0', 'garagedacostamiguel@orange.fr', 'garagedacostamiguel@orange.fr', NULL, '2025-08-26 11:07:00.000000', 4, NULL, 'Commercial 1'),
(383, NULL, NULL, 'GARAGE', 'SENEPART', '', '559058332', '', 1, 1, '41118111.0', 'garagesenepart@gmail.com', 'garagesenepart@gmail.com', NULL, '2025-08-26 11:07:00.000000', 4, NULL, 'Commercial 1'),
(384, NULL, NULL, '', 'EM SELLERIE', '', '602085514', 'Morale', 1, 1, '41118249.0', 'contact@em-sellerie.fr', 'contact@em-sellerie.fr', NULL, '2025-08-26 11:07:00.000000', 4, NULL, 'Commercial 1'),
(385, NULL, NULL, '', 'COUMES JEAN PHILIPPE', '', '', '', 0, 0, '41105540.0', '', '', NULL, '2025-08-26 11:07:00.000000', 4, NULL, 'Commercial 1'),
(386, NULL, NULL, '', 'LANOT GROUSSET', '', '0559710656', '', 1, 1, '41106990.0', 'garage.lanot-grousset@orange.fr', 'garage.lanot-grousset@orange.fr', NULL, '2025-08-26 11:07:00.000000', 4, NULL, 'Commercial 1'),
(387, NULL, NULL, 'GARAGE', 'FERRAN', '', '', 'Morale', 1, 1, '41109510.0', 'garage.ferran64@gmail.com', 'garage.ferran64@gmail.com', NULL, '2025-08-26 11:07:00.000000', 4, NULL, 'Commercial 1'),
(388, NULL, NULL, 'SAS', 'SELECT AUTO / STATION TOTAL', '', '0611846030', 'Morale', 1, 1, '41113830.0', 'sasselectauto@gmail.com', 'sasselectauto@gmail.com', NULL, '2025-08-26 11:07:00.000000', 4, NULL, 'Commercial 1'),
(389, NULL, NULL, 'SARL', 'AGS PERFORMANCE', '', '952536209', '', 1, 1, '41130004.0', 'contact@ags-performance.com', 'contact@ags-performance.com', NULL, '2025-08-26 11:07:00.000000', 4, NULL, 'Commercial 1'),
(390, NULL, NULL, 'SAS', 'GP LESCAR DELKO', '', '559133040', '', 1, 1, '41130024.0', 'delko.lescar@delko.fr', 'delko.lescar@delko.fr', NULL, '2025-08-26 11:07:00.000000', 4, NULL, 'Commercial 1'),
(391, NULL, NULL, '', 'LOUMAGNE FRANCK', '', '562082050', '', 1, 1, '41111700.0', 'franck.loumagne@wanadoo.fr', 'franck.loumagne@wanadoo.fr', NULL, '2025-08-26 11:07:00.000000', 4, NULL, 'Commercial 1'),
(392, NULL, NULL, '', 'ATOMIC GARAGE', '', '0559395300', '', 1, 1, '41117479.0', 'garage.atomic.auto@orange.fr', 'garage.atomic.auto@orange.fr', NULL, '2025-08-26 11:07:00.000000', 4, NULL, 'Commercial 1'),
(393, NULL, NULL, 'GARAGE', 'NEZCO 65', '', '0983374268', '', 1, 1, '41117671.0', 'damien.connez@bbox.fr', 'damien.connez@bbox.fr', NULL, '2025-08-26 11:07:00.000000', 4, NULL, 'Commercial 1'),
(394, NULL, NULL, '', 'CL AUTO', '', '0559539616', '', 1, 1, '41117851.0', 'clauto64800@yahoo.com', 'clauto64800@yahoo.com', NULL, '2025-08-26 11:07:00.000000', 4, NULL, 'Commercial 1'),
(395, NULL, NULL, 'GARAGE', 'PELLEN AUTOMOBILE', '', '', 'Morale', 1, 1, '41118250.0', 'pellenautomobile@gmail.com', 'pellenautomobile@gmail.com', NULL, '2025-08-26 11:07:00.000000', 4, NULL, 'Commercial 1'),
(396, NULL, NULL, 'GARAGE', 'DANTON', '', '0562355016', '', 1, 1, '41105750.0', 'garage.danton@orange.fr', 'garage.danton@orange.fr', NULL, '2025-08-26 11:07:00.000000', 4, NULL, 'Commercial 1'),
(397, NULL, NULL, '', 'STATION ST CHRISTOPHE-SC DESPAUX', '', '0562952175', '', 1, 1, '41117684.0', 'aurelien.despaux@scdespaux.fr', 'aurelien.despaux@scdespaux.fr', NULL, '2025-08-26 11:07:00.000000', 4, NULL, 'Commercial 1'),
(398, NULL, NULL, '', 'ETS SAUVAGE', '', '', '', 0, 0, '41111490.0', '', '', NULL, '2025-08-26 11:07:00.000000', 4, NULL, 'Commercial 1'),
(399, NULL, NULL, 'SAS', 'RENAULT RETAIL GROUP BORDEAUX BRUGE', 'B Vert', '0556171819', '', 1, 1, '', 'laure.begin@renault.com', 'facturesrrg@retail.renault.com', NULL, '2025-08-26 11:07:00.000000', 6, NULL, 'Commercial 3'),
(400, NULL, NULL, 'CARROSSERIE', 'VINCENDEAU', 'B Vert', '0556050425', '', 1, 1, '', 'sarl.vincendeau@orange.fr', 'sarl.vincendeau@orange.fr', NULL, '2025-08-26 11:07:00.000000', 6, NULL, 'Commercial 3'),
(401, NULL, NULL, 'SAS', 'STELLANTIS YOU FRANCE SAS', 'B Vert', '556846767', '', 1, 1, '', 'christelle.renault@stellantis.com', 'christelle.renault@stellantis.com', NULL, '2025-08-26 11:07:00.000000', 6, NULL, 'Commercial 3'),
(402, NULL, NULL, 'SARL', 'AEROGARAGE', 'C Vert', '556134317', '', 1, 1, '', 'atelier.aerogarage@gmail.com', 'atelier.aerogarage@gmail.com', NULL, '2025-08-26 11:07:00.000000', 6, NULL, 'Commercial 3'),
(403, NULL, NULL, 'SOCIETE', 'PESSAC AUTOMOBILE SERVICES', 'B Vert', '547332654', '', 1, 1, '', 'pessacautomobile@gmail.com', 'pessacautomobile@gmail.com', NULL, '2025-08-26 11:07:00.000000', 6, NULL, 'Commercial 3'),
(404, NULL, NULL, 'CARROSSERIE', 'AEROPORT CLIMATIC AUTO', 'B vert', '0556348811', '', 1, 1, '', 'atelier.carrosserie@carrosserieaeroport.fr', 'comptabilite@carrosserieaeroport.fr', NULL, '2025-08-26 11:07:00.000000', 6, NULL, 'Commercial 3'),
(405, NULL, NULL, 'GARAGE', 'PECOUT AUTOMOBILE', 'B vert', '0557512099', '', 1, 1, '', 'garage.pecout@orange.fr', 'garage.pecout@orange.fr', NULL, '2025-08-26 11:07:00.000000', 6, NULL, 'Commercial 3'),
(406, NULL, NULL, 'SARL', 'SARDINHA RICARDO', 'Vert', '558821796', '', 1, 1, '', 'sardinha-ricardo@orange.fr', 'sardinha-ricardo@orange.fr', NULL, '2025-08-26 11:07:00.000000', 1, NULL, 'Commercial 2'),
(407, NULL, NULL, 'CARROSSERIE', 'SUD BASSIN', 'B Vert', '0556229999', '', 1, 1, '', 'teyssier-frederic@orange.fr', 'teyssier-frederic@orange.fr', NULL, '2025-08-26 11:07:00.000000', 6, NULL, 'Commercial 3'),
(408, NULL, NULL, 'GARAGE', 'SUD MEDOC', 'B Bleu', '0556288521', '', 1, 1, '', 'garagesudmedoc@orange.fr', 'garagesudmedoc@orange.fr', NULL, '2025-08-26 11:07:00.000000', 6, NULL, 'Commercial 3'),
(409, NULL, NULL, 'CARROSSERIE', 'SAUBION', 'B Vert', '0556886202', '', 1, 1, '', 'adcarrosseriesaubion@gmail.com', 'adcarrosseriesaubion@gmail.com', NULL, '2025-08-26 11:07:00.000000', 6, NULL, 'Commercial 3'),
(410, NULL, NULL, 'SARL', 'AGENCE AUTOMOBILE FRANCOIS', 'B Vert', '0556076664', '', 1, 1, '', 'francois.jean_michel@me.com', 'francois.jean_michel@me.com', NULL, '2025-08-26 11:07:00.000000', 6, NULL, 'Commercial 3'),
(411, NULL, NULL, 'CARROSSERIE', 'FRANCISCO', 'A vert', '0556802054', '', 1, 1, '', 'carrosserie.francisco@wanadoo.fr', 'compta.carrosseriefrancisco@orange.fr', NULL, '2025-08-26 11:07:00.000000', 6, NULL, 'Commercial 3'),
(412, NULL, NULL, 'CARROSSERIE', 'CBC', 'A vert', '0556206967', '', 1, 1, '', 'carrosserie-cbc@orange.fr', 'carrosserie-cbc@orange.fr', NULL, '2025-08-26 11:07:00.000000', 6, NULL, 'Commercial 3'),
(413, NULL, NULL, 'SARL', 'JEMATY AUTOMOBILE', 'B vert', '556410100', '', 1, 1, '', 'reception.atelier@jematy.fr', 'comptabilite@jematy.fr', NULL, '2025-08-26 11:07:00.000000', 6, NULL, 'Commercial 3'),
(414, NULL, NULL, 'SARL', 'GRADIGNAN AUTOMOBILES SERVICES', 'B vert', '0556892504', '', 1, 1, '', 'jsaintsever@groupe-am.fr', 'jsaintsever@groupe-am.fr', NULL, '2025-08-26 11:07:00.000000', 6, NULL, 'Commercial 3'),
(415, NULL, NULL, 'CARROSSERIE', 'LAVERGNE', 'A vert', '0556577102', '', 1, 1, '', 'christophe.lavergne2@wanadoo.fr', 'christophe.lavergne2@wanadoo.fr', NULL, '2025-08-26 11:07:00.000000', 6, NULL, 'Commercial 3'),
(416, NULL, NULL, 'SARL', 'FA MECANIQUE', 'B vert', '681337429', '', 1, 1, '', 'contact@garage-yvrac-fa.fr', 'contact@garage-yvrac-fa.fr', NULL, '2025-08-26 11:07:00.000000', 6, NULL, 'Commercial 3'),
(417, NULL, NULL, 'GARAGE', 'LACAMPAGNE JM', 'Vert', '0556673394', '', 1, 1, '', 'garage.lacampagne@wanadoo.fr', 'garage.lacampagne@wanadoo.fr', NULL, '2025-08-26 11:07:00.000000', 1, NULL, 'Commercial 2'),
(418, NULL, NULL, 'SARL', 'STATION LE VIGEAN', 'B Bleu', '0556431083', '', 1, 1, '', 'alvarez.rene-paul@orange.fr', 'alvarez.rene-paul@orange.fr', NULL, '2025-08-26 11:07:00.000000', 6, NULL, 'Commercial 3'),
(419, NULL, NULL, 'SARL', 'BH MECA 33', 'B Vert', '0556668627', '', 1, 1, '', 'bhmeca33@orange.fr', 'bhmeca33@orange.fr', NULL, '2025-08-26 11:07:00.000000', 6, NULL, 'Commercial 3'),
(420, NULL, NULL, 'GARAGE', 'COUVIDOUX', 'C Vert', '0556602190', '', 1, 1, '', 'couvidouxgge@orange.fr', 'comptacouvidoux@gmail.com', NULL, '2025-08-26 11:07:00.000000', 6, NULL, 'Commercial 3'),
(421, NULL, NULL, '', 'MECANIQUE AUTO IMPORT', 'C Noir', '557050278', 'Morale', 1, 1, '', 'mecanique.auto.import@gmail.com', 'mecanique.auto.import@gmail.com', NULL, '2025-08-26 11:07:00.000000', 6, NULL, 'Commercial 3'),
(422, NULL, NULL, 'CARROSSERIE', 'BORDEAUX SUD AUTO', 'A bleu', '0557964484', '', 1, 1, '', 'david.lanneluc@groupe-sipa.fr', 'david.lanneluc@groupe-sipa.fr', NULL, '2025-08-26 11:07:00.000000', 6, NULL, 'Commercial 3'),
(423, NULL, NULL, 'SARL', 'ORIGINAL GARAGE', 'B Bleu', '556283736', '', 1, 1, '', 'originalgarage.eysines@gmail.com', 'originalgarage.eysines@gmail.com', NULL, '2025-08-26 11:07:00.000000', 6, NULL, 'Commercial 3'),
(424, NULL, NULL, 'SARL', 'BOIENNES AUTOMOBILES', 'B Vert', '0556826787', '', 1, 1, '', 'boiennes.automobiles@orange.fr', 'boiennes.automobiles@orange.fr', NULL, '2025-08-26 11:07:00.000000', 6, NULL, 'Commercial 3'),
(425, NULL, NULL, 'SARL', 'CESTAS AUTOMOBILES SERVICES', 'B Bleu', '0556782479', '', 1, 1, '', 'fduporge@groupe-am.fr;mdussaux@groupe-am.fr', 'mdussaux@groupe-am.fr', NULL, '2025-08-26 11:07:00.000000', 6, NULL, 'Commercial 3'),
(426, NULL, NULL, 'SARL', 'MORETTO DAYON', 'B Vert', '556647525', '', 1, 1, '', 's.renaultleognan@gmail.com', 's.renaultleognan@gmail.com', NULL, '2025-08-26 11:07:00.000000', 6, NULL, 'Commercial 3'),
(427, NULL, NULL, 'CARROSSERIE', 'NIETO', 'B Noir', '0557881308', '', 1, 1, '', 'carrosserienieto.ludon@gmail.com', 'carrosserienieto.ludon@gmail.com', NULL, '2025-08-26 11:07:00.000000', 6, NULL, 'Commercial 3'),
(428, NULL, NULL, 'SARL', 'BORDEAUX SUD AUTOMOBILES', 'A Vert', '0557964444', '', 1, 1, '', 'guy.vergez@sipa-automobiles.fr;laurent.dupont@sipa', 'laurent.duprat@sipa-automobiles.fr', NULL, '2025-08-26 11:07:00.000000', 6, NULL, 'Commercial 3'),
(429, NULL, NULL, 'CARROSSERIE', 'BREDOISE', 'C Vert', '556202462', '', 1, 1, '', 'carrosserie@bredoise.com', 'carrosserie@bredoise.com', NULL, '2025-08-26 11:07:00.000000', 6, NULL, 'Commercial 3'),
(430, NULL, NULL, 'SARL', 'BURCK AUTO', 'B Noir', '0556456071', '', 1, 1, '', 'burck.auto@orange.fr', 'burck.auto@orange.fr', NULL, '2025-08-26 11:07:00.000000', 6, NULL, 'Commercial 3'),
(431, NULL, NULL, 'GARAGE', 'DU PARC', '', '0519082930', 'Morale', 1, 1, '', 'contact@cm-garageduparc.com', 'contact@cm-garageduparc.com', NULL, '2025-08-26 11:07:00.000000', 6, NULL, 'Commercial 3'),
(432, NULL, NULL, 'SAS', 'MADDYSON GARAGE', '', '556221907', '', 1, 1, '', 'illico.gujan@gmail.com', 'illico.gujan@gmail.com', NULL, '2025-08-26 11:07:00.000000', 6, NULL, 'Commercial 3'),
(433, NULL, NULL, 'CARROSSERIE', 'DU BASSIN', 'B Vert', '557704845', '', 1, 1, '', 'cciedubassin@gmail.com', 'cciedubassin@gmail.com', NULL, '2025-08-26 11:07:00.000000', 6, NULL, 'Commercial 3'),
(434, NULL, NULL, 'SARL', 'SERVICES AUTO 21', 'B Vert', '0557269987', '', 1, 1, '', 'serviceauto21@hotmail.fr', 'serviceauto21@hotmail.fr', NULL, '2025-08-26 11:07:00.000000', 6, NULL, 'Commercial 3'),
(435, NULL, NULL, 'SAS', 'L ATELIER MECA', 'B Vert', '', '', 1, 1, '', 'lateliermeca33290@gmail.com', 'lateliermeca33290@gmail.com', NULL, '2025-08-26 11:07:00.000000', 6, NULL, 'Commercial 3'),
(436, NULL, NULL, 'GARAGE', 'DE BERLINCAN', 'C Vert', '556702472', '', 1, 1, '', 'garagedeberlincan@orange.fr', 'garagedeberlincan@orange.fr', NULL, '2025-08-26 11:07:00.000000', 6, NULL, 'Commercial 3'),
(437, NULL, NULL, 'SAS', 'PAUILLAC AUTOMOBILES', 'B Bleu', '556592828', '', 1, 1, '', 'pauillacautomobiles@orange.fr', 'pauillacautomobiles@orange.fr', NULL, '2025-08-26 11:07:00.000000', 6, NULL, 'Commercial 3'),
(438, NULL, NULL, 'GARAGE', 'DACTA', 'B Bleu', '0556893131', '', 1, 1, '', 'carrosdacta@gmail.com', 'carrosdacta@gmail.com', NULL, '2025-08-26 11:07:00.000000', 6, NULL, 'Commercial 3'),
(439, NULL, NULL, 'SAS', 'BOUFFET AUTOMOBILES', 'B Vert', '556750606', '', 1, 1, '', 'automobiles@bouffet.com', 'automobiles@bouffet.com', NULL, '2025-08-26 11:07:00.000000', 6, NULL, 'Commercial 3'),
(440, NULL, NULL, 'SAS', 'TRESSES AUTOMOBILES', 'B Noir', '557973737', 'Morale', 1, 1, '', 'francz.carrere@garage-tresses.fr', 'mc.darmau@garage-tresses.fr', NULL, '2025-08-26 11:07:00.000000', 6, NULL, 'Commercial 3'),
(441, NULL, NULL, '', 'CGA', 'B Bleu', '619630609', '', 1, 1, '', 'carrosseriecga@gmail.com', 'carrosseriecga@gmail.com', NULL, '2025-08-26 11:07:00.000000', 6, NULL, 'Commercial 3'),
(442, NULL, NULL, 'GARAGE', 'DES CITES', 'C Bleu', '556869841', '', 1, 1, '', 'garage.descites@orange.fr', 'garage.descites@orange.fr', NULL, '2025-08-26 11:07:00.000000', 6, NULL, 'Commercial 3'),
(443, NULL, NULL, 'SARL', 'EURO PNEU IMPORT', 'B Noir', '556880643', '', 1, 1, '', 'euro-pneu-import@wanadoo.fr', 'euro-pneu-import@wanadoo.fr', NULL, '2025-08-26 11:07:00.000000', 6, NULL, 'Commercial 3'),
(444, NULL, NULL, 'GARAGE', 'GOBINAU', 'B Vert', '559098044', '', 1, 1, '', 'garage.gobinau.33780@orange.fr', 'garage.gobinau.33780@orange.fr', NULL, '2025-08-26 11:07:00.000000', 1, NULL, 'Commercial 2'),
(445, NULL, NULL, '', 'LVL MECANIQUE AUTO', 'C Noir', '684457471', 'Morale', 1, 1, '', 'lvl-mecanique@hotmail.com', 'lvl-mecanique@hotmail.com', NULL, '2025-08-26 11:07:00.000000', 6, NULL, 'Commercial 3'),
(446, NULL, NULL, 'SAS', 'AM CARROSSERIE', 'B Vert', '0556059335', '', 1, 1, '', 'amcarrosserie33@gmail.com', 'amcarrosserie33@gmail.com', NULL, '2025-08-26 11:07:00.000000', 6, NULL, 'Commercial 3'),
(447, NULL, NULL, 'SARL', 'AUTOCORP', 'B Vert', '0533054974', '', 1, 1, '', 'garage.autocorp@gmail.com', 'garage.autocorp@gmail.com', NULL, '2025-08-26 11:07:00.000000', 6, NULL, 'Commercial 3'),
(448, NULL, NULL, 'GARAGE', 'CAILLEAU', 'B Noir', '0556432873', '', 1, 1, '', 'performancepluscarrosserie@gmail.com', 'performancepluscarrosserie@gmail.com', NULL, '2025-08-26 11:07:00.000000', 6, NULL, 'Commercial 3'),
(449, NULL, NULL, '', 'AUTO CONFORT 33', 'B noir', '', '', 1, 1, '', 'autoconfort@gmail.com', 'autoconfort@gmail.com', NULL, '2025-08-26 11:07:00.000000', 6, NULL, 'Commercial 3'),
(450, NULL, NULL, 'CARROSSERIE DES', 'TABERNOTTES', 'A vert', '0556812677', '', 1, 1, '', 'carrosseriedestabernottes@orange.fr', 'carrosseriedestabernottes@orange.fr', NULL, '2025-08-26 11:07:00.000000', 6, NULL, 'Commercial 3'),
(451, NULL, NULL, 'CARROSSERIE', 'CLEMENCEAU', 'C Vert', '0556161459', '', 1, 1, '', 'car.clemenceau@wanadoo.fr', 'car.clemenceau@wanadoo.fr', NULL, '2025-08-26 11:07:00.000000', 6, NULL, 'Commercial 3'),
(452, NULL, NULL, 'SARL', 'ADR', 'B Bleu', '556700353', '', 1, 1, '', 'garageadr33@gmail.com', 'garageadr33@gmail.com', NULL, '2025-08-26 11:07:00.000000', 6, NULL, 'Commercial 3'),
(453, NULL, NULL, 'GARAGE', 'AUTO DYNAMIC', 'Vert', '0557954320', '', 1, 1, '', 'autodynamic33@gmail.com', 'autodynamic33@gmail.com', NULL, '2025-08-26 11:07:00.000000', 6, NULL, 'Commercial 3'),
(454, NULL, NULL, '', 'ROND POINT 33', 'C Vert', '', '', 0, 0, '', '', '', NULL, '2025-08-26 11:07:00.000000', 6, NULL, 'Commercial 3'),
(455, NULL, NULL, '', 'CAR FACTORY SERVICE', 'C Noir', '780839354', 'Morale', 1, 1, '', 'carfactoryservice33@gmail.com', 'carfactoryservice33@gmail.com', NULL, '2025-08-26 11:07:00.000000', 6, NULL, 'Commercial 3'),
(456, NULL, NULL, 'SAS', 'VERGE', 'B Bleu', '0556862718', '', 1, 1, '', 'ngvsas33@gmail.com', 'ngvsas33@gmail.com', NULL, '2025-08-26 11:07:00.000000', 6, NULL, 'Commercial 3'),
(457, NULL, NULL, 'GARAGE', 'AUTOSYSTEM', '', '556011331', '', 1, 1, '', 'garage.autosystem@gmail.com', 'garage.autosystem@gmail.com', NULL, '2025-08-26 11:07:00.000000', 6, NULL, 'Commercial 3'),
(458, NULL, NULL, 'CARROSSERIE', 'LAHITETTE', 'A vert', '0556914827', '', 1, 1, '', 'carrosserie.lahitette@wanadoo.fr', 'carrosserie.lahitette@wanadoo.fr', NULL, '2025-08-26 11:07:00.000000', 6, NULL, 'Commercial 3'),
(459, NULL, NULL, 'SAS', 'JAS 33', 'C Vert', '557804803', '', 1, 1, '', 'jemaautoservices@gmail.com', 'jemaautoservices@gmail.com', NULL, '2025-08-26 11:07:00.000000', 6, NULL, 'Commercial 3'),
(460, NULL, NULL, 'ETS', 'AMR AUTO M AMARA', 'C Vert', '', '', 1, 1, '', 'auto.amr33@gmail.com', 'auto.amr33@gmail.com', NULL, '2025-08-26 11:07:00.000000', 6, NULL, 'Commercial 3'),
(461, NULL, NULL, 'NOUVELLE CARROSSERIE DE', 'TIVOLI', 'B vert', '0556083905', '', 1, 1, '', 'dacosta.jose33@gmail.com', 'dacosta.jose33@gmail.com', NULL, '2025-08-26 11:07:00.000000', 6, NULL, 'Commercial 3'),
(462, NULL, NULL, '', 'SVP UTILITAIRES', 'Vert', '0680750995', 'Morale', 1, 1, '', 'jbmarin33@gmail.com', 'comptabilitesvputilitaires@gmail.com', NULL, '2025-08-26 11:07:00.000000', 6, NULL, 'Commercial 3'),
(463, NULL, NULL, 'SARL', 'CBA', 'B Bleu', '556956175', '', 1, 1, '', 'accueil@garage-cba.com', 'compta@garage-cba.com', NULL, '2025-08-26 11:07:00.000000', 6, NULL, 'Commercial 3'),
(464, NULL, NULL, 'SARL', 'AUTO AQUITAINE 2', 'A vert', '0557614238', '', 1, 1, '', 'sarlautoaquitaine2@hotmail.com', 'sarlautoaquitaine2@hotmail.com', NULL, '2025-08-26 11:07:00.000000', 6, NULL, 'Commercial 3'),
(465, NULL, NULL, '', 'AQUITAINE AUTOMOBILES', '', '0556155035', 'Morale', 1, 1, '', 'olivierheraut@aquitaineautomobiles.com', 'olivierheraut@aquitaineautomobiles.com', NULL, '2025-08-26 11:07:00.000000', 6, NULL, 'Commercial 3'),
(466, NULL, NULL, 'GARAGE', 'GRAMOND', '', '0556522278', '', 1, 1, '', 'renault@garage-gramond.fr', 'renault@garage-gramond.fr', NULL, '2025-08-26 11:07:00.000000', 6, NULL, 'Commercial 3'),
(467, NULL, NULL, 'CARROSSERIE', 'DK BOSS', '', '0556703332', '', 1, 1, '', 'dk.boss@outlook.fr', 'dk.boss@outlook.fr', NULL, '2025-08-26 11:07:00.000000', 6, NULL, 'Commercial 3'),
(468, NULL, NULL, 'CARROSSERIE', 'DES BOULEVARDS', '', '0556853755', '', 1, 1, '', 'carrosseriedesboulevards@gmail.com', 'carrosseriedesboulevards@gmail.com', NULL, '2025-08-26 11:07:00.000000', 6, NULL, 'Commercial 3'),
(469, NULL, NULL, 'SARL', 'BZ AUTO', '', '', '', 1, 1, '', 'hakim33160@gmail.com', 'hakim33160@gmail.com', NULL, '2025-08-26 11:07:00.000000', 6, NULL, 'Commercial 3'),
(470, NULL, NULL, 'SARL', 'SEVRA AUTOMOBILES', '', '556750106', '', 1, 1, '', 'garage.sevra@orange.fr', 'garage.sevra@orange.fr', NULL, '2025-08-26 11:07:00.000000', 6, NULL, 'Commercial 3'),
(471, NULL, NULL, 'GARAGE', 'LOLOMECA', '', '', 'Morale', 1, 1, '', 'garagelolomeca@gmail.com', 'garagelolomeca@gmail.com', NULL, '2025-08-26 11:07:00.000000', 6, NULL, 'Commercial 3'),
(472, NULL, NULL, 'CARROSSERIE', 'SAINT LOUBERT ET FILS', '', '0556802614', '', 1, 1, '', 'saint.loubert@wanadoo.fr', 'saint.loubert@wanadoo.fr', NULL, '2025-08-26 11:07:00.000000', 6, NULL, 'Commercial 3'),
(473, NULL, NULL, '', 'FORT', '', '', '', 0, 0, '', '', '', NULL, '2025-08-26 11:07:00.000000', 6, NULL, 'Commercial 3'),
(474, NULL, NULL, 'CARROSSERIE', 'DE SOUSA AUTOMOBILES', '', '0986280768', '', 1, 1, '', 'desousa.autos@gmail.com', 'desousa.autos@gmail.com', NULL, '2025-08-26 11:07:00.000000', 6, NULL, 'Commercial 3'),
(475, NULL, NULL, 'SARL', 'RENAULT LA BREDE', '', '0556202595', '', 1, 1, '', 'carrosserie@renault-labrede.fr', 'fournisseur@renault-labrede.fr', NULL, '2025-08-26 11:07:00.000000', 6, NULL, 'Commercial 3'),
(476, NULL, NULL, 'GARAGE', 'J VIERA', '', '556599012', '', 1, 1, '', 'jacintho.vieira@wanadoo.fr', 'jacintho.vieira@wanadoo.fr', NULL, '2025-08-26 11:07:00.000000', 6, NULL, 'Commercial 3'),
(477, NULL, NULL, 'SARL', 'COLOR AUTO', '', '0556791515', '', 1, 1, '', 'magic.claverie@orange.fr', 'magic.claverie@orange.fr', NULL, '2025-08-26 11:07:00.000000', 6, NULL, 'Commercial 3'),
(478, NULL, NULL, 'GARAGE', 'LJB', '', '556028542', '', 1, 1, '', 'garage.ljb@gmail.com', 'garage.ljb@gmail.com', NULL, '2025-08-26 11:07:00.000000', 6, NULL, 'Commercial 3'),
(479, NULL, NULL, 'CARROSSERIE', 'BEGLAISE', '', '0556858043', '', 1, 1, '', 'carrosserie.beglaise@wanadoo.fr', 'carrosserie.beglaise@wanadoo.fr', NULL, '2025-08-26 11:07:00.000000', 6, NULL, 'Commercial 3'),
(480, NULL, NULL, 'GARAGE', 'PERCOT', '', '0556081187', '', 1, 1, '', 'garagepercot@orange.fr', 'garagepercot@orange.fr', NULL, '2025-08-26 11:07:00.000000', 6, NULL, 'Commercial 3'),
(481, NULL, NULL, '', 'TDM 33', '', '', '', 1, 1, '', 'piere2811@gmail.com', 'piere2811@gmail.com', NULL, '2025-08-26 11:07:00.000000', 6, NULL, 'Commercial 3'),
(482, NULL, NULL, 'GARAGE', 'DE PICHEY', '', '556340489', '', 1, 1, '', 'garage.pichey@gmail.com', 'garage.pichey@gmail.com', NULL, '2025-08-26 11:07:00.000000', 6, NULL, 'Commercial 3'),
(483, NULL, NULL, 'SARL', 'DELKO VILLENAVE D ORNON', '', '557961451', '', 1, 1, '', 'delko.villenave@delko.fr', 'delko.villenave@delko.fr', NULL, '2025-08-26 11:07:00.000000', 6, NULL, 'Commercial 3'),
(484, NULL, NULL, 'CARROSSERIE', 'SANANES', '', '0556362041', '', 1, 1, '', 'carrosserie.sananes@wanadoo.fr', 'carrosserie.sananes@wanadoo.fr', NULL, '2025-08-26 11:07:00.000000', 6, NULL, 'Commercial 3'),
(485, NULL, NULL, 'SARL', 'ANOUILH AUTOMOBILES', '', '0556202108', '', 1, 1, '', 'garage-citroen@orange.fr', 'comptabilite@anouilh-automobiles.com', NULL, '2025-08-26 11:07:00.000000', 6, NULL, 'Commercial 3'),
(486, NULL, NULL, 'CARROSSERIE', 'BIGANOS', '', '0556827005', '', 1, 1, '', 'biganos@caro-cie.com', 'compta@caro-cie.com', NULL, '2025-08-26 11:07:00.000000', 6, NULL, 'Commercial 3'),
(487, NULL, NULL, 'SAS', 'DEFI AUTO 33', '', '662554147', '', 1, 1, '', 'defi.auto33@gmail.com', 'defi.auto33@gmail.com', NULL, '2025-08-26 11:07:00.000000', 6, NULL, 'Commercial 3'),
(488, NULL, NULL, 'CARROSSERIE', 'WALCKER', '', '0556470384', '', 1, 1, '', 'carros.walcker@orange.fr', 'carros.walcker@orange.fr', NULL, '2025-08-26 11:07:00.000000', 6, NULL, 'Commercial 3'),
(489, NULL, NULL, 'SARL', 'ARVI', '', '556451946', '', 1, 1, '', 'aplusglass33@wanadoo.fr', 'aplusglass33@wanadoo.fr', NULL, '2025-08-26 11:07:00.000000', 6, NULL, 'Commercial 3'),
(490, NULL, NULL, 'SAS', 'DEDICAR ROADY MERIGNAC', '', '0557000175', '', 1, 1, '', 'pdv04807.direction@mousquetaires.com', 'pdv04807.direction@mousquetaires.com', NULL, '2025-08-26 11:07:00.000000', 6, NULL, 'Commercial 3'),
(491, NULL, NULL, 'CARROSSERIE', 'MARTIN', '', '556602555', '', 1, 1, '', 'carrosserie.stephane.martin@orange.fr', 'carrosserie.stephane.martin@orange.fr', NULL, '2025-08-26 11:07:00.000000', 6, NULL, 'Commercial 3'),
(492, NULL, NULL, '', 'VM AUTO', '', '', 'Morale', 1, 1, '', 'vvmauto05@gmail.com', 'vvmauto05@gmail.com', NULL, '2025-08-26 11:07:00.000000', 6, NULL, 'Commercial 3'),
(493, NULL, NULL, 'SOCIETE', 'RS LINE', '', '0556099757', 'Morale', 1, 1, '', 'rsline@rsgroupe33.com', 'rsline@rsgroupe33.com', NULL, '2025-08-26 11:07:00.000000', 6, NULL, 'Commercial 3'),
(494, NULL, NULL, 'SARL', 'B2M AUTOMOBILES', '', '556216110', '', 1, 1, '', 'sav@b2mautomobiles.fr', 'sav@b2mautomobiles.fr', NULL, '2025-08-26 11:07:00.000000', 6, NULL, 'Commercial 3'),
(495, NULL, NULL, 'SARL', 'MEDOC AUTO PRO', '', '0556285482', '', 1, 1, '', 'medocautopro@orange.fr', 'medocautopro@orange.fr', NULL, '2025-08-26 11:07:00.000000', 6, NULL, 'Commercial 3'),
(496, NULL, NULL, 'SARL', 'DOM AUTO', '', '0556912695', '', 1, 1, '', 'domauto@gmx.com', 'domauto@gmx.com', NULL, '2025-08-26 11:07:00.000000', 6, NULL, 'Commercial 3'),
(497, NULL, NULL, '', 'AUTO CITY', '', '', '', 0, 0, '', '', '', NULL, '2025-08-26 11:07:00.000000', 6, NULL, 'Commercial 3'),
(498, NULL, NULL, 'CARROSSERIE', 'CA2K', '', '0556918555', '', 1, 1, '', 'cpm.ca2k@gmail.com', 'cpm.ca2k@gmail.com', NULL, '2025-08-26 11:07:00.000000', 6, NULL, 'Commercial 3'),
(499, NULL, NULL, 'CARROSSERIE', 'BOUSCAT TIVOLI', '', '0556080099', '', 1, 1, '', 'gorrochategui@wanadoo.fr', 'gorrochategui@wanadoo.fr', NULL, '2025-08-26 11:07:00.000000', 6, NULL, 'Commercial 3'),
(500, NULL, NULL, 'CARROSSERIE', 'LAHITETTE PESSAC', '', '0556450005', '', 1, 1, '', 'carrosserie@lahitette.fr', 'carrosserie@lahitette.fr', NULL, '2025-08-26 11:07:00.000000', 6, NULL, 'Commercial 3'),
(501, NULL, NULL, 'SAS', 'NGC L ATELIER', '', '556703088', '', 1, 1, '', 'naturalglossconcept@gmail.com', 'naturalglossconcept@gmail.com', NULL, '2025-08-26 11:07:00.000000', 6, NULL, 'Commercial 3'),
(502, NULL, NULL, 'SAS', 'ABS', '', '556571934', 'Morale', 1, 1, '', 'absblanquefort@orange.fr', 'absblanquefort@orange.fr', NULL, '2025-08-26 11:07:00.000000', 6, NULL, 'Commercial 3'),
(503, NULL, NULL, 'GARAGE', 'DE PICHEY', '', '556340489', '', 1, 1, '', 'garage.pichey@gmail.com', 'garage.pichey@gmail.com', NULL, '2025-08-26 11:07:00.000000', 6, NULL, 'Commercial 3'),
(504, NULL, NULL, 'GARAGE', 'ILLACAIS', '', '0556787914', '', 1, 1, '', 'garage.illacais@gmail.com', 'garage.illacais@gmail.com', NULL, '2025-08-26 11:07:00.000000', 6, NULL, 'Commercial 3'),
(505, NULL, NULL, 'SAS GARAGE', 'METOIS', '', '0556508149', '', 1, 1, '', 'garage.metois@orange.fr', 'garage.metois@orange.fr', NULL, '2025-08-26 11:07:00.000000', 6, NULL, 'Commercial 3'),
(506, NULL, NULL, 'SARL', 'AUTO DESIGN COLORS', '', '', '', 1, 1, '', 'autodesigncolors@gmail.com', 'autodesigncolors@gmail.com', NULL, '2025-08-26 11:07:00.000000', 6, NULL, 'Commercial 3'),
(507, NULL, NULL, 'SARL', 'NORD BASSIN AUTO', '', '0556268429', 'Morale', 1, 1, '', 'vincent@nordbassinauto.fr', 'vincent@nordbassinauto.fr', NULL, '2025-08-26 11:07:00.000000', 6, NULL, 'Commercial 3'),
(508, NULL, NULL, 'SAS', 'LEYR AUTOS', '', '564311600', '', 1, 1, '', 'contact@leyrautos.fr', 'contact@leyrautos.fr', NULL, '2025-08-26 11:07:00.000000', 6, NULL, 'Commercial 3'),
(509, NULL, NULL, 'CARROSSERIE', 'JOE CO', '', '981759579', '', 1, 1, '', 'joecocarrosserie@gmail.com', 'joecocarrosserie@gmail.com', NULL, '2025-08-26 11:07:00.000000', 6, NULL, 'Commercial 3'),
(510, NULL, NULL, 'SARL', 'TECHNIC AUTO', '', '554680956', '', 1, 1, '', 'technicauto33@gmail.com', 'technicauto33@gmail.com', NULL, '2025-08-26 11:07:00.000000', 6, NULL, 'Commercial 3'),
(511, NULL, NULL, 'CARROSSERIE', 'SAINT LAURENTAISE', '', '556599155', '', 1, 1, '', 'carrosseriesaintlaurentaise@orange.fr', 'carrosseriesaintlaurentaise@orange.fr', NULL, '2025-08-26 11:07:00.000000', 6, NULL, 'Commercial 3'),
(512, NULL, NULL, 'CARROSSERIE', 'DES LACS', '', '556871716', '', 1, 1, '', 'cdldeslacs@sfr.fr', 'cdldeslacs@sfr.fr', NULL, '2025-08-26 11:07:00.000000', 6, NULL, 'Commercial 3'),
(513, NULL, NULL, 'EURL', 'LE NOTRE AUTOMOBILE', '', '556667665', '', 1, 1, '', 'garage-lenotre@orange.fr', 'garage-lenotre@orange.fr', NULL, '2025-08-26 11:07:00.000000', 6, NULL, 'Commercial 3'),
(514, NULL, NULL, 'GARAGE', 'DU TAILLAN', '', '0556351502', '', 1, 1, '', 'garage.taillan33@gmail.com', 'garage.taillan33@gmail.com', NULL, '2025-08-26 11:07:00.000000', 6, NULL, 'Commercial 3'),
(515, NULL, NULL, '', 'GAZINET AUTOMOBILES SERVICES', '', '', '', 0, 0, '', '', '', NULL, '2025-08-26 11:07:00.000000', 6, NULL, 'Commercial 3'),
(516, NULL, NULL, 'SARL', 'BOUEY AUTOMOBILES', '', '', '', 1, 1, '', 'boueyautomobiles@gmail.com', 'boueyautomobiles@gmail.com', NULL, '2025-08-26 11:07:00.000000', 6, NULL, 'Commercial 3'),
(517, NULL, NULL, 'SAS', 'VIRAGE PNEU', '', '', 'Morale', 1, 1, '', 'viragepneu.contact@gmail.com', 'viragepneu.contact@gmail.com', NULL, '2025-08-26 11:07:00.000000', 6, NULL, 'Commercial 3'),
(518, NULL, NULL, 'SARL', 'LACASSAGNE', '', '556203175', '', 1, 1, '', 'contact@garagelacassagne.fr', 'contact@garagelacassagne.fr', NULL, '2025-08-26 11:07:00.000000', 6, NULL, 'Commercial 3'),
(519, NULL, NULL, 'SAS', 'LAURENT S CARS', '', '556575132', '', 1, 1, '', 'carrosserie.laurentscars@gmail.com', 'carrosserie.laurentscars@gmail.com', NULL, '2025-08-26 11:07:00.000000', 6, NULL, 'Commercial 3'),
(520, NULL, NULL, 'CARROSSERIE', 'CHEVALIER SARL ABCP', '', '0556938499', '', 1, 1, '', 'abcpcarrosserie.chevalier@gmail.com', 'abcpcarrosserie.chevalier@gmail.com', NULL, '2025-08-26 11:07:00.000000', 6, NULL, 'Commercial 3'),
(521, NULL, NULL, 'GARAGE', 'COURBET', '', '0556751460', '', 1, 1, '', 'turker.sahin@orange.fr', 'turker.sahin@orange.fr', NULL, '2025-08-26 11:07:00.000000', 6, NULL, 'Commercial 3'),
(522, NULL, NULL, 'CARROSSERIE', 'LOUIS', '', '0557931005', '', 1, 1, '', 'carrosserielouis@outlook.fr', 'carrosserielouis@outlook.fr', NULL, '2025-08-26 11:07:00.000000', 6, NULL, 'Commercial 3'),
(523, NULL, NULL, 'CARROSSERIE', 'FARADAY', '', '0556286731', '', 1, 1, '', 'sasfaraday@gmail.com', 'sasfaraday@gmail.com', NULL, '2025-08-26 11:07:00.000000', 6, NULL, 'Commercial 3'),
(524, NULL, NULL, 'GARAGE', 'BRONCHAL AD EXPERT', '', '0556515655', '', 1, 1, '', 'bronchal.auto@gmail.com', 'bronchal.auto@gmail.com', NULL, '2025-08-26 11:07:00.000000', 6, NULL, 'Commercial 3'),
(525, NULL, NULL, 'CARROSSERIE', 'BOUFFET', '', '0556373707', '', 1, 1, '', 'carrosserie@bouffet.com', 'carrosserie@bouffet.com', NULL, '2025-08-26 11:07:00.000000', 6, NULL, 'Commercial 3'),
(526, NULL, NULL, 'ETS', 'ZR AUTO', '', '', '', 1, 1, '', 'zr.auto33@gmail.com', 'zr.auto33@gmail.com', NULL, '2025-08-26 11:07:00.000000', 6, NULL, 'Commercial 3'),
(527, NULL, NULL, 'GARAGE', 'AUTOMOBILE LARROZE DELKO LEOGNAN', '', '547741203', '', 1, 1, '', 'delko.leognan@delko.fr', 'delko.leognan@delko.fr', NULL, '2025-08-26 11:07:00.000000', 6, NULL, 'Commercial 3'),
(528, NULL, NULL, 'SARL', 'BMC BORDEAUX MARITIME CARROSSERIE', '', '0547476511', '', 1, 1, '', 'bordeauxmaritimecarrosserie@gmail.com', 'bordeauxmaritimecarrosserie@gmail.com', NULL, '2025-08-26 11:07:00.000000', 6, NULL, 'Commercial 3'),
(529, NULL, NULL, 'SAS', 'GUYARD R', '', '0557884222', '', 1, 1, '', 'guyardmagasin@rguyard.com; etsrguyard@rguyard.com', 'etsrguyard@rguyard.com', NULL, '2025-08-26 11:07:00.000000', 6, NULL, 'Commercial 3'),
(530, NULL, NULL, 'GARAGE', 'PIEDALLOS', '', '0556051079', '', 1, 1, '', 'garage.piedallos33@orange.fr', 'garage.piedallos33@orange.fr', NULL, '2025-08-26 11:07:00.000000', 6, NULL, 'Commercial 3'),
(531, NULL, NULL, 'SAS', 'ROADY', '', '556364322', '', 1, 1, '', 'pdv02293@mousquetaires.com', 'pdv02293@mousquetaires.com', NULL, '2025-08-26 11:07:00.000000', 6, NULL, 'Commercial 3'),
(532, NULL, NULL, 'CARROSSERIE', 'COUTURAS', '', '0556240434', '', 1, 1, '', 'couturas.acc@orange.fr', 'couturas.acc@orange.fr', NULL, '2025-08-26 11:07:00.000000', 6, NULL, 'Commercial 3'),
(533, NULL, NULL, 'GARAGE', 'DU HUGA', '', '556267471', '', 1, 1, '', 'garageduhuga@orange.fr', 'garageduhuga@orange.fr', NULL, '2025-08-26 11:07:00.000000', 6, NULL, 'Commercial 3'),
(534, NULL, NULL, 'CARROSSERIE', 'LABAT', '', '', '', 1, 1, '', 'carrosserielabat@wanadoo.fr', 'relaisdelacanau@wanadoo.fr', NULL, '2025-08-26 11:07:00.000000', 6, NULL, 'Commercial 3'),
(535, NULL, NULL, 'SAS', 'PAREMPUYRE SERVICES AUTOS', '', '952853386', '', 1, 1, '', 'parempuyreservicesautos@gmail.com', 'parempuyreservicesautos@gmail.com', NULL, '2025-08-26 11:07:00.000000', 6, NULL, 'Commercial 3'),
(536, NULL, NULL, 'CARROSSERIE', 'BEL AIR', '', '556983468', '', 1, 1, '', 'belaircarrosserie.33@gmail.com', 'belaircarrosserie.33@gmail.com', NULL, '2025-08-26 11:07:00.000000', 6, NULL, 'Commercial 3'),
(537, NULL, NULL, 'SAS', 'DBF BORDEAUX VW', '', '556138080', '', 1, 1, '', 'francois.voute@dbf-autos.fr', 'francois.voute@dbf-autos.fr', NULL, '2025-08-26 11:07:00.000000', 6, NULL, 'Commercial 3'),
(538, NULL, NULL, 'SAS', 'N ET F CARS-GGE DU PONT DE L\'ORIENT', '', '0556070988', '', 1, 1, '', 'garage.pontdelorient@orange.fr', 'garage.pontdelorient@orange.fr', NULL, '2025-08-26 11:07:00.000000', 6, NULL, 'Commercial 3'),
(539, NULL, NULL, 'GARAGE', 'PS 33', '', '524725316', '', 1, 1, '', 'contact@ps-33.com', 'contact@ps-33.com', NULL, '2025-08-26 11:07:00.000000', 6, NULL, 'Commercial 3'),
(540, NULL, NULL, 'ETS', 'BOUTEVILLE', '', '0556505832', '', 1, 1, '', 'ets-pierre.bouteville@orange.fr;comptabilite.boute', 'comptabilite@etsbouteville.fr', NULL, '2025-08-26 11:07:00.000000', 6, NULL, 'Commercial 3'),
(541, NULL, NULL, '', 'SPACE AUTOMOBILE', '', '0547741131', 'Morale', 1, 1, '', 'fournisseur@space-auto.fr', 'fournisseur@space-auto.fr', NULL, '2025-08-26 11:07:00.000000', 6, NULL, 'Commercial 3'),
(542, NULL, NULL, 'SARL', 'MDB', '', '767462286', '', 1, 1, '', 'contact@mecaniquedubassin.com', 'contact@mecaniquedubassin.com', NULL, '2025-08-26 11:07:00.000000', 6, NULL, 'Commercial 3'),
(543, NULL, NULL, 'GARAGE', 'MECA SERVICE', '', '556594646', '', 1, 1, '', 'mecaservice33@orange.fr', 'mecaservice33@orange.fr', NULL, '2025-08-26 11:07:00.000000', 6, NULL, 'Commercial 3'),
(544, NULL, NULL, 'SAS', 'ATS AUTOMOTIVE TRADE SERVICES', '', '', '', 1, 1, '', 'automotivetradeservices@gmail.com', 'automotivetradeservices@gmail.com', NULL, '2025-08-26 11:07:00.000000', 6, NULL, 'Commercial 3'),
(545, NULL, NULL, 'SARL', 'AUTO CONCEPT COLOR', '', '', '', 1, 1, '', 'contact@autoconcept-color.fr', 'contact@autoconcept-color.fr', NULL, '2025-08-26 11:07:00.000000', 6, NULL, 'Commercial 3'),
(546, NULL, NULL, 'SAS', 'ATS 33', '', '0556807023', '', 1, 1, '', 'garage.ats33@gmail.com', 'garage.ats33@gmail.com', NULL, '2025-08-26 11:07:00.000000', 6, NULL, 'Commercial 3'),
(547, NULL, NULL, 'SAS', 'AQUITAINE BOITES DE VITESSES', '', '556495272', '', 1, 1, '', 'aq.bv@orange.fr', 'aq.bv@orange.fr', NULL, '2025-08-26 11:07:00.000000', 6, NULL, 'Commercial 3'),
(548, NULL, NULL, 'GARAGE', 'SANTIAGO MARTIN', '', '0556887149', '', 1, 1, '', 'santiago.martin@orange.fr', 'santiago.martin@orange.fr', NULL, '2025-08-26 11:07:00.000000', 6, NULL, 'Commercial 3'),
(549, NULL, NULL, 'GARAGE', 'AUBIN et FILS', '', '0556647025', '', 1, 1, '', 'garageaubincitroen@wanadoo.fr', 'garageaubincitroen@wanadoo.fr', NULL, '2025-08-26 11:07:00.000000', 6, NULL, 'Commercial 3'),
(550, NULL, NULL, 'SARL', 'MYAUTO SERVICE', '', '953916305', '', 1, 1, '', 'contact@myautoservice.fr', 'contact@myautoservice.fr', NULL, '2025-08-26 11:07:00.000000', 6, NULL, 'Commercial 3'),
(551, NULL, NULL, 'GARAGE', 'GARCIA DELPHIN', '', '0556264781', '', 1, 1, '', 'garage.garcia0781@orange.fr', 'garage.garcia0781@orange.fr', NULL, '2025-08-26 11:07:00.000000', 6, NULL, 'Commercial 3'),
(552, NULL, NULL, 'GARAGE', 'BRICE JM', '', '0556952886', '', 1, 1, '', 'claude.garage@orange.fr', 'claude.garage@orange.fr', NULL, '2025-08-26 11:07:00.000000', 6, NULL, 'Commercial 3'),
(553, NULL, NULL, 'SARL', 'SPEEDY BEGLES GEKO', '', '0557670317', '', 1, 1, '', 'gekoautomobile@gmail.com', 'gekoautomobile@gmail.com', NULL, '2025-08-26 11:07:00.000000', 6, NULL, 'Commercial 3'),
(554, NULL, NULL, 'SAS', 'R2C AVIA LE BOUSCAT', '', '556086205', '', 1, 1, '', 'r2c@points.fr', 'r2c@points.fr', NULL, '2025-08-26 11:07:00.000000', 6, NULL, 'Commercial 3'),
(555, NULL, NULL, 'ETS', 'BOUTEVILLE', '', '0556505832', '', 1, 1, '', 'ets-pierre.bouteville@orange.fr;comptabilite.boute', 'comptabilite@etsbouteville.fr', NULL, '2025-08-26 11:07:00.000000', 6, NULL, 'Commercial 3'),
(556, NULL, NULL, 'SARL', 'DE OLIVEIRA AUTOMOBILE', '', '0556217399', '', 1, 1, '', 'deoliveira22@wanadoo.fr', 'deoliveira22@wanadoo.fr', NULL, '2025-08-26 11:07:00.000000', 6, NULL, 'Commercial 3'),
(557, NULL, NULL, 'SARL', 'DENIS CARROSSERIE', '', '556219603', '', 1, 1, '', 'deniscarrosserie@orange.fr', 'deniscarrosserie@orange.fr', NULL, '2025-08-26 11:07:00.000000', 6, NULL, 'Commercial 3'),
(558, NULL, NULL, 'CARROSSERIE', 'DONATE JC', '', '0556366656', '', 1, 1, '', 'carrosserie.donate@gmail.com', 'carrosserie.donate@gmail.com', NULL, '2025-08-26 11:07:00.000000', 6, NULL, 'Commercial 3'),
(559, NULL, NULL, 'EURL', 'LAUTREC', '', '556588208', '', 1, 1, '', 'ludovic.lautrec@hotmail.fr', 'ludovic.lautrec@hotmail.fr', NULL, '2025-08-26 11:07:00.000000', 6, NULL, 'Commercial 3'),
(560, NULL, NULL, 'CARROSSERIE', 'LTD', '', '556541154', '', 1, 1, '', 'didier.davey@orange.fr', 'didier.davey@orange.fr', NULL, '2025-08-26 11:07:00.000000', 6, NULL, 'Commercial 3'),
(561, NULL, NULL, 'SARL', 'MIDAS MERIGNAC', '', '556977373', '', 1, 1, '', '1293@midasfrance.net', '1293@midasfrance.net', NULL, '2025-08-26 11:07:00.000000', 6, NULL, 'Commercial 3'),
(562, NULL, NULL, 'SARL', 'BEL AIR AUTOMOBILES', '', '0556740702', '', 1, 1, '', 'belairautomobiles@orange.fr', 'belairautomobiles@orange.fr', NULL, '2025-08-26 11:07:00.000000', 6, NULL, 'Commercial 3'),
(563, NULL, NULL, 'SARL', 'LE PORGE CARROSSERIE', '', '557701546', '', 1, 1, '', 'leporge.carrosserie@orange.fr', 'leporge.carrosserie@orange.fr', NULL, '2025-08-26 11:07:00.000000', 6, NULL, 'Commercial 3'),
(564, NULL, NULL, 'GARAGE', 'RLP CITROEN PLACIDO', '', '556870877', '', 1, 1, '', 'contact@citroen-placido.com', 'contact@citroen-placido.com', NULL, '2025-08-26 11:07:00.000000', 6, NULL, 'Commercial 3'),
(565, NULL, NULL, 'GARAGE', 'GUALDE J CH', '', '556493403', '', 1, 1, '', 'jcg.auto@laposte.net', 'jcg.auto@laposte.net', NULL, '2025-08-26 11:07:00.000000', 6, NULL, 'Commercial 3'),
(566, NULL, NULL, 'SARL', 'BEST AUTO', '', '556861201', '', 1, 1, '', 'best-auto@orange.fr', 'best-auto@orange.fr', NULL, '2025-08-26 11:07:00.000000', 6, NULL, 'Commercial 3'),
(567, NULL, NULL, 'SARL', 'PUERTOLAS', '', '0556561970', '', 1, 1, '', 'laurent.puertolas@orange.fr', 'laurent.puertolas@orange.fr', NULL, '2025-08-26 11:07:00.000000', 6, NULL, 'Commercial 3'),
(568, NULL, NULL, 'SARL', 'ROAD TRIP AUTO', '', '', '', 1, 1, '', 'roadtripauto33@gmail.com', 'roadtripauto33@gmail.com', NULL, '2025-08-26 11:07:00.000000', 6, NULL, 'Commercial 3'),
(569, NULL, NULL, 'ETS', 'CALVENTE MCCA', '', '0556309558', '', 1, 1, '', 'contact@calvente.fr', 'contact@calvente.fr', NULL, '2025-08-26 11:07:00.000000', 6, NULL, 'Commercial 3'),
(570, NULL, NULL, 'SAS', 'IB33 CARROSSERIE', '', '0556066305', '', 1, 1, '', 'ib33carrosserie@gmail.com', 'ib33carrosserie@gmail.com', NULL, '2025-08-26 11:07:00.000000', 6, NULL, 'Commercial 3'),
(571, NULL, NULL, 'GARAGE', 'DE BELIN', '', '540052790', '', 1, 1, '', 'garagedebelin@gmail.com', 'garagedebelin@gmail.com', NULL, '2025-08-26 11:07:00.000000', 6, NULL, 'Commercial 3'),
(572, NULL, NULL, 'SARL', 'PREMIUM CARROSSERIE', '', '0556350414', '', 1, 1, '', 'sarl.premium.carrosserie@gmail.com', 'sarl.premium.carrosserie@gmail.com', NULL, '2025-08-26 11:07:00.000000', 6, NULL, 'Commercial 3'),
(573, NULL, NULL, 'SAS', 'AS AUTO SERVICES', '', '', '', 1, 1, '', 'asautoservices33@gmail.com', 'asautoservices33@gmail.com', NULL, '2025-08-26 11:07:00.000000', 6, NULL, 'Commercial 3'),
(574, NULL, NULL, 'SAS', 'MANDRON AUTOMOBILES', '', '0557190929', '', 1, 1, '', 'carrosserie@mandron-auto.fr', 'compta@mandron-auto.fr', NULL, '2025-08-26 11:07:00.000000', 6, NULL, 'Commercial 3'),
(575, NULL, NULL, 'CARROSSERIE', 'BLANCO', '', '0558894572', '', 1, 1, '', 'carrosserieblanco@gmail.com', 'carrosserieblanco@gmail.com', NULL, '2025-08-26 11:07:00.000000', 6, NULL, 'Commercial 3'),
(576, NULL, NULL, 'GARAGE', 'CASSOU C.', '', '0556284065', '', 1, 1, '', 'garagecassou@gmail.com', 'garagecassou@gmail.com', NULL, '2025-08-26 11:07:00.000000', 6, NULL, 'Commercial 3'),
(577, NULL, NULL, 'SARL', 'CENTRE AUTO PEGASE', '', '533054988', '', 1, 1, '', 'pegase.merignac@sfr.fr', 'pegase.merignac@sfr.fr', NULL, '2025-08-26 11:07:00.000000', 6, NULL, 'Commercial 3'),
(578, NULL, NULL, 'GARAGE', 'TEIXEIRA', '', '', '', 1, 1, '', 'tex.garage@outlook.fr', 'tex.garage@outlook.fr', NULL, '2025-08-26 11:07:00.000000', 6, NULL, 'Commercial 3'),
(579, NULL, NULL, 'SARL', 'VOTRE AUTOMOBILE COM', '', '', '', 1, 1, '', 'votreautomobile@gmail.com', 'votreautomobile@gmail.com', NULL, '2025-08-26 11:07:00.000000', 6, NULL, 'Commercial 3'),
(580, NULL, NULL, 'GARAGE', 'PHILIPPINE GUY', '', '0556281660', '', 1, 1, '', 'garage.philippine@gmail.com', 'garage.philippine@gmail.com', NULL, '2025-08-26 11:07:00.000000', 6, NULL, 'Commercial 3'),
(581, NULL, NULL, 'CARROSSERIE', 'COLOMER', '', '554683054', 'Morale', 1, 1, '', 'carrosserie.colomer@outlook.fr', 'carrosserie.colomer@outlook.fr', NULL, '2025-08-26 11:07:00.000000', 6, NULL, 'Commercial 3'),
(582, NULL, NULL, 'GARAGE', 'OZKAN', '', '556784461', '', 1, 1, '', 'sasgarageozkan@gmail.com', 'sasgarageozkan@gmail.com', NULL, '2025-08-26 11:07:00.000000', 6, NULL, 'Commercial 3'),
(583, NULL, NULL, 'SARL', 'DGF AUTO AQUITAINE', '', '0556084532', '', 1, 1, '', 'dgf.auto@orange.fr', 'dgf.auto@orange.fr', NULL, '2025-08-26 11:07:00.000000', 6, NULL, 'Commercial 3'),
(584, NULL, NULL, 'SARL', 'GRAND PARC AUTOMOBILES', '', '0556399437', '', 1, 1, '', 'grand.parc.automobiles@orange.fr', 'grand.parc.automobiles@orange.fr', NULL, '2025-08-26 11:07:00.000000', 6, NULL, 'Commercial 3'),
(585, NULL, NULL, 'GARAGE', 'DIGNEAU JG', '', '556882354', '', 1, 1, '', 'jean-guy.digneau@orange.fr', 'jean-guy.digneau@orange.fr', NULL, '2025-08-26 11:07:00.000000', 6, NULL, 'Commercial 3'),
(586, NULL, NULL, 'SARL', 'AUTO SERVICE CAP OCEAN POINT S', '', '556544747', '', 1, 1, '', 'gabmarienzo78@gmail.com', 'gabmarienzo78@gmail.com', NULL, '2025-08-26 11:07:00.000000', 6, NULL, 'Commercial 3'),
(587, NULL, NULL, 'CARROSSERIE', 'LATRESNE', '', '0556207767', '', 1, 1, '', 'latresnecarrosserie@wanadoo.fr', 'latresnecarrosserie@wanadoo.fr', NULL, '2025-08-26 11:07:00.000000', 6, NULL, 'Commercial 3'),
(588, NULL, NULL, 'SARL', 'VIANAUTO', '', '0540124948', '', 1, 1, '', 'vianauto@orange.fr', 'vianauto@orange.fr', NULL, '2025-08-26 11:07:00.000000', 6, NULL, 'Commercial 3'),
(589, NULL, NULL, 'GARAGE', 'DE LA BENAUGE', '', '556321772', '', 1, 1, '', 'garagedelabenauge@gmail.com', 'garagedelabenauge@gmail.com', NULL, '2025-08-26 11:07:00.000000', 6, NULL, 'Commercial 3'),
(590, NULL, NULL, 'GARAGE', 'ULTAN', '', '0556580091', '', 1, 1, '', 'garage.ultan@gmail.com', 'garage.ultan@gmail.com', NULL, '2025-08-26 11:07:00.000000', 6, NULL, 'Commercial 3'),
(591, NULL, NULL, 'SARL', 'FEELING AUTO', '', '0556827434', '', 1, 1, '', 'feeling.auto@wanadoo.fr', 'feeling.auto@wanadoo.fr', NULL, '2025-08-26 11:07:00.000000', 6, NULL, 'Commercial 3'),
(592, NULL, NULL, 'SARL', 'CAP 33 AUTOMOBILE', '', '0556042563', '', 1, 1, '', 'contact@cap33automobile.fr', 'contact@cap33automobile.fr', NULL, '2025-08-26 11:07:00.000000', 6, NULL, 'Commercial 3'),
(593, NULL, NULL, 'ETS', 'EIRL GPS', '', '556829711', '', 1, 1, '', 'eirlgps@laposte.net', 'eirlgps@laposte.net', NULL, '2025-08-26 11:07:00.000000', 6, NULL, 'Commercial 3'),
(594, NULL, NULL, 'SARL', 'DLT CARROSSERIE', '', '', 'Morale', 1, 1, '', 'dltcarrosserie@gmail.com', 'dltcarrosserie@gmail.com', NULL, '2025-08-26 11:07:00.000000', 6, NULL, 'Commercial 3'),
(595, NULL, NULL, 'SAS', 'STELLANTIS YOU FRANCE SAS', '', '556846767', '', 1, 1, '', 'christelle.renault@stellantis.com', 'christelle.renault@stellantis.com', NULL, '2025-08-26 11:07:00.000000', 6, NULL, 'Commercial 3'),
(596, NULL, NULL, '', 'RENAULT COTE D ARGENT', '', '', '', 0, 0, '', '', '', NULL, '2025-08-26 11:07:00.000000', 6, NULL, 'Commercial 3'),
(597, NULL, NULL, 'CARROSSERIE', 'MARTY', '', '', 'Morale', 1, 1, '', 'marty.carrosseries@gmail.com', 'marty.carrosseries@gmail.com', NULL, '2025-08-26 11:07:00.000000', 6, NULL, 'Commercial 3'),
(598, NULL, NULL, 'GARAGE', 'DE LA HOUSE', '', '556755469', '', 1, 1, '', 'garagedelahouse@hotmail.fr', 'garagedelahouse@hotmail.fr', NULL, '2025-08-26 11:07:00.000000', 6, NULL, 'Commercial 3'),
(599, NULL, NULL, 'SARL', 'AUTOMOBILES ANDREU', '', '0556245625', '', 1, 1, '', 'automobiles.andreu@orange.fr', 'automobiles.andreu@orange.fr', NULL, '2025-08-26 11:07:00.000000', 6, NULL, 'Commercial 3'),
(600, NULL, NULL, 'GARAGE', 'BERNARDI', '', '0556727388', '', 1, 1, '', 'renault.martillac@hotmail.fr', 'compta.bernardi@gmail.com', NULL, '2025-08-26 11:07:00.000000', 6, NULL, 'Commercial 3'),
(601, NULL, NULL, 'SARL', 'NAFAUTO', '', '0557776210', 'Morale', 1, 1, '', 'ps0629@speedy.fr', 'ps0629@speedy.fr', NULL, '2025-08-26 11:07:00.000000', 6, NULL, 'Commercial 3'),
(602, NULL, NULL, 'GARAGE', 'VRM AUTO', '', '556588576', '', 1, 1, '', 'vrm-auto@hotmail.com', 'vrm-auto@hotmail.com', NULL, '2025-08-26 11:07:00.000000', 6, NULL, 'Commercial 3'),
(603, NULL, NULL, 'SA', 'RENAULT RETAIL GROUP BORDEAUX MAYE', '', '556847777', '', 1, 1, '', 'sophie.xavier@renault.com', 'sophie.xavier@renault.com', NULL, '2025-08-26 11:07:00.000000', 6, NULL, 'Commercial 3'),
(604, NULL, NULL, 'SARL', 'TALENCE AUTOS', '', '0556805131', '', 1, 1, '', 'talence.autos@orange.fr', 'talence.autos@orange.fr', NULL, '2025-08-26 11:07:00.000000', 6, NULL, 'Commercial 3'),
(605, NULL, NULL, 'GARAGE', 'DROUILHET', '', '0556476598', '', 1, 1, '', 'drouilhet.carrosserie@wanadoo.fr', 'drouilhet.carrosserie@wanadoo.fr', NULL, '2025-08-26 11:07:00.000000', 6, NULL, 'Commercial 3'),
(606, NULL, NULL, 'CARROSSERIE', 'RAMBAUD PR PRESTIGE', '', '556666423', '', 1, 1, '', 'carrosserie.rambaud@wanadoo.fr', 'carrosserie.rambaud@wanadoo.fr', NULL, '2025-08-26 11:07:00.000000', 6, NULL, 'Commercial 3'),
(607, NULL, NULL, '', 'EMAZABEL', '', '', '', 0, 0, '', '', '', NULL, '2025-08-26 11:07:00.000000', 6, NULL, 'Commercial 3'),
(608, NULL, NULL, 'CARROSSERIE', 'SAUBION', '', '0556886202', '', 1, 1, '', 'adcarrosseriesaubion@gmail.com', 'adcarrosseriesaubion@gmail.com', NULL, '2025-08-26 11:07:00.000000', 6, NULL, 'Commercial 3'),
(609, NULL, NULL, 'SARL', 'ETCHEVERRY ET FILS', '', '0556280054', '', 1, 1, '', 'contact.garage.etcheverry@orange.fr', 'contact.garage.etcheverry@orange.fr', NULL, '2025-08-26 11:07:00.000000', 6, NULL, 'Commercial 3'),
(610, NULL, NULL, 'SARL', 'DIAG AUTO MEDOC', '', '556593125', '', 1, 1, '', 'diag-auto-medoc@orange.fr', 'diag-auto-medoc@orange.fr', NULL, '2025-08-26 11:07:00.000000', 6, NULL, 'Commercial 3'),
(611, NULL, NULL, 'SAS', 'MERIGNAC AUTO', '', '556240010', '', 1, 1, '', 'sc@merignacauto.fr', 'as@merignacauto.fr', NULL, '2025-08-26 11:07:00.000000', 6, NULL, 'Commercial 3'),
(612, NULL, NULL, 'SARL', 'NOGAL\'AUTO', '', '0556200628', '', 1, 1, '', 'sav@nogalauto.com', 'mmarchand@nogalauto.com', NULL, '2025-08-26 11:07:00.000000', 6, NULL, 'Commercial 3'),
(613, NULL, NULL, '', 'BKS', '', '0952768314', 'Morale', 1, 1, '', 'bricekbg@gmail.com', 'bricekbg@gmail.com', NULL, '2025-08-26 11:07:00.000000', 6, NULL, 'Commercial 3'),
(614, NULL, NULL, 'SARL', 'JM AUTO CARCANS', '', '', '', 1, 1, '', 'jmauto33@hotmail.com', 'jmauto33@hotmail.com', NULL, '2025-08-26 11:07:00.000000', 6, NULL, 'Commercial 3'),
(615, NULL, NULL, 'SARL', 'SEYNAM AUTOMOBILES', '', '', '', 1, 1, '', 'seynamautomobiles@gmail.com', 'seynamautomobiles@gmail.com', NULL, '2025-08-26 11:07:00.000000', 6, NULL, 'Commercial 3'),
(616, NULL, NULL, 'CARROSSERIE', 'SANANES', '', '0556362041', '', 1, 1, '', 'carrosserie.sananes@wanadoo.fr', 'carrosserie.sananes@wanadoo.fr', NULL, '2025-08-26 11:07:00.000000', 6, NULL, 'Commercial 3'),
(617, NULL, NULL, 'GARAGE', 'DE LA GARENNE', '', '954693420', '', 1, 1, '', 'davidblsa@yahoo.fr', 'davidblsa@yahoo.fr', NULL, '2025-08-26 11:07:00.000000', 6, NULL, 'Commercial 3'),
(618, NULL, NULL, 'GARAGE', 'FLEURANCEAU', '', '0556242472', '', 1, 1, '', 'garagef33@gmail.com', 'garagef33@gmail.com', NULL, '2025-08-26 11:07:00.000000', 6, NULL, 'Commercial 3'),
(619, NULL, NULL, 'SARL', 'AGM AUTOMOBILE', '', '987592625', '', 1, 1, '', 'agmautomobile@icloud.com', 'agmautomobile@icloud.com', NULL, '2025-08-26 11:07:00.000000', 6, NULL, 'Commercial 3'),
(620, NULL, NULL, 'SAS', 'BULHER WEST AUTOMOBILES', '', '0556461045', '', 1, 1, '', 'vente@garage-buhler.com', 'gestion.citroen@garage-buhler.com', NULL, '2025-08-26 11:07:00.000000', 6, NULL, 'Commercial 3'),
(621, NULL, NULL, 'CARROSSERIE', 'SUIRE AUTOMOBILES', '', '0556474220', '', 1, 1, '', 'contact@carrosseriesuire.com', 'contact@carrosseriesuire.com', NULL, '2025-08-26 11:07:00.000000', 6, NULL, 'Commercial 3'),
(622, NULL, NULL, 'SAS', 'GAETAN MECANIQUE AUTO', '', '650470651', '', 1, 1, '', 'gaetan.gma@gmail.com', 'gaetan.gma@gmail.com', NULL, '2025-08-26 11:07:00.000000', 6, NULL, 'Commercial 3'),
(623, NULL, NULL, 'SAS', 'CAP OUEST AUTOMOBILES', '', '557924648', '', 1, 1, '', 'benoit.monfort@sipa-automobiles.fr', 'sandrine.chauvin@sipa-automobiles.fr', NULL, '2025-08-26 11:07:00.000000', 6, NULL, 'Commercial 3'),
(624, NULL, NULL, 'GARAGE', 'HELIOT', '', '0556206329', '', 1, 1, '', 'garageheliot.eurorepar@gmail.com', 'garageheliot.eurorepar@gmail.com', NULL, '2025-08-26 11:07:00.000000', 6, NULL, 'Commercial 3'),
(625, NULL, NULL, 'GARAGE', 'JOURDES', '', '556590883', '', 1, 1, '', 'garagejourdes@orange.fr', 'garagejourdes@orange.fr', NULL, '2025-08-26 11:07:00.000000', 6, NULL, 'Commercial 3'),
(626, NULL, NULL, 'GARAGE', 'DECA', '', '0547797096', '', 1, 1, '', 'deca33@orange.fr', 'deca33@orange.fr', NULL, '2025-08-26 11:07:00.000000', 6, NULL, 'Commercial 3'),
(627, NULL, NULL, 'GARAGE', 'DE LA RAMADE', '', '0556742201', '', 1, 1, '', 'garagedelaramade@orange.fr', 'garagedelaramade@orange.fr', NULL, '2025-08-26 11:07:00.000000', 6, NULL, 'Commercial 3'),
(628, NULL, NULL, 'CARROSSERIE', 'COSTANTINI', '', '', '', 1, 1, '', 'dylan.costantini33@gmail.com', 'dylan.costantini33@gmail.com', NULL, '2025-08-26 11:07:00.000000', 6, NULL, 'Commercial 3'),
(629, NULL, NULL, 'SARL', 'SAINZ RENAULT ST MEDARD', '', '556574600', '', 1, 1, '', 'maryse.sainz@gmail.com', 'maryse.sainz@gmail.com', NULL, '2025-08-26 11:07:00.000000', 6, NULL, 'Commercial 3'),
(630, NULL, NULL, 'GARAGE', 'ARNAUD PHILIPPE', '', '0557750437', 'Physique', 1, 1, '', 'garagephilippearnaud@orange.fr', 'garagephilippearnaud@orange.fr', NULL, '2025-08-26 11:07:00.000000', 6, NULL, 'Commercial 3'),
(631, NULL, NULL, 'SARL', 'AMG', '', '556473368', '', 1, 1, '', 'amg33700@orange.fr', 'amg33700@orange.fr', NULL, '2025-08-26 11:07:00.000000', 6, NULL, 'Commercial 3'),
(632, NULL, NULL, 'SARL', 'SAVA AUTO', '', '', '', 1, 1, '', 'siulian59@yahoo.com', 'siulian59@yahoo.com', NULL, '2025-08-26 11:07:00.000000', 6, NULL, 'Commercial 3'),
(633, NULL, NULL, 'SARL', 'PERFORMANCE+', '', '0557876331', '', 1, 1, '', 'performanceplusmecanique@gmail.com', 'performanceplusmecanique@gmail.com', NULL, '2025-08-26 11:07:00.000000', 6, NULL, 'Commercial 3'),
(634, NULL, NULL, 'SARL', 'GARRAN AUTOS', '', '556131263', '', 1, 1, '', 'garran.autos@gmail.com', 'garran.autos@gmail.com', NULL, '2025-08-26 11:07:00.000000', 6, NULL, 'Commercial 3');
INSERT INTO `front_client` (`id`, `nom`, `prenom`, `civilite`, `rs_nom`, `classement_client`, `telephone`, `statut`, `en_compte`, `actif`, `code_comptable`, `email`, `email_comptabilite`, `siret`, `date_creation`, `commercial_id`, `commentaires`, `commercial`) VALUES
(635, NULL, NULL, 'SARL', 'AUTO GALVAO', '', '556327253', '', 1, 1, '', 'autogalvao@hotmail.fr', 'autogalvao@hotmail.fr', NULL, '2025-08-26 11:07:00.000000', 6, NULL, 'Commercial 3'),
(636, NULL, NULL, 'CARROSSERIE', 'GARON', '', '0556088861', 'Physique', 1, 1, '', 'christophe@carrosserie-garon.fr', 'christophe@carrosserie-garon.fr', NULL, '2025-08-26 11:07:00.000000', 6, NULL, 'Commercial 3'),
(637, NULL, NULL, 'SARL', 'ELECTRIC STATION', '', '556665082', '', 1, 1, '', 'electricstation@orange.fr', 'electricstation@orange.fr', NULL, '2025-08-26 11:07:00.000000', 6, NULL, 'Commercial 3'),
(638, NULL, NULL, '', 'YVRAC AUTOS', '', '0556521060', 'Morale', 1, 1, '', 'yvracautos@gmail.com', 'yvracautos@gmail.com', NULL, '2025-08-26 11:07:00.000000', 6, NULL, 'Commercial 3'),
(639, NULL, NULL, 'SARL', 'VIANAUTO', '', '0540124948', '', 1, 1, '', 'vianauto@orange.fr', 'vianauto@orange.fr', NULL, '2025-08-26 11:07:00.000000', 6, NULL, 'Commercial 3'),
(640, NULL, NULL, 'SARL', 'GSH AUTO', '', '556895112', '', 1, 1, '', 'contact@gshauto.fr', 'contact@gshauto.fr', NULL, '2025-08-26 11:07:00.000000', 6, NULL, 'Commercial 3'),
(641, NULL, NULL, 'GARAGE', 'GALLIENI', '', '0556983585', '', 1, 1, '', 'garage.gallieni@trimoulet.fr', 'garage.gallieni@trimoulet.fr', NULL, '2025-08-26 11:07:00.000000', 6, NULL, 'Commercial 3'),
(642, NULL, NULL, 'GARAGE', 'PASTEUR', '', '556362904', '', 1, 1, '', 'eurorepargalin@hotmail.com', 'eurorepargalin@hotmail.com', NULL, '2025-08-26 11:07:00.000000', 6, NULL, 'Commercial 3'),
(643, NULL, NULL, 'CARROSSERIE', 'PATANCHON NTHAN', '', '', '', 1, 1, '', 'nathan.patanchon33@gmail.com', 'nathan.patanchon33@gmail.com', NULL, '2025-08-26 11:07:00.000000', 6, NULL, 'Commercial 3'),
(644, NULL, NULL, 'GARAGE', 'SOULEYREAU', '', '556880063', '', 1, 1, '', 'garage.souleyreau@orange.fr', 'garage.souleyreau@orange.fr', NULL, '2025-08-26 11:07:00.000000', 6, NULL, 'Commercial 3'),
(645, NULL, NULL, 'SARL', 'B Y A', '', '556300320', '', 1, 1, '', 'contact@byauto.fr', 'contact@byauto.fr', NULL, '2025-08-26 11:07:00.000000', 6, NULL, 'Commercial 3'),
(646, NULL, NULL, 'CARROSSERIE', 'EYSINES', '', '0556280452', '', 1, 1, '', 'info@carrosseriedeysines.fr', 'info@carrosseriedeysines.fr', NULL, '2025-08-26 11:07:00.000000', 6, NULL, 'Commercial 3'),
(647, NULL, NULL, 'SARL', 'BIELSA AUTOMOBILE', '', '556981260', '', 1, 1, '', 'bielsa.automobile@gmail.com', 'bielsa.automobile@gmail.com', NULL, '2025-08-26 11:07:00.000000', 6, NULL, 'Commercial 3'),
(648, NULL, NULL, 'SARL', 'GASTEUIL REPARATION VENTE', '', '', '', 1, 1, '', 'grv.automobile@gmail.com', 'grv.automobile@gmail.com', NULL, '2025-08-26 11:07:00.000000', 6, NULL, 'Commercial 3'),
(649, NULL, NULL, 'SARL', 'GT AUTOMOBILES', '', '556689389', '', 1, 1, '', 'gtautomartigas@gmail.com', 'gtautomartigas@gmail.com', NULL, '2025-08-26 11:07:00.000000', 6, NULL, 'Commercial 3'),
(650, NULL, NULL, '', 'JARIO MOTORS', '', '', 'Morale', 1, 1, '', 'contact@jario-motors.com', 'contact@jario-motors.com', NULL, '2025-08-26 11:07:00.000000', 6, NULL, 'Commercial 3'),
(651, NULL, NULL, 'SARL', 'NM CONCEPT', '', '556036765', 'Morale', 1, 1, '', 'carrosserienm@gmail.com', 'carrosserienm@gmail.com', NULL, '2025-08-26 11:07:00.000000', 6, NULL, 'Commercial 3'),
(652, NULL, NULL, 'GARAGE', 'ACCI AUTO', '', '556344168', '', 1, 1, '', 'acciautocarrosserie@gmail.com', 'acciautocarrosserie@gmail.com', NULL, '2025-08-26 11:07:00.000000', 6, NULL, 'Commercial 3'),
(653, NULL, NULL, 'CARROSSERIE', 'CARROS', '', '556202089', '', 1, 1, '', 'carrosserie.carros@gmail.com', 'carrosserie.carros@gmail.com', NULL, '2025-08-26 11:07:00.000000', 6, NULL, 'Commercial 3'),
(654, NULL, NULL, '', 'KS AUTOMOBILE', '', '0625443060', 'Morale', 1, 1, '', 'ksautomobile13@gmail.com', 'ksautomobile13@gmail.com', NULL, '2025-08-26 11:07:00.000000', 6, NULL, 'Commercial 3'),
(655, NULL, NULL, 'CARROSSERIE', 'VICTOR HUGO', '', '0556505515', '', 1, 1, '', 'sasvictorhugo@gmail.com;comptavictorhugo@gmail.com', 'comptavictorhugo@gmail.com', NULL, '2025-08-26 11:07:00.000000', 6, NULL, 'Commercial 3'),
(656, NULL, NULL, '', 'ALEX GARAGE MECA', '', '', '', 1, 1, '', 'alexandrehostains@gmail.com', 'alexandrehostains@gmail.com', NULL, '2025-08-26 11:07:00.000000', 6, NULL, 'Commercial 3'),
(657, NULL, NULL, 'SAS', 'COTE D ARGENT AUTOS LATESTE', '', '557525290', '', 1, 1, '', 'd.coudroy@renaultcotedargent.fr', 'fournisseur@renaultcotedargent.fr', NULL, '2025-08-26 11:07:00.000000', 6, NULL, 'Commercial 3'),
(658, NULL, NULL, 'CARROSSERIE', 'DAVAND', '', '', '', 1, 1, '', 'christophedavand@live.com', '', NULL, '2025-08-26 11:07:00.000000', 6, NULL, 'Commercial 3'),
(659, NULL, NULL, 'SOCIETE', 'DU DESCLAUD', '', '557340007', '', 1, 1, '', 'garage.desclaud@wanadoo.fr', 'garage.desclaud@wanadoo.fr', NULL, '2025-08-26 11:07:00.000000', 6, NULL, 'Commercial 3'),
(660, NULL, NULL, 'SARL', 'SH AUTOS', '', '556744363', '', 1, 1, '', 'garageshautos@outlook.fr', 'garageshautos@outlook.fr', NULL, '2025-08-26 11:07:00.000000', 6, NULL, 'Commercial 3'),
(661, NULL, NULL, 'SARL', 'DOM AUTO LEOGNAN', '', '557120012', '', 1, 1, '', 'domauto@gmx.com', 'domauto@gmx.com', NULL, '2025-08-26 11:07:00.000000', 6, NULL, 'Commercial 3'),
(662, NULL, NULL, 'GARAGE', 'DE L AUTOMOBILE', '', '556588433', '', 1, 1, '', 'auto.arsac@orange.fr', 'auto.arsac@orange.fr', NULL, '2025-08-26 11:07:00.000000', 6, NULL, 'Commercial 3'),
(663, NULL, NULL, 'SAS', 'EAGLE TRANSMISSION GARAGE', '', '988477384', '', 1, 1, '', 'contact@eagletransmissiongarage.fr', 'eagletransmissiongarage@gmail.com', NULL, '2025-08-26 11:07:00.000000', 6, NULL, 'Commercial 3'),
(664, NULL, NULL, 'SAS', 'ABS', '', '556571934', 'Morale', 1, 1, '', 'absblanquefort@orange.fr', 'absblanquefort@orange.fr', NULL, '2025-08-26 11:07:00.000000', 6, NULL, 'Commercial 3'),
(665, NULL, NULL, 'GARAGE', 'SUD MEDOC', '', '0556288521', '', 1, 1, '', 'garagesudmedoc@orange.fr', 'garagesudmedoc@orange.fr', NULL, '2025-08-26 11:07:00.000000', 6, NULL, 'Commercial 3'),
(666, NULL, NULL, 'SAS', 'CHU BORDEAUX', '', '0556794883', '', 1, 1, '', 'thierry.ruffast@chu-bordeaux.fr; laurence.pascaud@', 'thierry.ruffast@chu-bordeaux.fr; laurence.pascaud@', NULL, '2025-08-26 11:07:00.000000', 6, NULL, 'Commercial 3'),
(667, NULL, NULL, 'CARROSSERIE', 'COSTANTINI', '', '', '', 1, 1, '', 'dylan.costantini33@gmail.com', 'dylan.costantini33@gmail.com', NULL, '2025-08-26 11:07:00.000000', 6, NULL, 'Commercial 3'),
(668, NULL, NULL, 'Monsieur', 'FLEURIOT MICKAEL', '', '', '', 1, 1, '', 'fleuriotmickael@gmail.com', 'fleuriotmickael@gmail.com', NULL, '2025-08-26 11:07:00.000000', 6, NULL, 'Commercial 3'),
(669, NULL, NULL, '', 'KMD AUTO', '', '556596207', 'Morale', 1, 1, '', 'kmdauto@outlook.fr', 'kmdauto@outlook.fr', NULL, '2025-08-26 11:07:00.000000', 6, NULL, 'Commercial 3'),
(670, NULL, NULL, 'SARL', 'RAPID AUTO VILLENEUVE D ORNON', '', '651292119', '', 1, 1, '', 'kha-krim@hotmail.fr', 'kha-krim@hotmail.fr', NULL, '2025-08-26 11:07:00.000000', 6, NULL, 'Commercial 3'),
(671, NULL, NULL, 'GARAGE', 'AUTO CADAUJAC', '', '0618720663', '', 1, 1, '', 'garageautocadaujac@hotmail.com', 'garageautocadaujac@hotmail.com', NULL, '2025-08-26 11:07:00.000000', 6, NULL, 'Commercial 3'),
(672, NULL, NULL, 'CARROSSERIE', 'ENZO', '', '0556364137', '', 1, 1, '', 'carrosserie.enzo@orange.fr', 'carrosserie.enzo@orange.fr', NULL, '2025-08-26 11:07:00.000000', 6, NULL, 'Commercial 3'),
(673, NULL, NULL, 'SOCIETE', 'DE LA GARE - BORDEAUX', '', '0556925605', '', 1, 1, '', 'contact@garage-renault-bordeaux.com', 'contact@garage-renault-bordeaux.com', NULL, '2025-08-26 11:07:00.000000', 6, NULL, 'Commercial 3'),
(674, NULL, NULL, 'SAS', 'AUTOCONTACT BOUSCATAIS', '', '581943799', '', 1, 1, '', 'autocontactbouscat@gmail.com', 'autocontactbouscat@gmail.com', NULL, '2025-08-26 11:07:00.000000', 6, NULL, 'Commercial 3'),
(675, NULL, NULL, 'GARAGE', 'BTA', '', '0557870044', '', 1, 1, '', 'garage.bta@orange.fr', 'garage.bta@orange.fr', NULL, '2025-08-26 11:07:00.000000', 6, NULL, 'Commercial 3'),
(676, NULL, NULL, 'CARROSSERIE', 'DE BRITO', '', '556507514', '', 1, 1, '', 'philippe.de-brito0257@orange.fr', 'philippe.de-brito0257@orange.fr', NULL, '2025-08-26 11:07:00.000000', 6, NULL, 'Commercial 3'),
(677, NULL, NULL, 'SAS', 'ROCKET GARAGE', '', '0554520049', '', 1, 1, '', 'rocketgarageservice@gmail.com', 'rocketgarageservice@gmail.com', NULL, '2025-08-26 11:07:00.000000', 6, NULL, 'Commercial 3'),
(678, NULL, NULL, 'EURL', 'CAPTIV AUTO', '', '', '', 1, 1, '', 'captivauto@gmail.com', 'captivauto@gmail.com', NULL, '2025-08-26 11:07:00.000000', 6, NULL, 'Commercial 3'),
(679, NULL, NULL, 'GARAGE', 'CASTAING EURO REPAR', '', '0556087360', '', 1, 1, '', 'garagecastaing.citroen@wanadoo.fr', 'garagecastaing.citroen@wanadoo.fr', NULL, '2025-08-26 11:07:00.000000', 6, NULL, 'Commercial 3'),
(680, NULL, NULL, 'SAS', 'BOUTQUE DU PNEU', '', '556283416', '', 1, 1, '', 'boutiquedupneu@wanadoo.fr', 'boutiquedupneu@wanadoo.fr', NULL, '2025-08-26 11:07:00.000000', 6, NULL, 'Commercial 3'),
(681, NULL, NULL, 'SARL', 'LATRESNE AUTOS MECA', '', '556920684', '', 1, 1, '', 'latresneautosmeca@gmail.com', 'latresneautosmeca@gmail.com', NULL, '2025-08-26 11:07:00.000000', 6, NULL, 'Commercial 3'),
(682, NULL, NULL, 'SARL', 'IDEAL AUTO 33', '', '', '', 1, 1, '', 'idealauto33@gmail.com', 'idealauto33@gmail.com', NULL, '2025-08-26 11:07:00.000000', 6, NULL, 'Commercial 3'),
(683, NULL, NULL, 'SARL', 'CBA', '', '556956175', '', 1, 1, '', 'accueil@garage-cba.com', 'compta@garage-cba.com', NULL, '2025-08-26 11:07:00.000000', 6, NULL, 'Commercial 3'),
(684, NULL, NULL, 'SARL', 'WORLD WAGEN', '', '556162738', '', 1, 1, '', 'worldwagen@gmail.com', 'worldwagen@gmail.com', NULL, '2025-08-26 11:07:00.000000', 6, NULL, 'Commercial 3'),
(685, NULL, NULL, 'GARAGE', 'LEZAMIS', '', '986470200', '', 1, 1, '', 'garagelezamis33@gmail.com', 'garagelezamis33@gmail.com', NULL, '2025-08-26 11:07:00.000000', 6, NULL, 'Commercial 3'),
(686, NULL, NULL, 'GARAGE', 'DAL MAS', '', '0556050552', '', 1, 1, '', 'garage.dalmas33@gmail.com', 'garage.dalmas33@gmail.com', NULL, '2025-08-26 11:07:00.000000', 6, NULL, 'Commercial 3'),
(687, NULL, NULL, 'GARAGE', 'ARNAUD PHILIPPE', '', '0557750437', 'Physique', 1, 1, '', 'garagephilippearnaud@orange.fr', 'garagephilippearnaud@orange.fr', NULL, '2025-08-26 11:07:00.000000', 6, NULL, 'Commercial 3'),
(688, NULL, NULL, 'SAS', 'BBCAR LOCATION', '', '', '', 1, 1, '', 'bbcar-location@outlook.fr', 'bbcar-location@outlook.fr', NULL, '2025-08-26 11:07:00.000000', 6, NULL, 'Commercial 3'),
(689, NULL, NULL, 'SAS', 'CENTRE AUTO MERIADECK', '', '556931160', '', 1, 1, '', 'kmel.afriquia@laposte.net', 'kmel.afriquia@laposte.net', NULL, '2025-08-26 11:07:00.000000', 6, NULL, 'Commercial 3'),
(690, NULL, NULL, 'SARL', 'ELECTRIC STATION', '', '556665082', '', 1, 1, '', 'electricstation@orange.fr', 'electricstation@orange.fr', NULL, '2025-08-26 11:07:00.000000', 6, NULL, 'Commercial 3'),
(691, NULL, NULL, 'GARAGE', 'MATEO', '', '0556807811', '', 1, 1, '', 'mateosarl@orange.fr', 'mateosarl@orange.fr', NULL, '2025-08-26 11:07:00.000000', 6, NULL, 'Commercial 3'),
(692, NULL, NULL, 'SAS', 'AJM MOTORS', '', '556912562', '', 1, 1, '', 'contact@ajm-motors.fr', 'contact@ajm-motors.fr', NULL, '2025-08-26 11:07:00.000000', 6, NULL, 'Commercial 3'),
(693, NULL, NULL, 'CARROSSERIE', 'KACI', '', '0556879404', '', 1, 1, '', 'carrosserie.kaci@orange.fr', 'carrosserie.kaci@orange.fr', NULL, '2025-08-26 11:07:00.000000', 6, NULL, 'Commercial 3'),
(694, NULL, NULL, 'GARAGE', 'CYL AUTOMOBILES', '', '556582001', '', 1, 1, '', 'cyl.automobiles@cylauto.fr', 'cyl.automobiles2@orange.fr', NULL, '2025-08-26 11:07:00.000000', 6, NULL, 'Commercial 3'),
(695, NULL, NULL, 'SARL', 'ATELIER SEBASTIEN FOSSEY', '', '556857575', '', 1, 1, '', 'fossey.sebastien@wanadoo.fr', 'fossey.sebastien@wanadoo.fr', NULL, '2025-08-26 11:07:00.000000', 6, NULL, 'Commercial 3'),
(696, NULL, NULL, '', 'CAP COLOR 33', '', '754572115', 'Morale', 1, 1, '', 'capcolor33.lcf@gmail.com', 'capcolor33.lcf@gmail.com', NULL, '2025-08-26 11:07:00.000000', 6, NULL, 'Commercial 3'),
(697, NULL, NULL, 'GARAGE', 'DU PIN VERT', '', '556463278', '', 1, 1, '', 'chantrelle.clement@gmail.com', 'chantrelle.clement@gmail.com', NULL, '2025-08-26 11:07:00.000000', 6, NULL, 'Commercial 3'),
(698, NULL, NULL, 'SAS', 'LABAIGT ET FILS', '', '0557020304', '', 1, 1, '', 'vincent.dubroca@profil-auto.fr', 'vincent.dubroca@profil-auto.fr', NULL, '2025-08-26 11:07:00.000000', 6, NULL, 'Commercial 3'),
(699, NULL, NULL, 'SARL', 'BEL AIR  AUTOMOBILES', '', '0556740702', '', 1, 1, '', 'belairautomobiles@orange.fr', 'belairautomobiles@orange.fr', NULL, '2025-08-26 11:07:00.000000', 6, NULL, 'Commercial 3'),
(700, NULL, NULL, 'SAS', 'FRANCE CARS', '', '', '', 1, 1, '', 'contact@sasfrancecars.fr', 'contact@sasfrancecars.fr', NULL, '2025-08-26 11:07:00.000000', 6, NULL, 'Commercial 3'),
(701, NULL, NULL, 'SARL', 'GALHARRET', '', '556050511', '', 1, 1, '', 'atelier.galharret@gmail.com', 'atelier.galharret@gmail.com', NULL, '2025-08-26 11:07:00.000000', 6, NULL, 'Commercial 3'),
(702, NULL, NULL, 'SARL', 'GONZALEZ', '', '556585805', '', 1, 1, '', 'garage.gonzalez33@orange.fr', 'garage.gonzalez33@orange.fr', NULL, '2025-08-26 11:07:00.000000', 6, NULL, 'Commercial 3'),
(703, NULL, NULL, 'CARROSSERIE', 'T MARQUES', '', '556295992', '', 1, 1, '', 'carrosserietmarques@hotmail.fr', 'carrosserietmarques@hotmail.fr', NULL, '2025-08-26 11:07:00.000000', 6, NULL, 'Commercial 3'),
(704, NULL, NULL, 'GARAGE', 'GARCIA DELPHIN', '', '0556264781', '', 1, 1, '', 'garage.garcia0781@orange.fr', 'garage.garcia0781@orange.fr', NULL, '2025-08-26 11:07:00.000000', 6, NULL, 'Commercial 3'),
(705, NULL, NULL, 'SARL', 'GT AUTOMOBILES', '', '556689389', '', 1, 1, '', 'gtautomartigas@gmail.com', 'gtautomartigas@gmail.com', NULL, '2025-08-26 11:07:00.000000', 6, NULL, 'Commercial 3'),
(706, NULL, NULL, 'GARAGE', 'RENOM', '', '556412173', '', 1, 1, '', 'd.renom@orange.fr', 'garage.renom33340@orange.fr', NULL, '2025-08-26 11:07:00.000000', 6, NULL, 'Commercial 3'),
(707, NULL, NULL, 'SARL', 'FA MECANIQUE', '', '681337429', '', 1, 1, '', 'contact@garage-yvrac-fa.fr', 'contact@garage-yvrac-fa.fr', NULL, '2025-08-26 11:07:00.000000', 6, NULL, 'Commercial 3'),
(708, NULL, NULL, 'SARL', 'AUTO DESIGN COLORS', '', '', '', 1, 1, '', 'autodesigncolors@gmail.com', 'autodesigncolors@gmail.com', NULL, '2025-08-26 11:07:00.000000', 6, NULL, 'Commercial 3'),
(709, NULL, NULL, 'SOCIETE', '0 A 100', '', '', '', 1, 1, '', 'morgan-0a100@gmail.com', 'morgan-0a100@gmail.com', NULL, '2025-08-26 11:07:00.000000', 6, NULL, 'Commercial 3'),
(710, NULL, NULL, 'GARAGE', 'DU PARC', '', '0519082930', 'Morale', 1, 1, '', 'contact@cm-garageduparc.com', 'contact@cm-garageduparc.com', NULL, '2025-08-26 11:07:00.000000', 6, NULL, 'Commercial 3'),
(711, NULL, NULL, 'SARL', 'MECA AUTO CONCEPT', '', '556029080', '', 1, 1, '', 'commercial@mecaautoconcept.com', 'commercial@mecaautoconcept.com', NULL, '2025-08-26 11:07:00.000000', 6, NULL, 'Commercial 3'),
(712, NULL, NULL, 'SARL', 'DYNAMIQUE AUTO MECA', '', '556971500', '', 1, 1, '', 'hervedynamique@hotmail.fr', 'hervedynamique@hotmail.fr', NULL, '2025-08-26 11:07:00.000000', 6, NULL, 'Commercial 3'),
(713, NULL, NULL, 'GARAGE DU', 'FUTUR', '', '0556941047', '', 1, 1, '', 'rgouzil@wanadoo.fr', 'rgouzil@wanadoo.fr', NULL, '2025-08-26 11:07:00.000000', 6, NULL, 'Commercial 3'),
(714, NULL, NULL, 'SARL', 'VIGIER JACQUES EUROREPAR', '', '556033346', '', 1, 1, '', 'jacques-vigier@wanadoo.fr', 'jacques-vigier@wanadoo.fr', NULL, '2025-08-26 11:07:00.000000', 6, NULL, 'Commercial 3'),
(715, NULL, NULL, 'CARROSSERIE', 'PELISSOU', '', '0556870273', '', 1, 1, '', 'carrosserie.pelissou@wanadoo.fr', 'carrosserie.pelissou@wanadoo.fr', NULL, '2025-08-26 11:07:00.000000', 6, NULL, 'Commercial 3'),
(716, NULL, NULL, 'SAS', 'ALL CARS', '', '', '', 1, 1, '', 'all-cars8@orange.fr', 'all-cars8@orange.fr', NULL, '2025-08-26 11:07:00.000000', 6, NULL, 'Commercial 3'),
(717, NULL, NULL, '', 'ALLIANZ C2V', '', '0810723507', '', 0, 1, '', 'DIBCVEI@allianz.fr', 'DIBCVEI@allianz.fr', NULL, '2025-08-26 11:07:00.000000', 6, NULL, 'Commercial 3'),
(718, NULL, NULL, '', 'AUTOLOISIRS 33', '', '557888890', '', 1, 1, '', 'merignac@autoloisir.com', 'merignac@autoloisir.com', NULL, '2025-08-26 11:07:00.000000', 6, NULL, 'Commercial 3'),
(719, NULL, NULL, 'CARROSSERIE', 'BRACHET ET FILS', '', '533094262', '', 1, 1, '', 'contact@carrosserie-brachet.fr', 'contact@carrosserie-brachet.fr', NULL, '2025-08-26 11:07:00.000000', 6, NULL, 'Commercial 3'),
(720, NULL, NULL, 'GARAGE', 'CANEJAN', '', '557024773', '', 1, 1, '', 'garage.canejan@gmail.com', 'garage.canejan@gmail.com', NULL, '2025-08-26 11:07:00.000000', 6, NULL, 'Commercial 3'),
(721, NULL, NULL, 'SARL', 'DECONS SUD AQUITAINE', '', '0556702013', 'Morale', 1, 1, '', 'pau@decons.fr', 'pau@decons.fr', NULL, '2025-08-26 11:07:00.000000', 6, NULL, 'Commercial 3'),
(722, NULL, NULL, 'GARAGE', 'GASSIOT', '', '0556461171', '', 1, 1, '', 'garage-gassiot@wanadoo.fr', 'garage-gassiot@wanadoo.fr', NULL, '2025-08-26 11:07:00.000000', 6, NULL, 'Commercial 3'),
(723, NULL, NULL, 'SARL', 'POLYCAR', '', '0556702824', '', 1, 1, '', 'polycar@orange.fr', 'polycar@orange.fr', NULL, '2025-08-26 11:07:00.000000', 6, NULL, 'Commercial 3'),
(724, NULL, NULL, 'CARROSSERIE', 'PINHEIRO', '', '556874648', '', 1, 1, '', 'carrosserie.pinheiro@orange.fr', 'carrosserie.pinheiro@orange.fr', NULL, '2025-08-26 11:07:00.000000', 6, NULL, 'Commercial 3'),
(725, NULL, NULL, 'SARL', 'NEGOCE CARS', '', '', '', 1, 1, '', 'negocecars33@gmail.com', 'negocecars33@gmail.com', NULL, '2025-08-26 11:07:00.000000', 6, NULL, 'Commercial 3'),
(726, NULL, NULL, '', 'AUTO CHAMBERY', '', '', '', 0, 0, '', '', '', NULL, '2025-08-26 11:07:00.000000', 6, NULL, 'Commercial 3'),
(727, NULL, NULL, 'SARL', 'ROY AUTO', '', '557543088', '', 1, 1, '', 'delko.artigues@delko.fr', 'delko.artigues@delko.fr', NULL, '2025-08-26 11:07:00.000000', 6, NULL, 'Commercial 3'),
(728, NULL, NULL, 'CARROSSERIE', 'MELAC', '', '554783377', '', 1, 1, '', 'garagechris@gmail.com', 'garagechris@gmail.com', NULL, '2025-08-26 11:07:00.000000', 6, NULL, 'Commercial 3'),
(729, NULL, NULL, 'SAS', 'MAGUDAS AUTO', '', '', '', 1, 1, '', 'magudasauto@gmail.com', 'magudasauto@gmail.com', NULL, '2025-08-26 11:07:00.000000', 6, NULL, 'Commercial 3'),
(730, NULL, NULL, 'CARROSSERIE', 'PITAUD', 'B Vert', '0556251971', '', 1, 1, '41118008.0', 'carrosserie-pitaud@orange.fr', 'carrosserie-pitaud@orange.fr', NULL, '2025-08-26 11:07:00.000000', 1, NULL, 'Commercial 2'),
(731, NULL, NULL, '', 'RENAULT AIRE SUR L\'ADOUR', 'B Vert', '0558716001', '', 1, 1, '41113770.0', 'julie.chagneau@edenauto.com', 'julie.chagneau@edenauto.com', NULL, '2025-08-26 11:07:00.000000', 1, NULL, 'Commercial 2'),
(732, NULL, NULL, 'CARROSSERIE', 'BRIOLAIS ARNAUD', 'B Vert', '557328493', '', 1, 1, '41119419.0', 'carrosserie.briolais.a@orange.fr', 'carrosserie.briolais.a@orange.fr', NULL, '2025-08-26 11:07:00.000000', 1, NULL, 'Commercial 2'),
(733, NULL, NULL, 'SARL', 'CENTRE AUTO LOUSTAUNAU', 'Bleu', '0557342807', '', 1, 1, '41119170.0', 'centreautoloustaunau@orange.fr', 'centreautoloustaunau@orange.fr', NULL, '2025-08-26 11:07:00.000000', 1, NULL, 'Commercial 2'),
(734, NULL, NULL, 'SARL', 'BOTELHO SICRE AUTO', 'A vert', '0556271734', '', 1, 1, '41119161.0', 'botelhosicreauto@wanadoo.fr', 'botelhosicreauto@wanadoo.fr', NULL, '2025-08-26 11:07:00.000000', 1, NULL, 'Commercial 2'),
(735, NULL, NULL, 'SARL', 'RICHARD ET FILS', 'B Vert', '0556308465', '', 1, 1, '41119071.0', 'bernard.richard33@orange.fr', 'bernard.richard33@orange.fr', NULL, '2025-08-26 11:07:00.000000', 1, NULL, 'Commercial 2'),
(736, NULL, NULL, 'CARROSSERIE', 'DEBOSS\'LANDES', 'B Vert', '0558045974', '', 1, 1, '41117658.0', 'debosslandes@orange.fr', 'debosslandes@orange.fr', NULL, '2025-08-26 11:07:00.000000', 1, NULL, 'Commercial 2'),
(737, NULL, NULL, 'SARL', 'BRIVAL AUTO', 'B Vert', '0557431077', '', 1, 1, '41119135.0', 'brival-auto@garage-peugeot.com', 'brival-auto@garage-peugeot.com', NULL, '2025-08-26 11:07:00.000000', 1, NULL, 'Commercial 2'),
(738, NULL, NULL, '', 'ITB NEGOCE', 'B Vert', '', '', 1, 1, '41119629.0', 'sebastien.motard33@gmail.com', 'sebastien.motard33@gmail.com', NULL, '2025-08-26 11:07:00.000000', 1, NULL, 'Commercial 2'),
(739, NULL, NULL, 'SARL', 'HAZERA', 'C Noir', '557551919', '', 1, 1, '41119395.0', 'garagehazera@gmail.com', 'garagehazera@gmail.com', NULL, '2025-08-26 11:07:00.000000', 1, NULL, 'Commercial 2'),
(740, NULL, NULL, 'SAS', 'FAURIE AUTO BERGERAC', 'B Vert', '553636565', '', 1, 1, '41150000.0', 's.maury@faurie.fr', 'm.valade@faurie.fr', NULL, '2025-08-26 11:07:00.000000', 1, NULL, 'Commercial 2'),
(741, NULL, NULL, 'SARL', 'DARCOS AUTO', 'B Vert', '0556250363', '', 1, 1, '41119103.0', 'atcauto.bazas@hotmail.com', 'atcauto.bazas@hotmail.com', NULL, '2025-08-26 11:07:00.000000', 1, NULL, 'Commercial 2'),
(742, NULL, NULL, '', 'NEGOCE AUTO 33', 'C Noir', '', '', 0, 0, '41119662.0', '', '', NULL, '2025-08-26 11:07:00.000000', 1, NULL, 'Commercial 2'),
(743, NULL, NULL, 'SARL', 'GOODINYOU33', 'C Bleu', '', '', 1, 1, '41119493.0', 'goodinyou33@yahoo.com', 'goodinyou33@yahoo.com', NULL, '2025-08-26 11:07:00.000000', 1, NULL, 'Commercial 2'),
(744, NULL, NULL, 'SAS', 'FRED AUTO 47', '', '553647332', 'Morale', 1, 1, '41119664.0', 'fredauto47@gmail.com', 'fredauto47@gmail.com', NULL, '2025-08-26 11:07:00.000000', 1, NULL, 'Commercial 2'),
(745, NULL, NULL, '', 'JOHAN AUTOMOBILES', 'C Vert', '', '', 0, 0, '41119246.0', '', '', NULL, '2025-08-26 11:07:00.000000', 1, NULL, 'Commercial 2'),
(746, NULL, NULL, '', 'LA BOITE A PNEUS', 'Noir', '', 'Morale', 1, 1, '41119679.0', 'laboiteapneus@gmail.com', 'laboiteapneus@gmail.com', NULL, '2025-08-26 11:07:00.000000', 1, NULL, 'Commercial 2'),
(747, NULL, NULL, 'GARAGE', 'HERNANDEZ', 'B Vert', '557490808', '', 1, 1, '41119292.0', 'renault.coutras@orange.fr', 'renault.coutras@orange.fr', NULL, '2025-08-26 11:07:00.000000', 1, NULL, 'Commercial 2'),
(748, NULL, NULL, 'SAS', 'AZ AUTOMOBILES', 'B Vert', '', '', 1, 1, '41119435.0', 'az.automobiles@outlook.fr', 'az.automobiles@outlook.fr', NULL, '2025-08-26 11:07:00.000000', 1, NULL, 'Commercial 2'),
(749, NULL, NULL, '', 'DES CASTORS', 'B Vert', '', '', 0, 0, '41119348.0', '', '', NULL, '2025-08-26 11:07:00.000000', 1, NULL, 'Commercial 2'),
(750, NULL, NULL, 'SARL', 'HARIZPE', '', '0559379330', 'Morale', 1, 1, '41118237.0', 'garageharizpe@gmail.com', 'garageharizpe@gmail.com', NULL, '2025-08-26 11:07:00.000000', 1, NULL, 'Commercial 2'),
(751, NULL, NULL, 'GARAGE', 'NJC AUTOMOBILES', '', '0556917358', '', 1, 1, '41119679.0', 'njcautomobiles@gmail.com', 'njcautomobiles@gmail.com', NULL, '2025-08-26 11:07:00.000000', 1, NULL, 'Commercial 2'),
(752, NULL, NULL, '', 'FRANCKY CARROSSERIE', '', '', '', 0, 0, '41119351.0', '', '', NULL, '2025-08-26 11:07:00.000000', 1, NULL, 'Commercial 2'),
(753, NULL, NULL, '', 'TORRES', '', '', '', 0, 0, '41119302.0', '', '', NULL, '2025-08-26 11:07:00.000000', 1, NULL, 'Commercial 2'),
(754, NULL, NULL, 'SAS', 'RRG LIBOURNE', '', '557256068', '', 1, 1, '41118236.0', 'marjorie.portes@renault.com', 'marjorie.portes@renault.com', NULL, '2025-08-26 11:07:00.000000', 1, NULL, 'Commercial 2'),
(755, NULL, NULL, 'GARAGE', 'FONTAYNE', '', '557647165', '', 1, 1, '41119103.0', 'garagefontayne@gmail.com', 'garagefontayne@gmail.com', NULL, '2025-08-26 11:07:00.000000', 1, NULL, 'Commercial 2'),
(756, NULL, NULL, 'SARL', 'DAVID HOME MECA', '', '0678489600', '', 1, 1, '41119607.0', 'david-home-meca@orange.fr', 'david-home-meca@orange.fr', NULL, '2025-08-26 11:07:00.000000', 1, NULL, 'Commercial 2'),
(757, NULL, NULL, 'CARROSSERIE', 'MAURY', '', '557682550', '', 1, 1, '41119278.0', 'carrosserie-maury@wanadoo.fr', 'carrosseriemaury33.alexdagorn@gmail.com', NULL, '2025-08-26 11:07:00.000000', 1, NULL, 'Commercial 2'),
(758, NULL, NULL, 'SOCIETE', 'MECA DAVID', '', '', '', 1, 1, '41119171.0', 'mecadavid@outlook.fr', 'mecadavid@outlook.fr', NULL, '2025-08-26 11:07:00.000000', 1, NULL, 'Commercial 2'),
(759, NULL, NULL, 'SARL', 'IZON AUTO MOTO', '', '0557747485', '', 1, 1, '41119016.0', 'izonautomoto@orange.fr', 'izonautomoto@orange.fr', NULL, '2025-08-26 11:07:00.000000', 1, NULL, 'Commercial 2'),
(760, NULL, NULL, 'CARROSSERIE', 'DBC', '', '0556683712', '', 1, 1, '41119642.0', 'contact@carrosserie-dbc.fr', 'compta@carrosserie-dbc.fr', NULL, '2025-08-26 11:07:00.000000', 1, NULL, 'Commercial 2'),
(761, NULL, NULL, 'GARAGE', 'JAYAT', '', '557588943', '', 1, 1, '41119247.0', '', '', NULL, '2025-08-26 11:07:00.000000', 1, NULL, 'Commercial 2'),
(762, NULL, NULL, 'SAS', 'GMG 33', '', '', '', 1, 1, '41119633.0', 'garage.gmg33@gmail.com', 'garage.gmg33@gmail.com', NULL, '2025-08-26 11:07:00.000000', 1, NULL, 'Commercial 2'),
(763, NULL, NULL, 'CARROSSERIE', 'COVAS JF', '', '0556622021', '', 1, 1, '41119339.0', 'garage.covas@laposte.net', 'garage.covas@laposte.net', NULL, '2025-08-26 11:07:00.000000', 1, NULL, 'Commercial 2'),
(764, NULL, NULL, 'CARROSSERIE', 'CAZENAVE', '', '556631154', '', 1, 1, '41119724.0', 'contact@carrosserie-cazenave.fr', 'contact@carrosserie-cazenave.fr', NULL, '2025-08-26 11:07:00.000000', 1, NULL, 'Commercial 2'),
(765, NULL, NULL, 'GARAGE', 'NAVETIER', '', '557302443', 'Morale', 1, 1, '41119197.0', 'garagenavetier@gmail.com', 'garagenavetier@gmail.com', NULL, '2025-08-26 11:07:00.000000', 1, NULL, 'Commercial 2'),
(766, NULL, NULL, 'CARROSSERIE', 'LARROZE', '', '0556630201', '', 1, 1, '41119367.0', 'larroze@caro-cie.com', 'compta@caro-cie.com', NULL, '2025-08-26 11:07:00.000000', 1, NULL, 'Commercial 2'),
(767, NULL, NULL, '', 'PUGNACAISE', '', '', '', 0, 0, '41119526.0', '', '', NULL, '2025-08-26 11:07:00.000000', 1, NULL, 'Commercial 2'),
(768, NULL, NULL, 'SARL', 'FRED MECA', '', '771237162', '', 1, 1, '41119628.0', 'frederic.freni@gmail.com', 'frederic.freni@gmail.com', NULL, '2025-08-26 11:07:00.000000', 1, NULL, 'Commercial 2'),
(769, NULL, NULL, 'SAS', 'GAJAC SERVICE AUTO', '', '556251384', '', 1, 1, '41119629.0', 'philippe.vigneau03@gmail.com', 'philippe.vigneau03@gmail.com', NULL, '2025-08-26 11:07:00.000000', 1, NULL, 'Commercial 2'),
(770, NULL, NULL, 'GARAGE', 'VINCENT', '', '0556389206', '', 1, 1, '41119630.0', 'garagevincentsdam@orange.fr', 'garagevincentsdam@orange.fr', NULL, '2025-08-26 11:07:00.000000', 1, NULL, 'Commercial 2'),
(771, NULL, NULL, 'SARL', 'RENAULT BLAYE', '', '557420220', '', 1, 1, '41119303.0', 'thomas.combas@mj2p.com', 'achat@mj2p.com', NULL, '2025-08-26 11:07:00.000000', 1, NULL, 'Commercial 2'),
(772, NULL, NULL, '', 'COUSTENOBLE AUTO PASSION LA REOLE', '', '', '', 0, 0, '41119491.0', '', '', NULL, '2025-08-26 11:07:00.000000', 1, NULL, 'Commercial 2'),
(773, NULL, NULL, '', 'LM AUTO SERVICE', '', '0624171089', 'Physique', 1, 1, '41119493.0', 'lmautoservice40@gmail.com', 'lmautoservice40@gmail.com', NULL, '2025-08-26 11:07:00.000000', 1, NULL, 'Commercial 2'),
(774, NULL, NULL, 'CARROSSERIE', 'BEUREL', '', '556069031', '', 1, 1, '41119060.0', 'carrosserie.beurel@orange.fr', 'carrosserie.beurel@orange.fr', NULL, '2025-08-26 11:07:00.000000', 1, NULL, 'Commercial 2'),
(775, NULL, NULL, '', 'SMEDI', '', '', '', 0, 0, '41118123.0', '', '', NULL, '2025-08-26 11:07:00.000000', 1, NULL, 'Commercial 2'),
(776, NULL, NULL, 'SAS', 'ESTELA MIMIZAN', '', '558090037', '', 1, 1, '41119361.0', 'contact@peugeot-mimizan.fr', 'contact@peugeot-mimizan.fr', NULL, '2025-08-26 11:07:00.000000', 1, NULL, 'Commercial 2'),
(777, NULL, NULL, 'SOCIETE', 'L AS CARS', '', '558048629', '', 1, 1, '41119071.0', 'lascars40410@gmail.com', 'lascars40410@gmail.com', NULL, '2025-08-26 11:07:00.000000', 1, NULL, 'Commercial 2'),
(778, NULL, NULL, 'SAS', 'AHCARS', '', '', '', 1, 1, '41117658.0', 'ah_cars@hotmail.com', 'ah_cars@hotmail.com', NULL, '2025-08-26 11:07:00.000000', 1, NULL, 'Commercial 2'),
(779, NULL, NULL, 'GARAGE', 'VIRAL PNEUS', '', '557643968', '', 1, 1, '41118103.0', 'garageviralpneus@gmail.com', 'garageviralpneus@gmail.com', NULL, '2025-08-26 11:07:00.000000', 1, NULL, 'Commercial 2'),
(780, NULL, NULL, 'SAS', 'TRADI CARS GARAGE', '', '556271339', '', 1, 1, '41119105.0', 'tradicars@gmail.com', 'tradicars@gmail.com', NULL, '2025-08-26 11:07:00.000000', 1, NULL, 'Commercial 2'),
(781, NULL, NULL, 'SARL', 'NARDOU PATRICK', '', '557841317', '', 1, 1, '41119106.0', 'garage.nardou@orange.fr', 'garage.nardou@orange.fr', NULL, '2025-08-26 11:07:00.000000', 1, NULL, 'Commercial 2'),
(782, NULL, NULL, '', 'D ARVEYRES', '', '', '', 0, 0, '41119121.0', '', '', NULL, '2025-08-26 11:07:00.000000', 1, NULL, 'Commercial 2'),
(783, NULL, NULL, 'SARL', 'MOREAU JEAN MARIE', '', '556635377', '', 1, 1, '41119555.0', 'moreau-jeanmarie@orange.fr', 'moreau-jeanmarie@orange.fr', NULL, '2025-08-26 11:07:00.000000', 1, NULL, 'Commercial 2'),
(784, NULL, NULL, 'GARAGE', 'LATAPIE', '', '558076038', '', 1, 1, '41119559.0', 'garage-latapie@orange.fr', 'garage-latapie@orange.fr', NULL, '2025-08-26 11:07:00.000000', 1, NULL, 'Commercial 2'),
(785, NULL, NULL, '', 'CHAFT AUTO', '', '', 'Physique', 1, 1, '41119135.0', 'chaft.auto@gmail.com', 'chaft.auto@gmail.com', NULL, '2025-08-26 11:07:00.000000', 1, NULL, 'Commercial 2'),
(786, NULL, NULL, 'SARL', 'FTE GARAGE', '', '556065218', '', 1, 1, '41119568.0', 'contact@fte-garage.fr', 'comptabilite@fte-garage.fr', NULL, '2025-08-26 11:07:00.000000', 1, NULL, 'Commercial 2'),
(787, NULL, NULL, 'CARROSSERIE', 'SYLVAIN LEGLISE', '', '0556610536', '', 1, 1, '41119569.0', 'carrosserie.sylvain.leglise@gmail.com', 'carrosserie.sylvain.leglise@gmail.com', NULL, '2025-08-26 11:07:00.000000', 1, NULL, 'Commercial 2'),
(788, NULL, NULL, 'GARAGE', 'LAULAN MECADOM STATION ELAN', '', '556628965', '', 1, 1, '41119577.0', 'mecadom33@orange.fr', 'mecadom33@orange.fr', NULL, '2025-08-26 11:07:00.000000', 1, NULL, 'Commercial 2'),
(789, NULL, NULL, 'GARAGE', 'DUBOURDIEU ET FILS', '', '558780597', '', 1, 1, '41119160.0', 'garagedubourdieu@wanadoo.fr', 'garagedubourdieu@wanadoo.fr', NULL, '2025-08-26 11:07:00.000000', 1, NULL, 'Commercial 2'),
(790, NULL, NULL, 'SARL', 'AMTC BDA', '', '', 'Morale', 1, 1, '41119161.0', 'amtc-bda@wanadoo.fr', 'amtc-bda@wanadoo.fr', NULL, '2025-08-26 11:07:00.000000', 1, NULL, 'Commercial 2'),
(792, NULL, NULL, 'SARL', 'ORTIS PRECHAC AUTO', '', '556652368', '', 1, 1, '41113770.0', 'ortis.prechacauto@yahoo.com', 'ortis.prechacauto@yahoo.com', NULL, '2025-08-26 11:07:00.000000', 1, NULL, 'Commercial 2'),
(793, NULL, NULL, 'SARL', 'CVG', '', '557586397', '', 1, 1, '41150000.0', 'contact@centreautostmariens.com', 'contact@centreautostmariens.com', NULL, '2025-08-26 11:07:00.000000', 1, NULL, 'Commercial 2'),
(794, NULL, NULL, 'SAS', 'BMZ AUTO 33', '', '', '', 1, 1, '41119422.0', 'bmzauto33@gmail.com', 'bmzauto33@gmail.com', NULL, '2025-08-26 11:07:00.000000', 1, NULL, 'Commercial 2'),
(795, NULL, NULL, 'SARL', 'SLA SAINT MAIXANT', '', '557987128', '', 1, 1, '41119216.0', 'secretariat.sla@gmail.com', 'secretariat.sla@gmail.com', NULL, '2025-08-26 11:07:00.000000', 1, NULL, 'Commercial 2'),
(796, NULL, NULL, 'CARROSSERIE', 'CAMELEON', '', '558096099', '', 1, 1, '41119624.0', 'achat@carrosserie-cameleon.com', 'achat@carrosserie-cameleon.com', NULL, '2025-08-26 11:07:00.000000', 1, NULL, 'Commercial 2'),
(797, NULL, NULL, 'SARL', 'BORN MECANIQUE', '', '558071434', '', 1, 1, '41119492.0', 'mecaniqueduborn@outlook.fr', 'mecaniqueduborn@outlook.fr', NULL, '2025-08-26 11:07:00.000000', 1, NULL, 'Commercial 2'),
(798, NULL, NULL, 'SARL', 'LACOSTE AUTOMOBILES', '', '558780009', '', 1, 1, '41119546.0', 'lacoste.automobile@orange.fr', 'lacoste.automobile@orange.fr', NULL, '2025-08-26 11:07:00.000000', 1, NULL, 'Commercial 2'),
(799, NULL, NULL, 'SOCIETE', 'PRESTA-SERVICE', '', '0556050592', '', 1, 1, '41119138.0', 'prestaservice33160@gmail.com', 'prestaservice33160@gmail.com', NULL, '2025-08-26 11:07:00.000000', 1, NULL, 'Commercial 2'),
(800, NULL, NULL, 'SAS', 'CAR WORKING', '', '', '', 1, 1, '41119419.0', 'carworking33@gmail.com', 'carworking33@gmail.com', NULL, '2025-08-26 11:07:00.000000', 1, NULL, 'Commercial 2'),
(801, NULL, NULL, 'GARAGE', 'AR', '', '556520995', '', 1, 1, '41119420.0', 'eurlrodrigues33@gmail.com', 'eurlrodrigues33@gmail.com', NULL, '2025-08-26 11:07:00.000000', 1, NULL, 'Commercial 2'),
(802, NULL, NULL, 'CARROSSERIE', 'ATELIER HERITAGE', '', '', '', 1, 1, '41119348.0', 'atelierheritagecarrosserie@gmail.com', 'atelierheritagecarrosserie@gmail.com', NULL, '2025-08-26 11:07:00.000000', 1, NULL, 'Commercial 2'),
(803, NULL, NULL, 'SARL', 'LACOSTE AUTOMOBILES', '', '558780009', '', 1, 1, '41119613.0', 'lacoste.automobile@orange.fr', 'lacoste.automobile@orange.fr', NULL, '2025-08-26 11:07:00.000000', 1, NULL, 'Commercial 2'),
(804, NULL, NULL, 'SARL', 'ATELIER GERMON', '', '', '', 1, 1, '41119455.0', 'ateliergermon@gmail.com', 'ateliergermon@gmail.com', NULL, '2025-08-26 11:07:00.000000', 1, NULL, 'Commercial 2'),
(805, NULL, NULL, 'SARL', 'SLA SAINT MAIXANT', '', '557987128', '', 1, 1, '41119540.0', 'secretariat.sla@gmail.com', 'secretariat.sla@gmail.com', NULL, '2025-08-26 11:07:00.000000', 1, NULL, 'Commercial 2'),
(806, NULL, NULL, 'SARL', 'CITROEN PUGNAC', '', '557688370', '', 1, 1, '41119543.0', 'benoit.arnaud@mj2p.com', 'achat@mj2p.com', NULL, '2025-08-26 11:07:00.000000', 1, NULL, 'Commercial 2'),
(807, NULL, NULL, 'GARAGE', 'JLZ', '', '0556658947', '', 1, 1, '41119648.0', 'jerome.lamothe2@orange.fr', 'jerome.lamothe2@orange.fr', NULL, '2025-08-26 11:07:00.000000', 1, NULL, 'Commercial 2'),
(808, NULL, NULL, 'SAS', 'AMC DU CIRON', '', '556254282', '', 1, 1, '41119292.0', 'amcduciron@gmail.com', 'amcduciron@gmail.com', NULL, '2025-08-26 11:07:00.000000', 1, NULL, 'Commercial 2'),
(809, NULL, NULL, 'GARAGE', 'AMA AUTOMOBILES', '', '540009127', '', 1, 1, '41119395.0', 'ama.automobiles@gmail.com', 'ama.automobiles@gmail.com', NULL, '2025-08-26 11:07:00.000000', 1, NULL, 'Commercial 2'),
(810, NULL, NULL, 'SARL', 'KM AUTO', '', '', '', 1, 1, '41119578.0', 'kmauto33240@gmail.com', 'kmauto33240@gmail.com', NULL, '2025-08-26 11:07:00.000000', 1, NULL, 'Commercial 2'),
(811, NULL, NULL, 'GARAGE', 'CHRIS AUTOS', '', '972852717', '', 1, 1, '41119246.0', 'chris-autos@outlook.fr', 'chris-autos@outlook.fr', NULL, '2025-08-26 11:07:00.000000', 1, NULL, 'Commercial 2'),
(812, NULL, NULL, 'SARL', 'PCM AUTO', '', '0557334375', '', 1, 1, '41119473.0', 'pcm.auto@orange.fr', 'pcm.auto@orange.fr', NULL, '2025-08-26 11:07:00.000000', 1, NULL, 'Commercial 2'),
(813, NULL, NULL, 'GARAGE', 'RELAIS DE LA ROTONDE', '', '557252034', '', 1, 1, '41119638.0', 'franck.parmenon@wanadoo.fr', 'franck.parmenon@wanadoo.fr', NULL, '2025-08-26 11:07:00.000000', 1, NULL, 'Commercial 2'),
(814, NULL, NULL, 'GARAGE', 'VINCENT', '', '0556389206', '', 1, 1, '41119390.0', 'garagevincentsdam@orange.fr', 'garagevincentsdam@orange.fr', NULL, '2025-08-26 11:07:00.000000', 1, NULL, 'Commercial 2'),
(815, NULL, NULL, 'CARROSSERIE', 'MARMANDAISE', '', '0553896341', 'Morale', 1, 1, '41119662.0', 'carrosseriemarmandaise@orange.fr', 'carrosseriemarmandaise@orange.fr', NULL, '2025-08-26 11:07:00.000000', 1, NULL, 'Commercial 2'),
(816, NULL, NULL, 'SARL', 'DAVID HOME MECA', '', '0678489600', '', 1, 1, '41119666.0', 'david-home-meca@orange.fr', 'david-home-meca@orange.fr', NULL, '2025-08-26 11:07:00.000000', 1, NULL, 'Commercial 2'),
(817, NULL, NULL, 'CARROSSERIE', 'CLAVERES', '', '556630092', '', 1, 1, '41119504.0', 'carrosserie.claveres@wanadoo.fr', 'carrosserie.claveres@wanadoo.fr', NULL, '2025-08-26 11:07:00.000000', 1, NULL, 'Commercial 2'),
(818, NULL, NULL, 'EURL', 'JPA PARE BRISE', '', '556630583', '', 1, 1, '41119069.0', 'langon@reseau-franceparebrise.fr', 'langon@reseau-franceparebrise.fr', NULL, '2025-08-26 11:07:00.000000', 1, NULL, 'Commercial 2'),
(819, NULL, NULL, '', 'SKC AUTOMOBILES', '', '556775573', '', 1, 1, '41119528.0', 'garage@skc-auto.fr', 'garage@skc-auto.fr', NULL, '2025-08-26 11:07:00.000000', 1, NULL, 'Commercial 2'),
(820, NULL, NULL, 'SARL', 'ADP CREATION LIVE', '', '987796688', 'Physique', 1, 1, '41119322.0', 'akdcreationlive@bbox.fr', 'akdcreationlive@bbox.fr', NULL, '2025-08-26 11:07:00.000000', 1, NULL, 'Commercial 2'),
(821, NULL, NULL, 'SARL', 'ATD AUTOS', '', '556482885', 'Morale', 1, 1, '41119372.0', 'atd.autos@orange.fr', 'atd.autos@orange.fr', NULL, '2025-08-26 11:07:00.000000', 1, NULL, 'Commercial 2'),
(822, NULL, NULL, 'SARL', 'MECA SERVICE 33', '', '557253391', '', 1, 1, '41119639.0', 'meca.service33@hotmail.fr', 'meca.service33@hotmail.fr', NULL, '2025-08-26 11:07:00.000000', 1, NULL, 'Commercial 2'),
(823, NULL, NULL, 'GARAGE', 'MERLET', '', '0557280457', '', 1, 1, '41119353.0', 'garagemerlet33@gmail.com', 'garagemerlet33@gmail.com', NULL, '2025-08-26 11:07:00.000000', 1, NULL, 'Commercial 2'),
(824, NULL, NULL, 'SARL', 'PA DIFFUSION AUTOMOBILES', '', '', '', 1, 1, '41119489.0', 'pa.diffusion@gmail.com', 'pa.diffusion@gmail.com', NULL, '2025-08-26 11:07:00.000000', 1, NULL, 'Commercial 2'),
(825, NULL, NULL, 'CARROSSERIE', 'PITAUD', '', '0556251971', '', 1, 1, '41119524.0', 'carrosserie-pitaud@orange.fr', 'carrosserie-pitaud@orange.fr', NULL, '2025-08-26 11:07:00.000000', 1, NULL, 'Commercial 2'),
(826, NULL, NULL, '', 'VIGNEAU ERIC AGENT RENAULT', '', '', '', 0, 0, '41119172.0', '', '', NULL, '2025-08-26 11:07:00.000000', 1, NULL, 'Commercial 2'),
(827, NULL, NULL, 'GARAGE', 'DU TOURNE', '', '556675870', '', 1, 1, '41119689.0', 'garage-du-tourne@orange.fr', 'garage-du-tourne@orange.fr', NULL, '2025-08-26 11:07:00.000000', 1, NULL, 'Commercial 2'),
(828, NULL, NULL, 'GARAGE', 'JML', '', '556272616', '', 1, 1, '41119515.0', 'garage.jml@outlook.fr', 'garage.jml@outlook.fr', NULL, '2025-08-26 11:07:00.000000', 1, NULL, 'Commercial 2'),
(829, NULL, NULL, 'GARAGE', 'LE NAOUR', '', '986211193', '', 1, 1, '41119341.0', 'contact@garagelenaour.fr', 'contact@garagelenaour.fr', NULL, '2025-08-26 11:07:00.000000', 1, NULL, 'Commercial 2'),
(830, NULL, NULL, 'SARL', 'HAUSSMANN AUTOMOBILES', '', '557420809', '', 1, 1, '41119495.0', 'peugeot.blaye@mj2p.com', 'peugeot.blaye@mj2p.com', NULL, '2025-08-26 11:07:00.000000', 1, NULL, 'Commercial 2'),
(831, NULL, NULL, 'GARAGE', 'CHRIS AUTOS', '', '972852717', '', 1, 1, '41119539.0', 'chris-autos@outlook.fr', 'chris-autos@outlook.fr', NULL, '2025-08-26 11:07:00.000000', 1, NULL, 'Commercial 2'),
(832, NULL, NULL, 'SARL', 'MECA SERVICE 33', '', '557253391', '', 1, 1, '41119370.0', 'meca.service33@hotmail.fr', 'meca.service33@hotmail.fr', NULL, '2025-08-26 11:07:00.000000', 1, NULL, 'Commercial 2'),
(833, NULL, NULL, 'GARAGE', 'RELAIS DE LA ROTONDE', '', '557252034', '', 1, 1, '41119281.0', 'franck.parmenon@wanadoo.fr', 'franck.parmenon@wanadoo.fr', NULL, '2025-08-26 11:07:00.000000', 1, NULL, 'Commercial 2'),
(834, NULL, NULL, 'SAS', 'FRED AUTO 47', '', '553647332', 'Morale', 1, 1, '41119664.0', 'fredauto47@gmail.com', 'fredauto47@gmail.com', NULL, '2025-08-26 11:07:00.000000', 1, NULL, 'Commercial 2'),
(835, NULL, NULL, 'CARROSSERIE', 'SYLVAIN LEGLISE', '', '0556610536', '', 1, 1, '41119512.0', 'carrosserie.sylvain.leglise@gmail.com', 'carrosserie.sylvain.leglise@gmail.com', NULL, '2025-08-26 11:07:00.000000', 1, NULL, 'Commercial 2'),
(836, NULL, NULL, 'SARL', 'HARIZPE', '', '0559379330', 'Morale', 1, 1, '41118237.0', 'garageharizpe@gmail.com', 'garageharizpe@gmail.com', NULL, '2025-08-26 11:07:00.000000', 1, NULL, 'Commercial 2'),
(837, NULL, NULL, 'SARL', 'CVG', '', '557586397', '', 1, 1, '41119274.0', 'contact@centreautostmariens.com', 'contact@centreautostmariens.com', NULL, '2025-08-26 11:07:00.000000', 1, NULL, 'Commercial 2'),
(838, NULL, NULL, 'SARL', 'BORN MECANIQUE', '', '558071434', '', 1, 1, '41119579.0', 'mecaniqueduborn@outlook.fr', 'mecaniqueduborn@outlook.fr', NULL, '2025-08-26 11:07:00.000000', 1, NULL, 'Commercial 2'),
(839, NULL, NULL, 'SARL', 'CENTRE AUTO LOUSTAUNAU', '', '0557342807', '', 1, 1, '41119170.0', 'centreautoloustaunau@orange.fr', 'centreautoloustaunau@orange.fr', NULL, '2025-08-26 11:07:00.000000', 1, NULL, 'Commercial 2'),
(840, NULL, NULL, 'SARL', 'LACOSTE AUTOMOBILES', '', '558780009', '', 1, 1, '41119562.0', 'lacoste.automobile@orange.fr', 'lacoste.automobile@orange.fr', NULL, '2025-08-26 11:07:00.000000', 1, NULL, 'Commercial 2'),
(841, NULL, NULL, 'SARL', 'AMTC BDA', '', '', 'Morale', 1, 1, '41119674.0', 'amtc-bda@wanadoo.fr', 'amtc-bda@wanadoo.fr', NULL, '2025-08-26 11:07:00.000000', 1, NULL, 'Commercial 2'),
(842, NULL, NULL, 'SAS', 'AMC DU CIRON', '', '556254282', '', 1, 1, '41119548.0', 'amcduciron@gmail.com', 'amcduciron@gmail.com', NULL, '2025-08-26 11:07:00.000000', 1, NULL, 'Commercial 2'),
(843, NULL, NULL, 'SAS', 'AZ AUTOMOBILES', '', '', '', 1, 1, '41119435.0', 'az.automobiles@outlook.fr', 'az.automobiles@outlook.fr', NULL, '2025-08-26 11:07:00.000000', 1, NULL, 'Commercial 2'),
(844, NULL, NULL, 'CARROSSERIE', 'CAMELEON', '', '558096099', '', 1, 1, '41119560.0', 'achat@carrosserie-cameleon.com', 'achat@carrosserie-cameleon.com', NULL, '2025-08-26 11:07:00.000000', 1, NULL, 'Commercial 2'),
(845, NULL, NULL, 'SAS', 'BMZ AUTO 33', '', '', '', 1, 1, '41119194.0', 'bmzauto33@gmail.com', 'bmzauto33@gmail.com', NULL, '2025-08-26 11:07:00.000000', 1, NULL, 'Commercial 2');

-- --------------------------------------------------------

--
-- Table structure for table `front_clientvisitstats`
--

DROP TABLE IF EXISTS `front_clientvisitstats`;
CREATE TABLE `front_clientvisitstats` (
  `id` bigint NOT NULL,
  `annee` int NOT NULL,
  `visites_valides` int NOT NULL,
  `objectif` int NOT NULL,
  `updated_at` datetime(6) NOT NULL,
  `client_id` bigint NOT NULL,
  `commercial_id` bigint NOT NULL
) ENGINE=InnoDB DEFAULT CHARSET=utf8mb4 COLLATE=utf8mb4_0900_ai_ci;

--
-- Dumping data for table `front_clientvisitstats`
--

INSERT INTO `front_clientvisitstats` (`id`, `annee`, `visites_valides`, `objectif`, `updated_at`, `client_id`, `commercial_id`) VALUES
(137, 2025, 0, 1, '2025-09-15 09:45:20.861081', 127, 1),
(138, 2025, 0, 1, '2025-09-18 13:03:27.976783', 127, 4),
(139, 2025, 0, 1, '2025-09-18 13:03:22.052200', 128, 4),
(140, 2025, 0, 1, '2025-09-22 07:37:01.315906', 129, 4),
(141, 2025, 0, 1, '2025-09-18 13:03:21.754598', 130, 4),
(142, 2025, 0, 1, '2025-09-18 13:03:26.191423', 131, 4),
(143, 2025, 0, 1, '2025-09-22 07:37:01.332226', 132, 4),
(144, 2025, 0, 1, '2025-09-18 13:03:23.590478', 133, 4),
(145, 2025, 0, 1, '2025-09-15 09:45:21.003127', 134, 4),
(146, 2025, 0, 1, '2025-09-15 09:45:21.007332', 135, 4),
(147, 2025, 0, 1, '2025-09-15 09:45:21.011913', 138, 4),
(148, 2025, 0, 1, '2025-09-18 13:03:21.901419', 139, 4),
(149, 2025, 0, 1, '2025-09-18 13:03:25.012328', 140, 4),
(150, 2025, 0, 1, '2025-09-15 09:45:21.024934', 141, 4),
(151, 2025, 0, 1, '2025-09-18 13:03:22.364148', 142, 4),
(152, 2025, 0, 1, '2025-09-18 13:03:25.756290', 143, 4),
(153, 2025, 0, 1, '2025-09-18 13:03:28.140080', 144, 4),
(154, 2025, 0, 1, '2025-09-18 13:03:25.858708', 145, 4),
(155, 2025, 0, 1, '2025-09-18 13:03:22.211870', 146, 4),
(156, 2025, 0, 1, '2025-09-15 09:51:23.073874', 147, 4),
(157, 2025, 0, 1, '2025-09-18 13:03:22.512191', 148, 4),
(158, 2025, 0, 1, '2025-09-22 07:37:14.173343', 149, 4),
(159, 2025, 0, 1, '2025-09-18 13:03:26.989232', 150, 4),
(160, 2025, 0, 1, '2025-09-22 07:37:14.301300', 151, 4),
(161, 2025, 0, 1, '2025-09-18 13:03:27.148691', 152, 4),
(162, 2025, 0, 1, '2025-09-22 07:37:14.433044', 153, 4),
(163, 2025, 0, 1, '2025-09-22 07:37:14.564212', 154, 4),
(164, 2025, 0, 1, '2025-09-18 13:03:27.311106', 155, 4),
(165, 2025, 0, 1, '2025-09-22 07:37:14.696892', 156, 4),
(166, 2025, 0, 1, '2025-09-18 13:03:26.677622', 157, 4),
(167, 2025, 0, 1, '2025-09-18 13:03:25.132441', 158, 4),
(168, 2025, 0, 1, '2025-09-22 07:37:14.832323', 159, 4),
(169, 2025, 0, 1, '2025-09-22 07:37:14.994674', 160, 4),
(170, 2025, 0, 1, '2025-09-22 07:37:15.125311', 161, 4),
(171, 2025, 0, 1, '2025-09-15 09:45:21.109327', 162, 4),
(172, 2025, 0, 1, '2025-09-15 09:51:22.590223', 163, 4),
(173, 2025, 0, 1, '2025-09-18 13:03:26.832754', 164, 4),
(174, 2025, 0, 1, '2025-09-18 13:03:26.357051', 165, 4),
(175, 2025, 0, 1, '2025-09-15 09:45:21.125198', 166, 4),
(176, 2025, 0, 1, '2025-09-22 07:37:15.265531', 167, 4),
(177, 2025, 0, 1, '2025-09-15 13:06:33.572924', 168, 4),
(178, 2025, 0, 1, '2025-09-15 09:45:21.136662', 169, 4),
(179, 2025, 0, 1, '2025-09-22 07:37:15.394723', 170, 4),
(180, 2025, 0, 1, '2025-09-18 13:03:26.510285', 171, 4),
(181, 2025, 0, 1, '2025-09-18 13:03:27.820008', 173, 4),
(182, 2025, 0, 1, '2025-09-22 07:37:15.535355', 174, 4),
(183, 2025, 0, 1, '2025-09-18 13:03:27.663468', 175, 4),
(184, 2025, 0, 1, '2025-09-18 13:03:25.298286', 176, 4),
(185, 2025, 0, 1, '2025-09-18 13:03:25.449412', 177, 4),
(186, 2025, 0, 1, '2025-09-22 07:37:01.295961', 178, 4),
(187, 2025, 0, 1, '2025-09-18 13:03:27.475617', 179, 4),
(188, 2025, 0, 1, '2025-09-18 13:03:26.037464', 180, 4),
(189, 2025, 0, 1, '2025-09-15 09:45:21.180909', 181, 4),
(190, 2025, 0, 1, '2025-09-22 07:37:15.691059', 182, 4),
(191, 2025, 0, 1, '2025-09-15 09:51:22.782878', 183, 4),
(192, 2025, 0, 1, '2025-09-18 13:03:24.675216', 184, 4),
(193, 2025, 0, 1, '2025-09-18 13:03:25.596819', 185, 4),
(194, 2025, 0, 1, '2025-09-15 09:51:22.255332', 186, 4),
(195, 2025, 0, 1, '2025-09-15 09:51:23.498194', 399, 6),
(196, 2025, 0, 1, '2025-09-15 09:51:23.493655', 400, 6),
(197, 2025, 0, 1, '2025-09-15 09:51:23.489114', 401, 6),
(198, 2025, 0, 1, '2025-09-15 09:51:23.484948', 402, 6),
(199, 2025, 0, 1, '2025-09-15 09:51:23.479897', 403, 6),
(200, 2025, 0, 1, '2025-09-15 09:51:23.475737', 404, 6),
(201, 2025, 0, 1, '2025-09-15 09:51:23.471609', 405, 6),
(202, 2025, 0, 1, '2025-09-15 09:51:23.462490', 406, 1),
(203, 2025, 0, 1, '2025-09-15 09:45:21.238218', 407, 6),
(204, 2025, 0, 1, '2025-09-15 09:51:22.333608', 408, 6),
(205, 2025, 0, 1, '2025-09-15 09:45:21.247206', 409, 6),
(206, 2025, 0, 1, '2025-09-15 09:45:21.251326', 410, 6),
(207, 2025, 0, 1, '2025-09-22 07:37:02.177423', 411, 6),
(208, 2025, 0, 1, '2025-09-15 09:51:23.039193', 412, 6),
(209, 2025, 0, 1, '2025-09-15 09:45:21.264435', 413, 6),
(210, 2025, 0, 1, '2025-09-15 09:45:21.268542', 414, 6),
(211, 2025, 0, 1, '2025-09-15 09:45:21.272662', 415, 6),
(212, 2025, 0, 1, '2025-09-15 09:51:22.476840', 416, 6),
(213, 2025, 0, 1, '2025-09-18 13:02:20.736016', 417, 1),
(214, 2025, 0, 1, '2025-09-15 09:45:21.285015', 418, 6),
(215, 2025, 0, 1, '2025-09-15 09:51:22.752677', 419, 6),
(216, 2025, 0, 1, '2025-09-15 09:51:22.037548', 420, 6),
(217, 2025, 0, 1, '2025-09-15 13:06:33.407922', 421, 6),
(218, 2025, 0, 1, '2025-09-22 07:37:02.172146', 422, 6),
(219, 2025, 0, 1, '2025-09-15 13:06:33.545088', 423, 6),
(220, 2025, 0, 1, '2025-09-15 09:51:21.953696', 424, 6),
(221, 2025, 0, 1, '2025-09-15 09:51:22.765336', 425, 6),
(222, 2025, 0, 1, '2025-09-15 09:45:21.318047', 426, 6),
(223, 2025, 0, 1, '2025-09-15 09:45:21.321692', 427, 6),
(224, 2025, 0, 1, '2025-09-15 09:51:22.224642', 428, 6),
(225, 2025, 0, 1, '2025-09-15 09:45:21.330306', 429, 6),
(226, 2025, 0, 1, '2025-09-15 09:45:21.334381', 430, 6),
(227, 2025, 0, 1, '2025-09-15 09:45:21.338334', 433, 6),
(228, 2025, 0, 1, '2025-09-15 09:45:21.341647', 434, 6),
(229, 2025, 0, 1, '2025-09-15 09:51:22.150317', 435, 6),
(230, 2025, 0, 1, '2025-09-15 09:51:22.055127', 436, 6),
(231, 2025, 0, 1, '2025-09-15 09:45:21.353510', 437, 6),
(232, 2025, 0, 1, '2025-09-15 09:45:21.357806', 438, 6),
(233, 2025, 0, 1, '2025-09-15 09:51:21.942217', 439, 6),
(234, 2025, 0, 1, '2025-09-15 09:45:21.364937', 440, 6),
(235, 2025, 0, 1, '2025-09-15 09:45:21.369352', 441, 6),
(236, 2025, 0, 1, '2025-09-15 09:45:21.373555', 442, 6),
(237, 2025, 0, 1, '2025-09-15 09:45:21.377172', 443, 6),
(238, 2025, 0, 1, '2025-09-15 09:51:23.544312', 444, 1),
(239, 2025, 0, 1, '2025-09-15 09:45:21.385045', 445, 6),
(240, 2025, 0, 1, '2025-09-15 09:51:22.485596', 446, 6),
(241, 2025, 0, 1, '2025-09-15 09:45:21.393463', 447, 6),
(242, 2025, 0, 1, '2025-09-15 09:51:23.030170', 448, 6),
(243, 2025, 0, 1, '2025-09-15 09:51:22.042297', 449, 6),
(244, 2025, 0, 1, '2025-09-15 09:45:21.407554', 450, 6),
(245, 2025, 0, 1, '2025-09-15 09:51:22.241857', 451, 6),
(246, 2025, 0, 1, '2025-09-15 09:51:22.559400', 452, 6),
(247, 2025, 0, 1, '2025-09-15 09:51:22.856640', 453, 6),
(248, 2025, 0, 1, '2025-09-15 09:45:21.423324', 454, 6),
(249, 2025, 0, 1, '2025-09-15 09:45:21.427086', 455, 6),
(250, 2025, 0, 1, '2025-09-15 13:06:33.540224', 456, 6),
(251, 2025, 0, 1, '2025-09-15 09:45:21.435928', 458, 6),
(252, 2025, 0, 1, '2025-09-15 09:51:23.202828', 459, 6),
(253, 2025, 0, 1, '2025-09-15 09:51:22.679654', 460, 6),
(254, 2025, 0, 1, '2025-09-15 13:06:33.444481', 461, 6),
(255, 2025, 0, 1, '2025-09-15 09:45:21.451187', 462, 6),
(256, 2025, 0, 1, '2025-09-15 09:45:21.455338', 463, 6),
(257, 2025, 0, 1, '2025-09-15 09:51:22.228907', 464, 6),
(258, 2025, 0, 1, '2025-09-18 14:08:17.003472', 730, 1),
(259, 2025, 0, 1, '2025-09-15 13:06:33.357812', 731, 1),
(260, 2025, 0, 1, '2025-09-15 13:06:33.602627', 732, 1),
(261, 2025, 0, 1, '2025-09-15 13:06:33.835795', 733, 1),
(262, 2025, 0, 1, '2025-09-18 13:02:21.274443', 734, 1),
(263, 2025, 0, 1, '2025-09-15 09:51:22.800111', 735, 1),
(264, 2025, 0, 1, '2025-09-15 09:51:23.172316', 736, 1),
(265, 2025, 0, 1, '2025-09-18 13:02:20.893059', 737, 1),
(266, 2025, 0, 1, '2025-09-18 13:02:21.492689', 738, 1),
(267, 2025, 0, 1, '2025-09-18 13:02:21.102792', 739, 1),
(268, 2025, 0, 1, '2025-09-15 09:51:22.185342', 740, 1),
(269, 2025, 0, 1, '2025-09-18 14:08:16.998877', 741, 1),
(270, 2025, 0, 1, '2025-09-15 09:45:21.520960', 743, 1),
(271, 2025, 0, 1, '2025-09-18 13:02:20.505564', 746, 1),
(272, 2025, 0, 1, '2025-09-15 09:45:21.529353', 747, 1),
(273, 2025, 0, 1, '2025-09-15 09:51:22.432153', 748, 1),
(274, 2025, 0, 1, '2025-09-15 13:06:33.619479', 829, 1),
(275, 2025, 0, 1, '2025-09-15 09:51:22.996286', 777, 1),
(276, 2025, 0, 1, '2025-09-15 09:51:22.444082', 776, 1),
(277, 2025, 0, 1, '2025-09-15 09:45:21.549084', 787, 1),
(278, 2025, 0, 1, '2025-09-22 07:37:04.780645', 762, 1),
(279, 2025, 0, 1, '2025-09-15 13:06:33.499994', 835, 1),
(280, 2025, 0, 1, '2025-09-18 13:02:19.722499', 822, 1),
(281, 2025, 0, 1, '2025-09-15 09:51:23.237297', 389, 4),
(282, 2025, 0, 1, '2025-09-15 09:51:22.791786', 249, 4),
(283, 2025, 0, 1, '2025-09-18 13:03:15.001366', 351, 4),
(284, 2025, 0, 1, '2025-09-15 09:45:21.576819', 272, 4),
(285, 2025, 0, 1, '2025-09-18 13:03:21.002442', 236, 4),
(286, 2025, 0, 1, '2025-09-15 09:51:22.973632', 320, 4),
(287, 2025, 0, 1, '2025-09-15 09:51:23.284827', 824, 1),
(288, 2025, 0, 1, '2025-09-15 09:51:23.280443', 842, 1),
(289, 2025, 0, 1, '2025-09-15 13:06:33.494975', 790, 1),
(290, 2025, 0, 1, '2025-09-15 09:51:23.271797', 841, 1),
(291, 2025, 0, 1, '2025-09-18 14:08:16.974929', 769, 1),
(292, 2025, 0, 1, '2025-09-18 14:08:16.989341', 763, 1),
(293, 2025, 0, 1, '2025-09-22 07:37:04.618939', 751, 1),
(294, 2025, 0, 1, '2025-09-18 13:03:13.074826', 276, 4),
(295, 2025, 0, 1, '2025-09-15 09:51:23.250140', 352, 4),
(296, 2025, 0, 1, '2025-09-15 09:51:23.245991', 274, 4),
(297, 2025, 0, 1, '2025-09-15 09:51:23.241397', 336, 4),
(298, 2025, 0, 1, '2025-09-15 09:51:23.228800', 223, 4),
(299, 2025, 0, 1, '2025-09-15 13:06:33.284084', 708, 6),
(300, 2025, 0, 1, '2025-09-15 09:51:23.220106', 587, 6),
(301, 2025, 0, 1, '2025-09-15 13:06:33.550803', 482, 6),
(302, 2025, 0, 1, '2025-09-15 09:51:23.211022', 673, 6),
(303, 2025, 0, 1, '2025-09-15 09:51:23.206930', 543, 6),
(304, 2025, 0, 1, '2025-09-15 09:51:23.198367', 538, 6),
(305, 2025, 0, 1, '2025-09-18 13:02:18.774663', 788, 1),
(306, 2025, 0, 1, '2025-09-15 09:51:23.189606', 758, 1),
(307, 2025, 0, 1, '2025-09-15 09:51:23.185341', 794, 1),
(308, 2025, 0, 1, '2025-09-18 13:02:19.301378', 761, 1),
(309, 2025, 0, 1, '2025-09-18 13:02:19.442448', 793, 1),
(310, 2025, 0, 1, '2025-09-15 09:51:23.163376', 211, 4),
(311, 2025, 0, 1, '2025-09-18 13:03:13.753706', 209, 4),
(312, 2025, 0, 1, '2025-09-15 09:51:23.146004', 234, 4),
(313, 2025, 0, 1, '2025-09-18 13:03:20.556062', 230, 4),
(314, 2025, 0, 1, '2025-09-15 13:06:33.770644', 566, 6),
(315, 2025, 0, 1, '2025-09-15 09:51:23.128848', 726, 6),
(316, 2025, 0, 1, '2025-09-15 09:51:23.124780', 526, 6),
(317, 2025, 0, 1, '2025-09-15 09:51:23.120646', 506, 6),
(318, 2025, 0, 1, '2025-09-22 07:37:02.199335', 514, 6),
(319, 2025, 0, 1, '2025-09-15 09:51:23.111831', 613, 6),
(320, 2025, 0, 1, '2025-09-15 09:51:23.107842', 560, 6),
(321, 2025, 0, 1, '2025-09-15 13:06:33.624587', 781, 1),
(322, 2025, 0, 1, '2025-09-18 13:02:19.157463', 830, 1),
(323, 2025, 0, 1, '2025-09-18 13:02:15.602122', 808, 1),
(324, 2025, 0, 1, '2025-09-15 09:51:23.081858', 780, 1),
(325, 2025, 0, 1, '2025-09-15 09:51:23.077867', 783, 1),
(326, 2025, 0, 1, '2025-09-15 13:06:33.815429', 380, 4),
(327, 2025, 0, 1, '2025-09-15 09:51:23.064639', 361, 4),
(328, 2025, 0, 1, '2025-09-18 13:03:19.942863', 248, 4),
(329, 2025, 0, 1, '2025-09-15 09:51:23.056433', 396, 4),
(330, 2025, 0, 1, '2025-09-18 13:03:14.261608', 293, 4),
(331, 2025, 0, 1, '2025-09-15 09:51:23.043416', 563, 6),
(332, 2025, 0, 1, '2025-09-15 09:51:23.034451', 704, 6),
(333, 2025, 0, 1, '2025-09-15 09:51:23.025660', 465, 6),
(334, 2025, 0, 1, '2025-09-15 09:51:23.020428', 724, 6),
(335, 2025, 0, 1, '2025-09-15 09:51:23.015525', 625, 6),
(336, 2025, 0, 1, '2025-09-15 13:06:33.613693', 843, 1),
(337, 2025, 0, 1, '2025-09-15 09:51:23.006116', 840, 1),
(338, 2025, 0, 1, '2025-09-18 13:02:18.862507', 779, 1),
(339, 2025, 0, 1, '2025-09-18 14:08:16.993941', 756, 1),
(340, 2025, 0, 1, '2025-09-18 13:02:20.097000', 831, 1),
(341, 2025, 0, 1, '2025-09-15 09:51:22.978113', 278, 4),
(342, 2025, 0, 1, '2025-09-15 09:51:22.969453', 221, 4),
(343, 2025, 0, 1, '2025-09-15 09:51:22.965171', 381, 4),
(344, 2025, 0, 1, '2025-09-18 13:03:12.746338', 189, 4),
(345, 2025, 0, 1, '2025-09-15 09:51:22.952388', 334, 4),
(346, 2025, 0, 1, '2025-09-15 09:51:22.948034', 655, 6),
(347, 2025, 0, 1, '2025-09-15 13:06:33.300016', 617, 6),
(348, 2025, 0, 1, '2025-09-15 09:51:22.939398', 723, 6),
(349, 2025, 0, 1, '2025-09-15 09:51:22.935265', 663, 6),
(350, 2025, 0, 1, '2025-09-15 09:51:22.931003', 541, 6),
(351, 2025, 0, 1, '2025-09-15 09:51:22.926712', 608, 6),
(352, 2025, 0, 1, '2025-09-15 09:51:22.922326', 565, 6),
(353, 2025, 0, 1, '2025-09-15 09:51:22.913717', 770, 1),
(354, 2025, 0, 1, '2025-09-18 14:08:16.984487', 764, 1),
(355, 2025, 0, 1, '2025-09-15 09:51:22.890768', 838, 1),
(356, 2025, 0, 1, '2025-09-15 13:06:33.460572', 394, 4),
(357, 2025, 0, 1, '2025-09-15 09:51:22.882274', 187, 4),
(358, 2025, 0, 1, '2025-09-18 13:03:20.253892', 192, 4),
(359, 2025, 0, 1, '2025-09-15 09:51:22.869515', 260, 4),
(360, 2025, 0, 1, '2025-09-18 13:03:13.234978', 379, 4),
(361, 2025, 0, 1, '2025-09-15 09:51:22.852510', 626, 6),
(362, 2025, 0, 1, '2025-09-15 09:51:22.848133', 648, 6),
(363, 2025, 0, 1, '2025-09-15 09:51:22.843707', 665, 6),
(364, 2025, 0, 1, '2025-09-15 09:51:22.839617', 676, 6),
(365, 2025, 0, 1, '2025-09-15 09:51:22.830397', 555, 6),
(366, 2025, 0, 1, '2025-09-18 13:02:15.619126', 789, 1),
(367, 2025, 0, 1, '2025-09-22 07:37:05.266411', 813, 1),
(368, 2025, 0, 1, '2025-09-18 14:08:16.979526', 766, 1),
(369, 2025, 0, 1, '2025-09-15 13:06:33.830396', 821, 1),
(370, 2025, 0, 1, '2025-09-15 13:06:33.382320', 773, 1),
(371, 2025, 0, 1, '2025-09-18 13:03:20.856509', 275, 4),
(372, 2025, 0, 1, '2025-09-15 09:51:22.787529', 225, 4),
(373, 2025, 0, 1, '2025-09-18 13:03:21.451166', 203, 4),
(374, 2025, 0, 1, '2025-09-18 13:03:12.235713', 350, 4),
(375, 2025, 0, 1, '2025-09-15 09:51:22.770172', 481, 6),
(376, 2025, 0, 1, '2025-09-15 09:51:22.761251', 685, 6),
(377, 2025, 0, 1, '2025-09-15 09:51:22.757205', 645, 6),
(378, 2025, 0, 1, '2025-09-15 09:51:22.748125', 623, 6),
(379, 2025, 0, 1, '2025-09-15 09:51:22.744016', 534, 6),
(380, 2025, 0, 1, '2025-09-15 13:06:33.630171', 834, 1),
(381, 2025, 0, 1, '2025-09-15 09:51:22.735338', 819, 1),
(382, 2025, 0, 1, '2025-09-15 09:51:22.731072', 823, 1),
(383, 2025, 0, 1, '2025-09-18 13:02:20.188588', 755, 1),
(384, 2025, 0, 1, '2025-09-18 13:02:18.303167', 759, 1),
(385, 2025, 0, 1, '2025-09-15 09:51:22.714010', 800, 1),
(386, 2025, 0, 1, '2025-09-15 09:51:22.709912', 377, 4),
(387, 2025, 0, 1, '2025-09-18 13:03:21.604392', 216, 4),
(388, 2025, 0, 1, '2025-09-18 13:03:14.766835', 214, 4),
(389, 2025, 0, 1, '2025-09-18 13:03:12.415403', 298, 4),
(390, 2025, 0, 1, '2025-09-18 13:03:19.797232', 388, 4),
(391, 2025, 0, 1, '2025-09-15 09:51:22.683776', 393, 4),
(392, 2025, 0, 1, '2025-09-15 09:51:22.675530', 619, 6),
(393, 2025, 0, 1, '2025-09-15 09:51:22.670999', 512, 6),
(394, 2025, 0, 1, '2025-09-15 09:51:22.666594', 477, 6),
(395, 2025, 0, 1, '2025-09-15 09:51:22.661836', 571, 6),
(396, 2025, 0, 1, '2025-09-15 13:06:33.261562', 515, 6),
(397, 2025, 0, 1, '2025-09-15 09:51:22.652690', 649, 6),
(398, 2025, 0, 1, '2025-09-15 09:51:22.648128', 259, 4),
(399, 2025, 0, 1, '2025-09-15 09:51:22.458336', 744, 1),
(400, 2025, 0, 1, '2025-09-15 09:51:22.546496', 750, 1),
(401, 2025, 0, 1, '2025-09-18 13:02:18.614437', 754, 1),
(402, 2025, 0, 1, '2025-09-15 09:51:22.197874', 757, 1),
(403, 2025, 0, 1, '2025-09-15 13:06:33.608205', 760, 1),
(404, 2025, 0, 1, '2025-09-18 13:02:18.447714', 765, 1),
(405, 2025, 0, 1, '2025-09-18 13:02:18.199592', 768, 1),
(406, 2025, 0, 1, '2025-09-15 13:06:33.724855', 771, 1),
(407, 2025, 0, 1, '2025-09-22 07:37:04.985450', 774, 1),
(408, 2025, 0, 1, '2025-09-18 13:49:17.930966', 778, 1),
(409, 2025, 0, 1, '2025-09-15 13:06:33.730422', 784, 1),
(410, 2025, 0, 1, '2025-09-15 09:51:22.529095', 785, 1),
(411, 2025, 0, 1, '2025-09-22 07:37:05.175436', 786, 1),
(412, 2025, 0, 1, '2025-09-15 13:06:33.845346', 792, 1),
(413, 2025, 0, 1, '2025-09-15 13:06:33.719310', 795, 1),
(414, 2025, 0, 1, '2025-09-15 09:51:22.621074', 796, 1),
(415, 2025, 0, 1, '2025-09-15 09:51:22.290778', 797, 1),
(416, 2025, 0, 1, '2025-09-15 09:51:22.616566', 798, 1),
(417, 2025, 0, 1, '2025-09-15 09:45:22.109461', 799, 1),
(418, 2025, 0, 1, '2025-09-15 09:45:22.113651', 801, 1),
(419, 2025, 0, 1, '2025-09-15 13:06:33.745939', 802, 1),
(420, 2025, 0, 1, '2025-09-15 13:06:33.850532', 803, 1),
(421, 2025, 0, 1, '2025-09-15 09:45:22.126891', 804, 1),
(422, 2025, 0, 1, '2025-09-15 09:51:22.115576', 805, 1),
(423, 2025, 0, 1, '2025-09-18 13:02:18.385055', 806, 1),
(424, 2025, 0, 1, '2025-09-15 09:45:22.138919', 807, 1),
(425, 2025, 0, 1, '2025-09-15 13:06:33.635348', 809, 1),
(426, 2025, 0, 1, '2025-09-15 09:51:22.643179', 810, 1),
(427, 2025, 0, 1, '2025-09-18 13:02:19.966748', 811, 1),
(428, 2025, 0, 1, '2025-09-15 09:51:22.102700', 812, 1),
(429, 2025, 0, 1, '2025-09-15 13:06:33.714180', 814, 1),
(430, 2025, 0, 1, '2025-09-15 13:06:33.515252', 815, 1),
(431, 2025, 0, 1, '2025-09-15 09:51:22.010897', 816, 1),
(432, 2025, 0, 1, '2025-09-18 13:02:18.924376', 817, 1),
(433, 2025, 0, 1, '2025-09-15 09:51:22.525025', 818, 1),
(434, 2025, 0, 1, '2025-09-18 13:02:18.512716', 820, 1),
(435, 2025, 0, 1, '2025-09-15 09:51:22.633818', 825, 1),
(436, 2025, 0, 1, '2025-09-18 13:02:18.262959', 827, 1),
(437, 2025, 0, 1, '2025-09-18 13:02:19.067864', 828, 1),
(438, 2025, 0, 1, '2025-09-18 13:02:19.831400', 832, 1),
(439, 2025, 0, 1, '2025-09-18 13:02:18.714012', 833, 1),
(440, 2025, 0, 1, '2025-09-18 13:02:15.587093', 836, 1),
(441, 2025, 0, 1, '2025-09-18 13:02:19.614707', 837, 1),
(442, 2025, 0, 1, '2025-09-22 07:37:05.481248', 839, 1),
(443, 2025, 0, 1, '2025-09-15 09:51:22.533710', 844, 1),
(444, 2025, 0, 1, '2025-09-18 13:59:52.443845', 845, 1),
(445, 2025, 0, 1, '2025-09-15 13:06:33.449262', 136, 4),
(446, 2025, 0, 1, '2025-09-18 13:03:17.576527', 137, 4),
(447, 2025, 0, 1, '2025-09-18 13:03:21.300121', 172, 4),
(448, 2025, 0, 1, '2025-09-15 09:45:22.234251', 188, 4),
(449, 2025, 0, 1, '2025-09-15 09:51:22.607668', 190, 4),
(450, 2025, 0, 1, '2025-09-15 13:06:33.584687', 191, 4),
(451, 2025, 0, 1, '2025-09-15 09:45:22.246997', 193, 4),
(452, 2025, 0, 1, '2025-09-18 13:03:14.632525', 194, 4),
(453, 2025, 0, 1, '2025-09-15 09:45:22.255187', 195, 4),
(454, 2025, 0, 1, '2025-09-15 13:06:33.344568', 196, 4),
(455, 2025, 0, 1, '2025-09-18 13:03:16.684019', 197, 4),
(456, 2025, 0, 1, '2025-09-15 09:45:22.267295', 198, 4),
(457, 2025, 0, 1, '2025-09-15 09:45:22.271328', 199, 4),
(458, 2025, 0, 1, '2025-09-18 13:03:12.143753', 200, 4),
(459, 2025, 0, 1, '2025-09-18 13:03:19.182007', 201, 4),
(460, 2025, 0, 1, '2025-09-18 13:03:18.953216', 202, 4),
(461, 2025, 0, 1, '2025-09-15 09:45:22.287546', 204, 4),
(462, 2025, 0, 1, '2025-09-15 09:45:22.292067', 205, 4),
(463, 2025, 0, 1, '2025-09-18 13:03:14.883225', 206, 4),
(464, 2025, 0, 1, '2025-09-18 13:03:12.366323', 207, 4),
(465, 2025, 0, 1, '2025-09-18 13:03:12.513698', 208, 4),
(466, 2025, 0, 1, '2025-09-18 13:03:20.710443', 210, 4),
(467, 2025, 0, 1, '2025-09-15 13:06:33.567173', 212, 4),
(468, 2025, 0, 1, '2025-09-15 13:06:33.337285', 213, 4),
(469, 2025, 0, 1, '2025-09-18 13:03:19.353768', 215, 4),
(470, 2025, 0, 1, '2025-09-15 09:51:22.273384', 217, 4),
(471, 2025, 0, 1, '2025-09-15 09:45:22.327829', 218, 4),
(472, 2025, 0, 1, '2025-09-15 09:45:22.331881', 219, 4),
(473, 2025, 0, 1, '2025-09-15 09:45:22.335641', 220, 4),
(474, 2025, 0, 1, '2025-09-15 09:45:22.339698', 222, 4),
(475, 2025, 0, 1, '2025-09-15 13:06:33.687754', 224, 4),
(476, 2025, 0, 1, '2025-09-18 13:03:12.095393', 226, 4),
(477, 2025, 0, 1, '2025-09-18 13:03:13.649678', 227, 4),
(478, 2025, 0, 1, '2025-09-15 09:51:22.168048', 228, 4),
(479, 2025, 0, 1, '2025-09-18 13:03:19.485744', 229, 4),
(480, 2025, 0, 1, '2025-09-18 13:03:18.800397', 231, 4),
(481, 2025, 0, 1, '2025-09-18 13:03:19.653784', 232, 4),
(482, 2025, 0, 1, '2025-09-15 09:45:22.370545', 233, 4),
(483, 2025, 0, 1, '2025-09-15 09:45:22.373359', 235, 4),
(484, 2025, 0, 1, '2025-09-15 09:45:22.376255', 237, 4),
(485, 2025, 0, 1, '2025-09-18 13:03:12.996794', 238, 4),
(486, 2025, 0, 1, '2025-09-15 09:45:22.384649', 239, 4),
(487, 2025, 0, 1, '2025-09-15 13:06:33.484504', 240, 4),
(488, 2025, 0, 1, '2025-09-18 13:03:14.501223', 241, 4),
(489, 2025, 0, 1, '2025-09-15 09:51:22.176578', 242, 4),
(490, 2025, 0, 1, '2025-09-15 09:51:22.246364', 243, 4),
(491, 2025, 0, 1, '2025-09-15 13:06:33.810703', 244, 4),
(492, 2025, 0, 1, '2025-09-18 13:03:18.516890', 245, 4),
(493, 2025, 0, 1, '2025-09-18 13:03:15.588459', 246, 4),
(494, 2025, 0, 1, '2025-09-18 13:03:17.923386', 247, 4),
(495, 2025, 0, 1, '2025-09-18 13:03:16.179961', 250, 4),
(496, 2025, 0, 1, '2025-09-15 09:45:22.422475', 251, 4),
(497, 2025, 0, 1, '2025-09-15 13:06:33.795716', 252, 4),
(498, 2025, 0, 1, '2025-09-15 09:51:22.516307', 253, 4),
(499, 2025, 0, 1, '2025-09-15 09:45:22.433348', 254, 4),
(500, 2025, 0, 1, '2025-09-15 09:51:22.360168', 255, 4),
(501, 2025, 0, 1, '2025-09-15 09:45:22.441695', 256, 4),
(502, 2025, 0, 1, '2025-09-18 13:03:18.109510', 257, 4),
(503, 2025, 0, 1, '2025-09-15 09:45:22.449605', 258, 4),
(504, 2025, 0, 1, '2025-09-15 09:45:22.453726', 261, 4),
(505, 2025, 0, 1, '2025-09-15 09:45:22.457922', 262, 4),
(506, 2025, 0, 1, '2025-09-15 13:06:33.785649', 263, 4),
(507, 2025, 0, 1, '2025-09-18 13:03:13.539348', 264, 4),
(508, 2025, 0, 1, '2025-09-18 13:03:15.315793', 265, 4),
(509, 2025, 0, 1, '2025-09-15 09:45:22.474048', 266, 4),
(510, 2025, 0, 1, '2025-09-15 09:45:22.479307', 267, 4),
(511, 2025, 0, 1, '2025-09-15 09:45:22.483728', 268, 4),
(512, 2025, 0, 1, '2025-09-15 09:45:22.487969', 269, 4),
(513, 2025, 0, 1, '2025-09-22 07:37:01.327669', 270, 4),
(514, 2025, 0, 1, '2025-09-22 07:37:15.891855', 271, 4),
(515, 2025, 0, 1, '2025-09-18 13:03:12.463817', 273, 4),
(516, 2025, 0, 1, '2025-09-22 07:37:16.033936', 277, 4),
(517, 2025, 0, 1, '2025-09-15 13:06:33.318851', 279, 4),
(518, 2025, 0, 1, '2025-09-15 13:06:33.313618', 280, 4),
(519, 2025, 0, 1, '2025-09-15 09:45:22.516563', 281, 4),
(520, 2025, 0, 1, '2025-09-18 13:03:13.471616', 282, 4),
(521, 2025, 0, 1, '2025-09-15 13:06:33.590310', 283, 4),
(522, 2025, 0, 1, '2025-09-15 09:45:22.529454', 284, 4),
(523, 2025, 0, 1, '2025-09-15 09:45:22.533648', 285, 4),
(524, 2025, 0, 1, '2025-09-15 09:45:22.538181', 286, 4),
(525, 2025, 0, 1, '2025-09-15 09:45:22.542484', 287, 4),
(526, 2025, 0, 1, '2025-09-18 13:03:12.277411', 288, 4),
(527, 2025, 0, 1, '2025-09-15 09:45:22.550314', 289, 4),
(528, 2025, 0, 1, '2025-09-22 07:37:16.225054', 290, 4),
(529, 2025, 0, 1, '2025-09-15 09:45:22.558387', 291, 4),
(530, 2025, 0, 1, '2025-09-18 13:03:15.424901', 292, 4),
(531, 2025, 0, 1, '2025-09-15 09:45:22.565874', 294, 4),
(532, 2025, 0, 1, '2025-09-18 13:03:13.301446', 295, 4),
(533, 2025, 0, 1, '2025-09-18 13:03:18.660289', 296, 4),
(534, 2025, 0, 1, '2025-09-15 13:06:33.561472', 297, 4),
(535, 2025, 0, 1, '2025-09-15 09:45:22.581763', 299, 4),
(536, 2025, 0, 1, '2025-09-15 09:51:22.081295', 300, 4),
(537, 2025, 0, 1, '2025-09-22 07:37:16.376752', 301, 4),
(538, 2025, 0, 1, '2025-09-15 09:45:22.592656', 302, 4),
(539, 2025, 0, 1, '2025-09-18 13:03:13.840521', 303, 4),
(540, 2025, 0, 1, '2025-09-18 13:03:15.119222', 304, 4),
(541, 2025, 0, 1, '2025-09-18 13:03:21.149646', 305, 4),
(542, 2025, 0, 1, '2025-09-22 07:37:16.525121', 306, 4),
(543, 2025, 0, 1, '2025-09-15 09:45:22.612011', 307, 4),
(544, 2025, 0, 1, '2025-09-15 09:45:22.616665', 308, 4),
(545, 2025, 0, 1, '2025-09-15 09:45:22.619730', 309, 4),
(546, 2025, 0, 1, '2025-09-15 09:51:22.064127', 310, 4),
(547, 2025, 0, 1, '2025-09-18 13:03:14.368532', 311, 4),
(548, 2025, 0, 1, '2025-09-15 09:45:22.628678', 312, 4),
(549, 2025, 0, 1, '2025-09-15 09:45:22.631573', 313, 4),
(550, 2025, 0, 1, '2025-09-15 09:45:22.634402', 314, 4),
(551, 2025, 0, 1, '2025-09-18 13:03:12.048818', 315, 4),
(552, 2025, 0, 1, '2025-09-18 13:03:13.148956', 316, 4),
(553, 2025, 0, 1, '2025-09-15 09:45:22.643802', 317, 4),
(554, 2025, 0, 1, '2025-09-15 13:06:33.790830', 318, 4),
(555, 2025, 0, 1, '2025-09-18 13:03:15.696904', 319, 4),
(556, 2025, 0, 1, '2025-09-15 09:45:22.657557', 321, 4),
(557, 2025, 0, 1, '2025-09-18 13:03:12.003033', 322, 4),
(558, 2025, 0, 1, '2025-09-18 13:03:12.593556', 323, 4),
(559, 2025, 0, 1, '2025-09-18 13:03:20.409114', 324, 4),
(560, 2025, 0, 1, '2025-09-15 09:45:22.674047', 325, 4),
(561, 2025, 0, 1, '2025-09-18 13:03:16.044611', 326, 4),
(562, 2025, 0, 1, '2025-09-22 07:37:16.711959', 327, 4),
(563, 2025, 0, 1, '2025-09-15 13:06:33.578323', 328, 4),
(564, 2025, 0, 1, '2025-09-15 09:45:22.690157', 329, 4),
(565, 2025, 0, 1, '2025-09-15 09:45:22.693989', 330, 4),
(566, 2025, 0, 1, '2025-09-15 09:45:22.696999', 331, 4),
(567, 2025, 0, 1, '2025-09-18 13:03:17.029524', 332, 4),
(568, 2025, 0, 1, '2025-09-15 09:45:22.704818', 333, 4),
(569, 2025, 0, 1, '2025-09-15 09:51:22.090295', 335, 4),
(570, 2025, 0, 1, '2025-09-15 09:51:22.586016', 337, 4),
(571, 2025, 0, 1, '2025-09-18 13:03:12.194198', 338, 4),
(572, 2025, 0, 1, '2025-09-18 13:03:14.111835', 339, 4),
(573, 2025, 0, 1, '2025-09-18 13:03:15.856642', 340, 4),
(574, 2025, 0, 1, '2025-09-15 09:51:22.342637', 341, 4),
(575, 2025, 0, 1, '2025-09-15 09:45:22.733978', 342, 4),
(576, 2025, 0, 1, '2025-09-15 09:51:21.977055', 343, 4),
(577, 2025, 0, 1, '2025-09-18 13:03:11.867762', 344, 4),
(578, 2025, 0, 1, '2025-09-15 09:51:22.603537', 345, 4),
(579, 2025, 0, 1, '2025-09-15 09:51:22.337992', 346, 4),
(580, 2025, 0, 1, '2025-09-18 13:03:13.980316', 347, 4),
(581, 2025, 0, 1, '2025-09-15 09:45:22.757285', 348, 4),
(582, 2025, 0, 1, '2025-09-15 09:45:22.761568', 349, 4),
(583, 2025, 0, 1, '2025-09-18 13:03:18.208854', 353, 4),
(584, 2025, 0, 1, '2025-09-18 13:03:12.810259', 354, 4),
(585, 2025, 0, 1, '2025-09-15 09:45:22.772775', 355, 4),
(586, 2025, 0, 1, '2025-09-22 07:37:01.322148', 356, 4),
(587, 2025, 0, 1, '2025-09-18 13:03:12.926196', 357, 4),
(588, 2025, 0, 1, '2025-09-22 07:37:17.020798', 358, 4),
(589, 2025, 0, 1, '2025-09-15 09:45:22.787502', 359, 4),
(590, 2025, 0, 1, '2025-09-18 13:03:12.552881', 360, 4),
(591, 2025, 0, 1, '2025-09-15 09:45:22.795477', 362, 4),
(592, 2025, 0, 1, '2025-09-15 09:45:22.798725', 363, 4),
(593, 2025, 0, 1, '2025-09-15 09:45:22.802242', 364, 4),
(594, 2025, 0, 1, '2025-09-18 13:03:17.725456', 365, 4),
(595, 2025, 0, 1, '2025-09-18 13:03:12.320878', 366, 4),
(596, 2025, 0, 1, '2025-09-15 09:45:22.812195', 367, 4),
(597, 2025, 0, 1, '2025-09-15 09:45:22.815703', 368, 4),
(598, 2025, 0, 1, '2025-09-22 07:37:01.310065', 369, 4),
(599, 2025, 0, 1, '2025-09-15 09:45:22.823516', 370, 4),
(600, 2025, 0, 1, '2025-09-18 13:03:12.878679', 371, 4),
(601, 2025, 0, 1, '2025-09-15 09:45:22.830676', 372, 4),
(602, 2025, 0, 1, '2025-09-18 13:03:11.959673', 373, 4),
(603, 2025, 0, 1, '2025-09-15 09:45:22.837677', 374, 4),
(604, 2025, 0, 1, '2025-09-15 09:45:22.842044', 375, 4),
(605, 2025, 0, 1, '2025-09-18 13:03:17.191846', 376, 4),
(606, 2025, 0, 1, '2025-09-18 13:03:13.386291', 378, 4),
(607, 2025, 0, 1, '2025-09-18 13:03:16.542937', 382, 4),
(608, 2025, 0, 1, '2025-09-18 13:03:16.357707', 383, 4),
(609, 2025, 0, 1, '2025-09-18 13:03:11.918339', 384, 4),
(610, 2025, 0, 1, '2025-09-15 09:45:22.865461', 385, 4),
(611, 2025, 0, 1, '2025-09-15 09:45:22.869617', 386, 4),
(612, 2025, 0, 1, '2025-09-15 09:51:22.503621', 387, 4),
(613, 2025, 0, 1, '2025-09-18 13:03:12.682306', 390, 4),
(614, 2025, 0, 1, '2025-09-15 09:45:22.880562', 391, 4),
(615, 2025, 0, 1, '2025-09-18 13:03:17.358611', 392, 4),
(616, 2025, 0, 1, '2025-09-18 13:03:20.099169', 395, 4),
(617, 2025, 0, 1, '2025-09-15 09:51:22.259496', 397, 4),
(618, 2025, 0, 1, '2025-09-15 09:45:22.894973', 398, 4),
(619, 2025, 0, 1, '2025-09-15 13:06:33.750736', 431, 6),
(620, 2025, 0, 1, '2025-09-15 09:45:22.903197', 432, 6),
(621, 2025, 0, 1, '2025-09-15 09:51:22.581490', 457, 6),
(622, 2025, 0, 1, '2025-09-15 09:45:22.911023', 466, 6),
(623, 2025, 0, 1, '2025-09-15 09:45:22.915117', 467, 6),
(624, 2025, 0, 1, '2025-09-15 09:45:22.919306', 468, 6),
(625, 2025, 0, 1, '2025-09-15 09:45:22.923568', 469, 6),
(626, 2025, 0, 1, '2025-09-15 09:45:22.927450', 470, 6),
(627, 2025, 0, 1, '2025-09-15 09:45:22.931583', 471, 6),
(628, 2025, 0, 1, '2025-09-15 09:45:22.935627', 472, 6),
(629, 2025, 0, 1, '2025-09-15 09:45:22.939952', 473, 6),
(630, 2025, 0, 1, '2025-09-15 09:51:22.124462', 474, 6),
(631, 2025, 0, 1, '2025-09-15 09:45:22.946516', 475, 6),
(632, 2025, 0, 1, '2025-09-15 09:45:22.950662', 476, 6),
(633, 2025, 0, 1, '2025-09-15 09:45:22.954803', 478, 6),
(634, 2025, 0, 1, '2025-09-15 09:45:22.958834', 479, 6),
(635, 2025, 0, 1, '2025-09-15 09:51:22.050634', 480, 6),
(636, 2025, 0, 1, '2025-09-15 09:45:22.967137', 483, 6),
(637, 2025, 0, 1, '2025-09-15 09:45:22.971239', 484, 6),
(638, 2025, 0, 1, '2025-09-15 09:45:22.974535', 485, 6),
(639, 2025, 0, 1, '2025-09-15 09:45:22.978686', 486, 6),
(640, 2025, 0, 1, '2025-09-15 09:45:22.982932', 487, 6),
(641, 2025, 0, 1, '2025-09-15 09:51:22.568102', 488, 6),
(642, 2025, 0, 1, '2025-09-15 09:45:22.990529', 489, 6),
(643, 2025, 0, 1, '2025-09-15 09:45:22.995101', 490, 6),
(644, 2025, 0, 1, '2025-09-15 09:51:22.320779', 491, 6),
(645, 2025, 0, 1, '2025-09-15 09:51:22.329523', 492, 6),
(646, 2025, 0, 1, '2025-09-15 09:45:23.008566', 493, 6),
(647, 2025, 0, 1, '2025-09-15 09:51:22.316357', 494, 6),
(648, 2025, 0, 1, '2025-09-15 09:45:23.016624', 495, 6),
(649, 2025, 0, 1, '2025-09-15 09:45:23.020362', 496, 6),
(650, 2025, 0, 1, '2025-09-15 09:45:23.024737', 497, 6),
(651, 2025, 0, 1, '2025-09-15 09:45:23.028905', 498, 6),
(652, 2025, 0, 1, '2025-09-15 09:45:23.033025', 499, 6),
(653, 2025, 0, 1, '2025-09-15 13:06:33.426475', 500, 6),
(654, 2025, 0, 1, '2025-09-15 09:45:23.040353', 501, 6),
(655, 2025, 0, 1, '2025-09-15 09:45:23.044719', 502, 6),
(656, 2025, 0, 1, '2025-09-15 09:45:23.048993', 503, 6),
(657, 2025, 0, 1, '2025-09-15 09:45:23.053323', 504, 6),
(658, 2025, 0, 1, '2025-09-15 09:45:23.057573', 505, 6),
(659, 2025, 0, 1, '2025-09-15 13:06:33.419680', 507, 6),
(660, 2025, 0, 1, '2025-09-15 09:45:23.066430', 508, 6),
(661, 2025, 0, 1, '2025-09-15 13:06:33.760888', 509, 6),
(662, 2025, 0, 1, '2025-09-15 09:45:23.075040', 510, 6),
(663, 2025, 0, 1, '2025-09-15 09:45:23.079176', 511, 6),
(664, 2025, 0, 1, '2025-09-15 13:06:33.290418', 513, 6),
(665, 2025, 0, 1, '2025-09-22 07:37:02.166824', 516, 6),
(666, 2025, 0, 1, '2025-09-15 09:45:23.090788', 517, 6),
(667, 2025, 0, 1, '2025-09-15 09:45:23.095197', 518, 6),
(668, 2025, 0, 1, '2025-09-15 09:45:23.098131', 519, 6),
(669, 2025, 0, 1, '2025-09-15 09:51:22.325373', 520, 6),
(670, 2025, 0, 1, '2025-09-15 09:45:23.106521', 521, 6),
(671, 2025, 0, 1, '2025-09-15 09:45:23.110116', 522, 6),
(672, 2025, 0, 1, '2025-09-15 09:45:23.113167', 523, 6),
(673, 2025, 0, 1, '2025-09-15 13:06:33.656112', 524, 6),
(674, 2025, 0, 1, '2025-09-15 09:45:23.121387', 525, 6),
(675, 2025, 0, 1, '2025-09-15 09:45:23.124980', 527, 6),
(676, 2025, 0, 1, '2025-09-15 09:45:23.128131', 528, 6),
(677, 2025, 0, 1, '2025-09-15 09:45:23.132262', 529, 6),
(678, 2025, 0, 1, '2025-09-15 09:45:23.136397', 530, 6),
(679, 2025, 0, 1, '2025-09-15 09:45:23.140574', 531, 6),
(680, 2025, 0, 1, '2025-09-15 09:45:23.144410', 532, 6),
(681, 2025, 0, 1, '2025-09-15 09:45:23.148504', 533, 6),
(682, 2025, 0, 1, '2025-09-15 09:45:23.152680', 535, 6),
(683, 2025, 0, 1, '2025-09-15 09:45:23.156873', 536, 6),
(684, 2025, 0, 1, '2025-09-15 09:45:23.161385', 537, 6),
(685, 2025, 0, 1, '2025-09-15 09:45:23.165548', 539, 6),
(686, 2025, 0, 1, '2025-09-15 09:45:23.169621', 540, 6),
(687, 2025, 0, 1, '2025-09-15 09:45:23.174135', 542, 6),
(688, 2025, 0, 1, '2025-09-15 09:45:23.178232', 544, 6),
(689, 2025, 0, 1, '2025-09-15 13:06:33.272786', 545, 6),
(690, 2025, 0, 1, '2025-09-15 13:06:33.756009', 546, 6),
(691, 2025, 0, 1, '2025-09-15 09:45:23.191098', 547, 6),
(692, 2025, 0, 1, '2025-09-15 13:06:33.535013', 548, 6),
(693, 2025, 0, 1, '2025-09-15 13:06:33.661029', 549, 6),
(694, 2025, 0, 1, '2025-09-15 09:45:23.203403', 550, 6),
(695, 2025, 0, 1, '2025-09-15 09:51:22.489798', 551, 6),
(696, 2025, 0, 1, '2025-09-15 13:06:33.529673', 552, 6),
(697, 2025, 0, 1, '2025-09-15 09:45:23.215538', 553, 6),
(698, 2025, 0, 1, '2025-09-15 09:45:23.219902', 554, 6),
(699, 2025, 0, 1, '2025-09-15 09:45:23.223268', 556, 6),
(700, 2025, 0, 1, '2025-09-15 09:45:23.226537', 557, 6),
(701, 2025, 0, 1, '2025-09-15 09:45:23.229608', 558, 6),
(702, 2025, 0, 1, '2025-09-15 09:51:22.033148', 559, 6),
(703, 2025, 0, 1, '2025-09-15 09:45:23.236729', 561, 6),
(704, 2025, 0, 1, '2025-09-15 09:45:23.241028', 562, 6),
(705, 2025, 0, 1, '2025-09-15 09:45:23.245399', 564, 6),
(706, 2025, 0, 1, '2025-09-15 09:45:23.249331', 567, 6),
(707, 2025, 0, 1, '2025-09-15 09:45:23.253001', 568, 6),
(708, 2025, 0, 1, '2025-09-15 09:45:23.257299', 569, 6),
(709, 2025, 0, 1, '2025-09-15 09:45:23.261500', 570, 6),
(710, 2025, 0, 1, '2025-09-15 09:45:23.265637', 572, 6),
(711, 2025, 0, 1, '2025-09-15 09:45:23.269927', 573, 6),
(712, 2025, 0, 1, '2025-09-15 09:45:23.274190', 574, 6),
(713, 2025, 0, 1, '2025-09-15 09:51:22.307976', 575, 6),
(714, 2025, 0, 1, '2025-09-15 09:45:23.282935', 576, 6),
(715, 2025, 0, 1, '2025-09-15 09:45:23.287039', 577, 6),
(716, 2025, 0, 1, '2025-09-15 09:45:23.291396', 578, 6),
(717, 2025, 0, 1, '2025-09-15 13:06:33.249951', 579, 6),
(718, 2025, 0, 1, '2025-09-15 09:45:23.299269', 580, 6),
(719, 2025, 0, 1, '2025-09-15 09:45:23.303305', 581, 6),
(720, 2025, 0, 1, '2025-09-15 09:45:23.307711', 582, 6),
(721, 2025, 0, 1, '2025-09-15 09:45:23.311997', 583, 6),
(722, 2025, 0, 1, '2025-09-15 09:45:23.315869', 584, 6),
(723, 2025, 0, 1, '2025-09-15 13:06:33.640309', 585, 6),
(724, 2025, 0, 1, '2025-09-15 09:45:23.324034', 586, 6),
(725, 2025, 0, 1, '2025-09-15 09:51:21.934195', 588, 6),
(726, 2025, 0, 1, '2025-09-15 09:45:23.331463', 589, 6),
(727, 2025, 0, 1, '2025-09-15 09:45:23.335565', 590, 6),
(728, 2025, 0, 1, '2025-09-15 09:45:23.339671', 591, 6),
(729, 2025, 0, 1, '2025-09-15 09:45:23.343373', 592, 6),
(730, 2025, 0, 1, '2025-09-15 09:45:23.346468', 593, 6),
(731, 2025, 0, 1, '2025-09-15 09:51:21.958340', 594, 6),
(732, 2025, 0, 1, '2025-09-15 09:45:23.352981', 595, 6),
(733, 2025, 0, 1, '2025-09-15 09:45:23.356542', 596, 6),
(734, 2025, 0, 1, '2025-09-15 09:51:22.576506', 597, 6),
(735, 2025, 0, 1, '2025-09-15 09:45:23.364540', 598, 6),
(736, 2025, 0, 1, '2025-09-15 09:45:23.367720', 599, 6),
(737, 2025, 0, 1, '2025-09-15 09:45:23.370807', 600, 6),
(738, 2025, 0, 1, '2025-09-15 09:45:23.373973', 601, 6),
(739, 2025, 0, 1, '2025-09-15 09:45:23.377595', 602, 6),
(740, 2025, 0, 1, '2025-09-15 09:51:22.145891', 603, 6),
(741, 2025, 0, 1, '2025-09-15 09:45:23.383965', 604, 6),
(742, 2025, 0, 1, '2025-09-15 09:45:23.387639', 605, 6),
(743, 2025, 0, 1, '2025-09-15 09:51:22.233251', 606, 6),
(744, 2025, 0, 1, '2025-09-15 09:45:23.394733', 607, 6),
(745, 2025, 0, 1, '2025-09-15 09:45:23.397724', 609, 6),
(746, 2025, 0, 1, '2025-09-15 09:45:23.400545', 610, 6),
(747, 2025, 0, 1, '2025-09-15 09:45:23.404609', 611, 6),
(748, 2025, 0, 1, '2025-09-15 09:45:23.408427', 612, 6),
(749, 2025, 0, 1, '2025-09-15 09:45:23.412529', 614, 6),
(750, 2025, 0, 1, '2025-09-15 09:45:23.416634', 615, 6),
(751, 2025, 0, 1, '2025-09-15 13:06:33.414053', 616, 6),
(752, 2025, 0, 1, '2025-09-15 09:45:23.424708', 618, 6),
(753, 2025, 0, 1, '2025-09-15 09:45:23.428873', 620, 6),
(754, 2025, 0, 1, '2025-09-15 09:51:22.563954', 621, 6),
(755, 2025, 0, 1, '2025-09-15 09:45:23.437137', 622, 6),
(756, 2025, 0, 1, '2025-09-15 09:45:23.441104', 624, 6),
(757, 2025, 0, 1, '2025-09-15 13:06:33.780666', 627, 6),
(758, 2025, 0, 1, '2025-09-15 09:45:23.449432', 628, 6),
(759, 2025, 0, 1, '2025-09-15 09:45:23.453553', 629, 6),
(760, 2025, 0, 1, '2025-09-15 13:06:33.556275', 630, 6),
(761, 2025, 0, 1, '2025-09-15 09:45:23.460816', 631, 6),
(762, 2025, 0, 1, '2025-09-15 09:45:23.464124', 632, 6),
(763, 2025, 0, 1, '2025-09-15 09:45:23.468094', 633, 6),
(764, 2025, 0, 1, '2025-09-15 09:45:23.471953', 634, 6),
(765, 2025, 0, 1, '2025-09-15 09:45:23.474879', 635, 6),
(766, 2025, 0, 1, '2025-09-15 09:45:23.479078', 636, 6),
(767, 2025, 0, 1, '2025-09-15 09:45:23.483181', 637, 6),
(768, 2025, 0, 1, '2025-09-15 09:45:23.486811', 638, 6),
(769, 2025, 0, 1, '2025-09-15 13:06:33.645679', 639, 6),
(770, 2025, 0, 1, '2025-09-15 09:45:23.495286', 640, 6),
(771, 2025, 0, 1, '2025-09-15 09:45:23.499454', 641, 6),
(772, 2025, 0, 1, '2025-09-15 09:45:23.502631', 642, 6),
(773, 2025, 0, 1, '2025-09-15 09:45:23.506771', 643, 6),
(774, 2025, 0, 1, '2025-09-15 09:45:23.511001', 644, 6),
(775, 2025, 0, 1, '2025-09-15 09:45:23.515053', 646, 6),
(776, 2025, 0, 1, '2025-09-15 09:45:23.518916', 647, 6),
(777, 2025, 0, 1, '2025-09-15 09:45:23.523175', 650, 6),
(778, 2025, 0, 1, '2025-09-22 07:37:02.189619', 651, 6),
(779, 2025, 0, 1, '2025-09-15 09:45:23.532083', 652, 6),
(780, 2025, 0, 1, '2025-09-15 09:45:23.536587', 653, 6),
(781, 2025, 0, 1, '2025-09-15 09:45:23.541109', 654, 6),
(782, 2025, 0, 1, '2025-09-15 09:45:23.545315', 656, 6),
(783, 2025, 0, 1, '2025-09-15 09:45:23.549173', 657, 6),
(784, 2025, 0, 1, '2025-09-22 07:37:02.184816', 658, 6),
(785, 2025, 0, 1, '2025-09-15 13:06:33.307949', 659, 6),
(786, 2025, 0, 1, '2025-09-15 09:51:22.060045', 660, 6),
(787, 2025, 0, 1, '2025-09-15 09:45:23.564226', 661, 6),
(788, 2025, 0, 1, '2025-09-15 09:45:23.568336', 662, 6),
(789, 2025, 0, 1, '2025-09-15 13:06:33.524721', 664, 6),
(790, 2025, 0, 1, '2025-09-15 09:45:23.575080', 666, 6),
(791, 2025, 0, 1, '2025-09-15 09:45:23.578376', 667, 6),
(792, 2025, 0, 1, '2025-09-15 09:45:23.582010', 668, 6),
(793, 2025, 0, 1, '2025-09-15 09:45:23.585238', 669, 6),
(794, 2025, 0, 1, '2025-09-15 09:45:23.588386', 670, 6),
(795, 2025, 0, 1, '2025-09-15 09:45:23.591445', 671, 6),
(796, 2025, 0, 1, '2025-09-15 09:45:23.595071', 672, 6),
(797, 2025, 0, 1, '2025-09-15 13:06:33.765577', 674, 6),
(798, 2025, 0, 1, '2025-09-15 09:45:23.601552', 675, 6),
(799, 2025, 0, 1, '2025-09-15 09:45:23.604789', 677, 6),
(800, 2025, 0, 1, '2025-09-15 13:06:33.650748', 678, 6),
(801, 2025, 0, 1, '2025-09-15 09:45:23.611199', 679, 6),
(802, 2025, 0, 1, '2025-09-15 09:51:22.312260', 680, 6),
(803, 2025, 0, 1, '2025-09-15 09:45:23.617409', 681, 6),
(804, 2025, 0, 1, '2025-09-15 09:45:23.620825', 682, 6),
(805, 2025, 0, 1, '2025-09-15 09:45:23.624393', 683, 6),
(806, 2025, 0, 1, '2025-09-15 09:45:23.628646', 684, 6),
(807, 2025, 0, 1, '2025-09-15 09:45:23.632824', 686, 6),
(808, 2025, 0, 1, '2025-09-15 09:45:23.636884', 687, 6),
(809, 2025, 0, 1, '2025-09-15 09:45:23.640133', 688, 6),
(810, 2025, 0, 1, '2025-09-15 13:06:33.437889', 689, 6),
(811, 2025, 0, 1, '2025-09-15 09:45:23.648727', 690, 6),
(812, 2025, 0, 1, '2025-09-15 09:45:23.652869', 691, 6),
(813, 2025, 0, 1, '2025-09-15 13:06:33.431297', 692, 6),
(814, 2025, 0, 1, '2025-09-15 09:45:23.660715', 693, 6),
(815, 2025, 0, 1, '2025-09-15 09:45:23.663522', 694, 6),
(816, 2025, 0, 1, '2025-09-22 07:37:02.194434', 695, 6),
(817, 2025, 0, 1, '2025-09-15 09:45:23.669025', 696, 6),
(818, 2025, 0, 1, '2025-09-15 09:51:22.462797', 697, 6),
(819, 2025, 0, 1, '2025-09-15 09:45:23.675921', 698, 6),
(820, 2025, 0, 1, '2025-09-15 09:51:22.572415', 699, 6),
(821, 2025, 0, 1, '2025-09-15 09:45:23.683647', 700, 6),
(822, 2025, 0, 1, '2025-09-15 09:45:23.688449', 701, 6),
(823, 2025, 0, 1, '2025-09-15 09:45:23.692323', 702, 6),
(824, 2025, 0, 1, '2025-09-15 09:45:23.695596', 703, 6),
(825, 2025, 0, 1, '2025-09-15 09:45:23.698767', 705, 6),
(826, 2025, 0, 1, '2025-09-15 09:45:23.701975', 706, 6),
(827, 2025, 0, 1, '2025-09-15 09:45:23.706305', 707, 6),
(828, 2025, 0, 1, '2025-09-15 09:45:23.710585', 709, 6),
(829, 2025, 0, 1, '2025-09-15 09:45:23.714725', 710, 6),
(830, 2025, 0, 1, '2025-09-15 09:45:23.718827', 711, 6),
(831, 2025, 0, 1, '2025-09-15 09:45:23.722956', 712, 6),
(832, 2025, 0, 1, '2025-09-15 09:51:22.237735', 713, 6),
(833, 2025, 0, 1, '2025-09-15 09:45:23.731453', 714, 6),
(834, 2025, 0, 1, '2025-09-15 09:45:23.735284', 715, 6),
(835, 2025, 0, 1, '2025-09-15 09:45:23.739384', 716, 6),
(836, 2025, 0, 1, '2025-09-15 09:51:22.132635', 717, 6),
(837, 2025, 0, 1, '2025-09-15 09:45:23.747114', 718, 6),
(838, 2025, 0, 1, '2025-09-15 09:45:23.750890', 719, 6),
(839, 2025, 0, 1, '2025-09-15 13:06:33.775842', 720, 6),
(840, 2025, 0, 1, '2025-09-15 09:45:23.757959', 721, 6),
(841, 2025, 0, 1, '2025-09-15 09:45:23.762142', 722, 6),
(842, 2025, 0, 1, '2025-09-15 09:45:23.765837', 725, 6),
(843, 2025, 0, 1, '2025-09-15 09:45:23.769868', 727, 6),
(844, 2025, 0, 1, '2025-09-15 13:06:33.671640', 728, 6),
(845, 2025, 0, 1, '2025-09-15 09:45:23.778482', 729, 6),
(846, 2025, 0, 1, '2025-09-15 09:51:22.424383', 742, 1),
(847, 2025, 0, 1, '2025-09-15 09:45:23.786450', 745, 1),
(848, 2025, 0, 1, '2025-09-15 09:45:23.790776', 749, 1),
(849, 2025, 0, 1, '2025-09-15 13:06:33.399252', 752, 1),
(850, 2025, 0, 1, '2025-09-15 13:06:33.370639', 753, 1),
(851, 2025, 0, 1, '2025-09-15 09:51:22.029095', 767, 1),
(852, 2025, 0, 1, '2025-09-15 09:45:23.805996', 775, 1),
(853, 2025, 0, 1, '2025-09-15 09:45:23.809576', 782, 1),
(854, 2025, 0, 1, '2025-09-15 09:51:22.299379', 826, 1),
(855, 2025, 0, 1, '2025-09-15 09:45:23.817468', 772, 1);

-- --------------------------------------------------------

--
-- Table structure for table `front_commentairerdv`
--

DROP TABLE IF EXISTS `front_commentairerdv`;
CREATE TABLE `front_commentairerdv` (
  `id` bigint NOT NULL,
  `texte` longtext NOT NULL,
  `date_creation` datetime(6) NOT NULL,
  `auteur_id` int DEFAULT NULL,
  `rdv_id` bigint NOT NULL,
  `rs_nom` varchar(128) DEFAULT NULL,
  `commercial_id` bigint DEFAULT NULL
) ENGINE=InnoDB DEFAULT CHARSET=utf8mb4 COLLATE=utf8mb4_0900_ai_ci;

-- --------------------------------------------------------

--
-- Table structure for table `front_commercial`
--

DROP TABLE IF EXISTS `front_commercial`;
CREATE TABLE `front_commercial` (
  `id` bigint NOT NULL,
  `commercial` varchar(100) CHARACTER SET utf8mb4 COLLATE utf8mb4_general_ci NOT NULL,
  `nom` varchar(100) CHARACTER SET utf8mb4 COLLATE utf8mb4_0900_ai_ci DEFAULT NULL,
  `prenom` varchar(100) CHARACTER SET utf8mb4 COLLATE utf8mb4_0900_ai_ci DEFAULT NULL,
  `email` varchar(254) CHARACTER SET utf8mb4 COLLATE utf8mb4_0900_ai_ci DEFAULT NULL,
  `telephone` varchar(15) CHARACTER SET utf8mb4 COLLATE utf8mb4_0900_ai_ci DEFAULT NULL,
  `password` varchar(255) CHARACTER SET utf8mb4 COLLATE utf8mb4_0900_ai_ci DEFAULT NULL,
  `date_creation` datetime(6) DEFAULT NULL,
  `role` varchar(20) NOT NULL,
  `site_rattachement` varchar(100) DEFAULT NULL,
  `adresse_depart` varchar(255) DEFAULT NULL,
  `latitude_depart` decimal(9,6) DEFAULT NULL,
  `longitude_depart` decimal(9,6) DEFAULT NULL,
  `is_absent` tinyint(1) NOT NULL
) ENGINE=InnoDB DEFAULT CHARSET=utf8mb4 COLLATE=utf8mb4_0900_ai_ci;

--
-- Dumping data for table `front_commercial`
--

INSERT INTO `front_commercial` (`id`, `commercial`, `nom`, `prenom`, `email`, `telephone`, `password`, `date_creation`, `role`, `site_rattachement`, `adresse_depart`, `latitude_depart`, `longitude_depart`, `is_absent`) VALUES
(1, 'Commercial 2', 'Commercial 2', 'Nelson', 'Commercial2@test.com', '0600000000', 'pbkdf2_sha256$1000000$cVcsisKxmMsjU2htUrcXek$oDhwieOzpMS1iAqOPJksSEYIphtenPD6wXLOkBw32jo=', '2025-05-16 13:25:49.584405', 'commercial', NULL, 'BORDEAUX', 44.837800, -0.579200, 0),
(4, 'Commercial 1', 'Commercial 1', 'Yannick', 'COMMERCIAL1@test.com', '0609090909', 'pbkdf2_sha256$1000000$I4BOYo82PILaCfVpb0xNmL$AMu18/I6EnmUAD2OsJx7U9izSzUvzeO6VZLcrFG33Fs=', '2025-05-26 13:31:37.163808', 'commercial', 'Lons', 'PAU', 43.295100, -0.370800, 0),
(5, 'responsable1', 'Brunet', 'Jordan', 'marie.dupont@exemple.com', '0600000000', 'pbkdf2_sha256$1000000$rbQSsngMV54MI9ppLW41eI$r2YYQ+fcfxLKjMHq8HrGMqIA0nBJRSra7plhHKJ4Wvc=', '2025-06-16 12:13:12.791028', 'responsable', 'Lons', NULL, NULL, NULL, 0),
(6, 'Commercial 3', 'Commercial 3', 'Patrick', 'bgillens@rubio.com', '0600000000', 'pbkdf2_sha256$1000000$EyLS00FjHyi6RfKhjsKG0r$blCJ01GuWNu4Z/2OmyISZItxiwE/rlVioh7HBLjoO2s=', '2025-06-18 16:29:25.000000', 'commercial', NULL, 'BORDEAUX', 44.837800, -0.579200, 0);

-- --------------------------------------------------------

--
-- Table structure for table `front_rendezvous`
--

DROP TABLE IF EXISTS `front_rendezvous`;
CREATE TABLE `front_rendezvous` (
  `id` bigint NOT NULL,
  `date_rdv` date NOT NULL,
  `heure_rdv` time(6) NOT NULL,
  `objet` varchar(200) DEFAULT NULL,
  `notes` longtext,
  `date_creation` datetime(6) NOT NULL,
  `client_id` bigint DEFAULT NULL,
  `commercial_id` bigint DEFAULT NULL,
  `date_statut` datetime(6) DEFAULT NULL,
  `statut_rdv` varchar(16) NOT NULL,
  `uuid` char(32) NOT NULL,
  `rs_nom` varchar(128) DEFAULT NULL
) ENGINE=InnoDB DEFAULT CHARSET=utf8mb4 COLLATE=utf8mb4_0900_ai_ci;

--
-- Dumping data for table `front_rendezvous`
--

INSERT INTO `front_rendezvous` (`id`, `date_rdv`, `heure_rdv`, `objet`, `notes`, `date_creation`, `client_id`, `commercial_id`, `date_statut`, `statut_rdv`, `uuid`, `rs_nom`) VALUES
(1297, '2025-09-16', '08:00:00.000000', '', NULL, '2025-09-16 14:57:38.551229', 834, 1, NULL, 'a_venir', 'e5465d8dc552415696489ef2ac560e4a', 'FRED AUTO 47'),
(1298, '2025-09-16', '08:35:00.000000', '', NULL, '2025-09-16 14:57:38.560997', 772, 1, NULL, 'a_venir', 'f9079bf8578548ac9b00a989a1d96db3', 'COUSTENOBLE AUTO PASSION LA REOLE'),
(1299, '2025-09-16', '09:10:00.000000', '', NULL, '2025-09-16 14:57:38.569157', 826, 1, NULL, 'a_venir', '2356e79e6ff84f08a96e65c9e8e36cdb', 'VIGNEAU ERIC AGENT RENAULT'),
(1300, '2025-09-16', '09:45:00.000000', '', NULL, '2025-09-16 14:57:38.577148', 742, 1, NULL, 'a_venir', 'c393c83c937544819a0f890df0a26ca2', 'NEGOCE AUTO 33'),
(1301, '2025-09-16', '10:20:00.000000', '', NULL, '2025-09-16 14:57:38.583310', 838, 1, NULL, 'a_venir', 'e197fff2a3a549e19d565967eb7e3fe2', 'BORN MECANIQUE'),
(1302, '2025-09-16', '10:55:00.000000', '', NULL, '2025-09-16 14:57:38.591014', 805, 1, NULL, 'a_venir', '80f7340a456c428caf08b1aada23bb2a', 'SLA SAINT MAIXANT'),
(1303, '2025-09-16', '11:30:00.000000', '', NULL, '2025-09-16 14:57:38.598775', 784, 1, NULL, 'a_venir', '43a781f0090f4821a29cb46bdc72ded3', 'LATAPIE'),
(1304, '2025-09-16', '08:00:00.000000', '', NULL, '2025-09-16 14:57:38.614813', 289, 4, NULL, 'a_venir', 'cb41f1d832b24efcabdad63da0944742', 'PM2 OLIVEIRA'),
(1305, '2025-09-16', '08:35:00.000000', '', NULL, '2025-09-16 14:57:38.623486', 294, 4, NULL, 'a_venir', 'b57ea3594adc4f94b9794b1ba838c20d', 'ADOMMECA'),
(1306, '2025-09-16', '09:10:00.000000', '', NULL, '2025-09-16 14:57:38.629984', 345, 4, NULL, 'a_venir', '28e6262d7c1e4b4ba66fbc650c95ad56', 'OURDAS AUTOMOBILES'),
(1307, '2025-09-16', '09:45:00.000000', '', NULL, '2025-09-16 14:57:38.636805', 131, 4, NULL, 'a_venir', '35c819226a064756a930cb4b4293b3e7', 'LABATAILLE'),
(1308, '2025-09-16', '10:20:00.000000', '', NULL, '2025-09-16 14:57:38.645712', 175, 4, NULL, 'a_venir', 'cf7edd68555c4f6dacecd9d79720bbd5', 'NICOLETTA'),
(1309, '2025-09-16', '10:55:00.000000', '', NULL, '2025-09-16 14:57:38.652943', 153, 4, NULL, 'a_venir', 'fa9dd8711f6545e0bdecf6dc3ee19448', 'AEPL'),
(1310, '2025-09-16', '11:30:00.000000', '', NULL, '2025-09-16 14:57:38.662047', 331, 4, NULL, 'a_venir', 'b7692bb119114f8eb0118535b36aa9d1', 'ETS CENDRES'),
(1311, '2025-09-16', '08:00:00.000000', '', NULL, '2025-09-16 14:57:38.677284', 635, 6, NULL, 'a_venir', 'a42513367da041e0a47a55a32853c301', 'AUTO GALVAO'),
(1312, '2025-09-16', '08:35:00.000000', '', NULL, '2025-09-16 14:57:38.684517', 450, 6, NULL, 'a_venir', 'b662580aedb247c79d9ad8ac80fbb71f', 'TABERNOTTES'),
(1313, '2025-09-16', '09:10:00.000000', '', NULL, '2025-09-16 14:57:38.691994', 498, 6, NULL, 'a_venir', '845a2b2c3e1546d580260ed0b3b8670f', 'CA2K'),
(1314, '2025-09-16', '09:45:00.000000', '', NULL, '2025-09-16 14:57:38.698879', 510, 6, NULL, 'a_venir', '934f65edb85741679d00f3723263e7a3', 'TECHNIC AUTO'),
(1315, '2025-09-16', '10:20:00.000000', '', NULL, '2025-09-16 14:57:38.706232', 453, 6, NULL, 'a_venir', '4fd5f819d7d94ced8f2c6be80258a1a4', 'AUTO DYNAMIC'),
(1316, '2025-09-16', '10:55:00.000000', '', NULL, '2025-09-16 14:57:38.712823', 694, 6, NULL, 'a_venir', '7340dbe7ca5a430990b0b91d5af8af81', 'CYL AUTOMOBILES'),
(1317, '2025-09-16', '11:30:00.000000', '', NULL, '2025-09-16 14:57:38.719242', 483, 6, NULL, 'a_venir', '64a40bf37d36446bba975ac248658c3c', 'DELKO VILLENAVE D ORNON'),
(1318, '2025-09-17', '08:00:00.000000', '', NULL, '2025-09-16 14:57:38.732456', 793, 1, NULL, 'en_retard', '809aaa3039f3401fa914908a239551db', 'CVG'),
(1319, '2025-09-17', '08:35:00.000000', '', NULL, '2025-09-16 14:57:38.738638', 839, 1, NULL, 'en_retard', '7d57d82ec3694ae0be4f1f5e5a363e5f', 'CENTRE AUTO LOUSTAUNAU'),
(1320, '2025-09-17', '09:10:00.000000', '', NULL, '2025-09-16 14:57:38.745698', 798, 1, NULL, 'en_retard', '36559658881c4a8c8c1a5bc620cf02e2', 'LACOSTE AUTOMOBILES'),
(1321, '2025-09-17', '09:45:00.000000', '', NULL, '2025-09-16 14:57:38.752687', 753, 1, NULL, 'en_retard', '4c3101103e55495ca07a2fad0b6fa32e', 'TORRES'),
(1322, '2025-09-17', '10:20:00.000000', '', NULL, '2025-09-16 14:57:38.760627', 778, 1, NULL, 'en_retard', '0be83f184d174f0e9714eed2eee31ba9', 'AHCARS'),
(1323, '2025-09-17', '10:55:00.000000', '', NULL, '2025-09-16 14:57:38.768132', 780, 1, NULL, 'en_retard', '4f6e210a19ff4d6dae2c0e506c87e28c', 'TRADI CARS GARAGE'),
(1324, '2025-09-17', '11:30:00.000000', '', NULL, '2025-09-16 14:57:38.775419', 815, 1, NULL, 'en_retard', '89efef1344ad441bb7e61cdc3e00fd70', 'MARMANDAISE'),
(1325, '2025-09-17', '08:00:00.000000', '', NULL, '2025-09-16 14:57:38.788616', 360, 4, NULL, 'en_retard', '78f9793014e24b79946b89687e2ab7f6', 'AUTO 64 OCCASION YUKSEL TURAN'),
(1326, '2025-09-17', '08:35:00.000000', '', NULL, '2025-09-16 14:57:38.795682', 172, 4, NULL, 'en_retard', '2ac9553e6fd44af9a5b14fef1351b28c', 'CAPPELLETO'),
(1327, '2025-09-17', '09:10:00.000000', '', NULL, '2025-09-16 14:57:38.803684', 188, 4, NULL, 'en_retard', '33e34c93173f4d529a1aa95614f50df1', 'STEPHANE RUBIO'),
(1328, '2025-09-17', '09:45:00.000000', '', NULL, '2025-09-16 14:57:38.811220', 379, 4, NULL, 'en_retard', '021a418448a24198bc975cd97544e6de', 'PROVENCE'),
(1329, '2025-09-17', '10:20:00.000000', '', NULL, '2025-09-16 14:57:38.817239', 314, 4, NULL, 'en_retard', '125625d9862c4027955882574fd6ef08', 'LONGY'),
(1330, '2025-09-17', '10:55:00.000000', '', NULL, '2025-09-16 14:57:38.824524', 181, 4, NULL, 'en_retard', '1dc3d585c1a94898a981832442d9886c', 'COUILLET PATRICE'),
(1331, '2025-09-17', '11:30:00.000000', '', NULL, '2025-09-16 14:57:38.830859', 213, 4, NULL, 'en_retard', 'ec9c07853c0a438b86f86f5eb2350b40', 'DIN AUTO'),
(1332, '2025-09-17', '08:00:00.000000', '', NULL, '2025-09-16 14:57:38.845215', 653, 6, NULL, 'en_retard', 'c586c7482e344b469788b18b6b148b7d', 'CARROS'),
(1333, '2025-09-17', '08:35:00.000000', '', NULL, '2025-09-16 14:57:38.851341', 648, 6, NULL, 'en_retard', 'ed99764b9108426c971364518c5bd07f', 'GASTEUIL REPARATION VENTE'),
(1334, '2025-09-17', '09:10:00.000000', '', NULL, '2025-09-16 14:57:38.858634', 639, 6, NULL, 'en_retard', '2b2176e14b8243aea6a20ed998abb97e', 'VIANAUTO'),
(1335, '2025-09-17', '09:45:00.000000', '', NULL, '2025-09-16 14:57:38.864904', 636, 6, NULL, 'en_retard', '38148671e1c9440793b4d8c9a897296f', 'GARON'),
(1336, '2025-09-17', '10:20:00.000000', '', NULL, '2025-09-16 14:57:38.871592', 402, 6, NULL, 'en_retard', '6e20a6b6d11e42288d8e53dd0cc3ba84', 'AEROGARAGE'),
(1337, '2025-09-17', '10:55:00.000000', '', NULL, '2025-09-16 14:57:38.878535', 508, 6, NULL, 'en_retard', 'd11adea392b9439c9216b201f96a04f5', 'LEYR AUTOS'),
(1338, '2025-09-17', '11:30:00.000000', '', NULL, '2025-09-16 14:57:38.885711', 594, 6, NULL, 'en_retard', '764054ae0af74e2f9df50b0c54c90b78', 'DLT CARROSSERIE'),
(1346, '2025-09-18', '09:45:00.000000', '', NULL, '2025-09-16 14:57:38.959184', 380, 4, NULL, 'a_venir', '62528fb1d70f42d494c48dff817156b2', 'GRAND BASQUE'),
(1347, '2025-09-18', '08:00:00.000000', '', NULL, '2025-09-16 14:57:38.966574', 277, 4, NULL, 'a_venir', 'b2b2385b0f784da3bfa2e1324655e558', 'WILLAUTO VPN PAU'),
(1348, '2025-09-18', '10:20:00.000000', '', NULL, '2025-09-16 14:57:38.974153', 141, 4, NULL, 'a_venir', '77b8356cf6f241468b8240a6eaa9aace', 'ABEILHE AUTOS MARCIAC'),
(1349, '2025-09-18', '09:10:00.000000', '', NULL, '2025-09-16 14:57:38.981563', 253, 4, NULL, 'a_venir', '83efb96b34c7488aa8e6eca96a62ff99', 'CABRAL C.'),
(1350, '2025-09-18', '11:30:00.000000', '', NULL, '2025-09-16 14:57:38.988327', 300, 4, NULL, 'a_venir', '7df7327d50cb401fa9ede2bdee76559c', 'DES 4 VEZIAUX'),
(1351, '2025-09-18', '10:55:00.000000', '', NULL, '2025-09-16 14:57:38.994653', 168, 4, NULL, 'a_venir', '0a7f9abab6f94beea1ee0d0d3372ba0f', 'VAUTTIER AUTOMOBILES'),
(1352, '2025-09-18', '08:35:00.000000', '', NULL, '2025-09-16 14:57:39.001274', 290, 4, NULL, 'a_venir', '9a5999db738e458eba6c05e52a0e7b82', 'CENDRES SAS'),
(1353, '2025-09-18', '08:00:00.000000', '', NULL, '2025-09-16 14:57:39.016084', 629, 6, NULL, 'a_venir', '9172aaa4aa5140c98afee7057aa62bd5', 'SAINZ RENAULT ST MEDARD'),
(1354, '2025-09-18', '08:35:00.000000', '', NULL, '2025-09-16 14:57:39.023513', 689, 6, NULL, 'a_venir', 'c526b323d2f74d44aa52a0427aba296e', 'CENTRE AUTO MERIADECK'),
(1355, '2025-09-18', '09:10:00.000000', '', NULL, '2025-09-16 14:57:39.030441', 678, 6, NULL, 'a_venir', 'f20faeaac8aa4ea6ad82ee345941ad74', 'CAPTIV AUTO'),
(1356, '2025-09-18', '09:45:00.000000', '', NULL, '2025-09-16 14:57:39.037228', 659, 6, NULL, 'a_venir', '382503bb2d2d4fdb99366547cfdadef6', 'DU DESCLAUD'),
(1357, '2025-09-18', '10:20:00.000000', '', NULL, '2025-09-16 14:57:39.043969', 409, 6, NULL, 'a_venir', 'aed31ffe69dc4a6285ed710c47316637', 'SAUBION'),
(1358, '2025-09-18', '10:55:00.000000', '', NULL, '2025-09-16 14:57:39.050809', 413, 6, NULL, 'a_venir', '8485bcdfd791440bac65c74b81023869', 'JEMATY AUTOMOBILE'),
(1359, '2025-09-18', '11:30:00.000000', '', NULL, '2025-09-16 14:57:39.058842', 443, 6, NULL, 'a_venir', 'e188339f929b4cda9b2918ff2df4a4ff', 'EURO PNEU IMPORT'),
(1360, '2025-09-19', '08:35:00.000000', '', NULL, '2025-09-16 14:57:39.073484', 813, 1, NULL, 'a_venir', 'bae1fd7ff53b47e4afe3e24041ffd509', 'RELAIS DE LA ROTONDE'),
(1361, '2025-09-19', '09:45:00.000000', '', NULL, '2025-09-16 14:57:39.081594', 802, 1, NULL, 'a_venir', 'e67eb85d541647a78a510e920b2a1e7a', 'ATELIER HERITAGE'),
(1362, '2025-09-19', '09:10:00.000000', '', NULL, '2025-09-16 14:57:39.089996', 745, 1, NULL, 'a_venir', 'ecde94fe1aca4cd488c669131cebc67b', 'JOHAN AUTOMOBILES'),
(1363, '2025-09-19', '09:10:00.000000', '', NULL, '2025-09-16 14:57:39.096554', 825, 1, NULL, 'a_venir', '38550b9a82794fc6b68ba98252b58c71', 'PITAUD'),
(1364, '2025-09-19', '10:55:00.000000', '', NULL, '2025-09-16 14:57:39.104076', 750, 1, NULL, 'a_venir', '9a292d6081424bb08136db6350d06115', 'HARIZPE'),
(1365, '2025-09-19', '10:20:00.000000', '', NULL, '2025-09-16 14:57:39.109846', 776, 1, NULL, 'a_venir', '129b23fae2b541bcb2eec21a1e941391', 'ESTELA MIMIZAN'),
(1366, '2025-09-19', '08:00:00.000000', '', NULL, '2025-09-16 14:57:39.116627', 758, 1, NULL, 'a_venir', '87b3a018d6474d10812dc5b87252ca4b', 'MECA DAVID'),
(1367, '2025-09-19', '09:10:00.000000', '', NULL, '2025-09-16 14:57:39.130147', 134, 4, NULL, 'a_venir', '85c5ccfb8cf2469181f90853aedcbe87', 'DE SOUM'),
(1368, '2025-09-19', '10:55:00.000000', '', NULL, '2025-09-16 14:57:39.137233', 393, 4, NULL, 'a_venir', '9ff2286edd684eab829f84eedf4aaa69', 'NEZCO 65'),
(1369, '2025-09-19', '08:35:00.000000', '', NULL, '2025-09-16 14:57:39.143450', 278, 4, NULL, 'a_venir', '068ec9f34842482693de9ad50109ecf6', 'BARRERE TARBES'),
(1370, '2025-09-19', '10:20:00.000000', '', NULL, '2025-09-16 14:57:39.150492', 301, 4, NULL, 'a_venir', 'ae451c90197e419fa0de12398a541aaa', 'DE L\'AVENIR'),
(1371, '2025-09-19', '11:30:00.000000', '', NULL, '2025-09-16 14:57:39.158568', 362, 4, NULL, 'a_venir', '1226299053e048848323371fcb0e37e8', 'EUROMASTER'),
(1372, '2025-09-19', '08:00:00.000000', '', NULL, '2025-09-16 14:57:39.165917', 377, 4, NULL, 'a_venir', '0ff97199de814befb79a39a62f12f5dd', 'DANIEL'),
(1373, '2025-09-19', '09:45:00.000000', '', NULL, '2025-09-16 14:57:39.173133', 327, 4, NULL, 'a_venir', '834d122233534be18454377c277da5dd', 'SUD ELEC AUTO'),
(1374, '2025-09-19', '08:00:00.000000', '', NULL, '2025-09-16 14:57:39.188409', 552, 6, NULL, 'a_venir', '20b8fd89f15449b89cc56c2541871f0a', 'BRICE JM'),
(1375, '2025-09-19', '08:35:00.000000', '', NULL, '2025-09-16 14:57:39.194204', 404, 6, NULL, 'a_venir', '2f7b62878e3d4bd8949d42f51f0d1789', 'AEROPORT CLIMATIC AUTO'),
(1376, '2025-09-19', '09:10:00.000000', '', NULL, '2025-09-16 14:57:39.200367', 587, 6, NULL, 'a_venir', '6d911a8fb2be48d18b91878b99464eef', 'LATRESNE'),
(1377, '2025-09-19', '09:45:00.000000', '', NULL, '2025-09-16 14:57:39.208222', 625, 6, NULL, 'a_venir', 'ced28e7425034df5a88e39aeac28d6bc', 'JOURDES'),
(1378, '2025-09-19', '10:20:00.000000', '', NULL, '2025-09-16 14:57:39.215385', 722, 6, NULL, 'a_venir', '76dde3bdc42f4a168e1b0fac8e660e23', 'GASSIOT'),
(1379, '2025-09-19', '10:55:00.000000', '', NULL, '2025-09-16 14:57:39.222983', 726, 6, NULL, 'a_venir', 'cc5701a38915438c98794da9a5c02568', 'AUTO CHAMBERY'),
(1380, '2025-09-19', '11:30:00.000000', '', NULL, '2025-09-16 14:57:39.232769', 518, 6, NULL, 'a_venir', '0507a3f92b9c4adc9a8b32d33d0fe5a8', 'LACASSAGNE'),
(1381, '2025-09-22', '08:00:00.000000', '', NULL, '2025-09-16 14:57:39.250162', 829, 1, NULL, 'a_venir', 'ef2325ee74754fa79fb643bd7b9fdd2b', 'LE NAOUR'),
(1382, '2025-09-22', '09:45:00.000000', '', NULL, '2025-09-16 14:57:39.257284', 801, 1, NULL, 'a_venir', 'fe03414be58b4fc89f3ffcaa0e2ee7cb', 'AR'),
(1383, '2025-09-22', '09:10:00.000000', '', NULL, '2025-09-16 14:57:39.263286', 740, 1, NULL, 'a_venir', '47383b1ad67e4992a59fe57a50aca196', 'FAURIE AUTO BERGERAC'),
(1384, '2025-09-22', '10:55:00.000000', '', NULL, '2025-09-16 14:57:39.270082', 771, 1, NULL, 'a_venir', '4b804848a1f54e09a3268c0b90a9085e', 'RENAULT BLAYE'),
(1385, '2025-09-22', '10:20:00.000000', '', NULL, '2025-09-16 14:57:39.277779', 812, 1, NULL, 'a_venir', 'af1ce3032d6c40409dca409805e544b1', 'PCM AUTO'),
(1386, '2025-09-22', '08:35:00.000000', '', NULL, '2025-09-16 14:57:39.284465', 821, 1, NULL, 'a_venir', '37030abc554f4bc7b9e26b0262f6aac4', 'ATD AUTOS'),
(1387, '2025-09-22', '11:30:00.000000', '', NULL, '2025-09-16 14:57:39.293062', 444, 1, NULL, 'a_venir', 'fc8304469e2b4612a3709a688329d28b', 'GOBINAU'),
(1402, '2025-09-23', '09:10:00.000000', '', NULL, '2025-09-18 07:24:19.649477', 781, 1, NULL, 'a_venir', 'b97ec1000f5b4d8a96d8b246e7eea035', 'NARDOU PATRICK'),
(1403, '2025-09-23', '10:20:00.000000', '', NULL, '2025-09-18 07:24:19.659003', 769, 1, NULL, 'a_venir', '15dcf2f7e5d7454ab3859df8e8a06e70', 'GAJAC SERVICE AUTO'),
(1404, '2025-09-23', '08:35:00.000000', '', NULL, '2025-09-18 07:24:19.664375', 794, 1, NULL, 'a_venir', '762ce74d997642dbaafd3c62d903cb7b', 'BMZ AUTO 33'),
(1405, '2025-09-23', '09:45:00.000000', '', NULL, '2025-09-18 07:24:19.670465', 795, 1, NULL, 'a_venir', '2e6839eac1904d6f8b401e89fc08fd88', 'SLA SAINT MAIXANT'),
(1406, '2025-09-23', '08:00:00.000000', '', NULL, '2025-09-18 07:24:19.677472', 743, 1, NULL, 'a_venir', '5a693bcc1c114c7d9799908713a3457e', 'GOODINYOU33'),
(1407, '2025-09-23', '10:55:00.000000', '', NULL, '2025-09-18 07:24:19.684056', 782, 1, NULL, 'a_venir', 'ef3393cfdbae44fd89255017af314ad2', 'D ARVEYRES'),
(1408, '2025-09-23', '10:55:00.000000', '', NULL, '2025-09-18 07:24:19.691378', 844, 1, NULL, 'a_venir', '06bf43c741864c3baac45479a95dc7d7', 'CAMELEON'),
(1409, '2025-09-23', '11:30:00.000000', '', NULL, '2025-09-18 07:24:19.704765', 222, 4, NULL, 'a_venir', 'd786c8f41d59436fb4a08437466439f0', 'AUTO SERVICE DES 4 VALLEES'),
(1410, '2025-09-23', '09:10:00.000000', '', NULL, '2025-09-18 07:24:19.710818', 166, 4, NULL, 'a_venir', '1da64b5eaf80486a81c2002bf4e9959a', 'POUTS / DE LA SOUYE'),
(1411, '2025-09-23', '08:00:00.000000', '', NULL, '2025-09-18 07:24:19.717392', 333, 4, NULL, 'a_venir', '35fca53d0bfa48339c1cf1220eaf06e6', 'BEARN PARE BRISE'),
(1412, '2025-09-23', '10:20:00.000000', '', NULL, '2025-09-18 07:24:19.725467', 330, 4, NULL, 'a_venir', '62a838d220fb4ee494bc3edb080e3d35', 'PAROT SERVICE VI TARBES'),
(1413, '2025-09-23', '10:55:00.000000', '', NULL, '2025-09-18 07:24:19.732547', 135, 4, NULL, 'a_venir', 'e4aed97dc88749b49ef23aab52c9ff0a', 'MANSE'),
(1414, '2025-09-23', '08:35:00.000000', '', NULL, '2025-09-18 07:24:19.740232', 147, 4, NULL, 'a_venir', '9edd68bcb4264782b396385930a4a4db', 'AUBRY CHRISTIAN'),
(1415, '2025-09-23', '09:45:00.000000', '', NULL, '2025-09-18 07:24:19.746037', 285, 4, NULL, 'a_venir', '002eabe72b934095ad4f4c9ea9458681', 'ROUTE 64-DOMENJOLLE'),
(1416, '2025-09-23', '08:00:00.000000', '', NULL, '2025-09-18 07:24:19.761060', 680, 6, NULL, 'a_venir', '4fa000f02eb747549e291c6c0143e37a', 'BOUTQUE DU PNEU'),
(1417, '2025-09-23', '08:35:00.000000', '', NULL, '2025-09-18 07:24:19.767836', 705, 6, NULL, 'a_venir', 'fb342443545c48dfb6089c41de81d548', 'GT AUTOMOBILES'),
(1418, '2025-09-23', '09:10:00.000000', '', NULL, '2025-09-18 07:24:19.775292', 513, 6, NULL, 'a_venir', '0dc084963c1c402897c50ee856f54666', 'LE NOTRE AUTOMOBILE'),
(1419, '2025-09-23', '09:45:00.000000', '', NULL, '2025-09-18 07:24:19.782410', 548, 6, NULL, 'a_venir', 'aa3c4bbc76ff4b528d1919fbfa71256e', 'SANTIAGO MARTIN'),
(1420, '2025-09-23', '10:20:00.000000', '', NULL, '2025-09-18 07:24:19.790303', 438, 6, NULL, 'a_venir', '3d2f7459a34a4cfeb017758e7b830452', 'DACTA'),
(1421, '2025-09-23', '10:55:00.000000', '', NULL, '2025-09-18 07:24:19.797492', 425, 6, NULL, 'a_venir', 'bef0daa0842047eb9877980ea0b88802', 'CESTAS AUTOMOBILES SERVICES'),
(1422, '2025-09-23', '11:30:00.000000', '', NULL, '2025-09-18 07:24:19.804748', 593, 6, NULL, 'a_venir', '2870e6f6eaf940668b3eb02b6a90ce1f', 'EIRL GPS'),
(1423, '2025-09-24', '09:45:00.000000', '', NULL, '2025-09-18 07:24:19.818058', 796, 1, NULL, 'a_venir', '9c768a00b46446e6b2a3775e3eaa58a4', 'CAMELEON'),
(1424, '2025-09-24', '09:10:00.000000', '', NULL, '2025-09-18 07:24:19.825212', 406, 1, NULL, 'a_venir', '1328160d3b6e40f69640ac60751cf82d', 'SARDINHA RICARDO'),
(1425, '2025-09-24', '10:20:00.000000', '', NULL, '2025-09-18 07:24:19.832358', 785, 1, NULL, 'a_venir', '4f528ce59e004c5c9d7d58ddc77da9df', 'CHAFT AUTO'),
(1426, '2025-09-24', '11:30:00.000000', '', NULL, '2025-09-18 07:24:19.839450', 823, 1, NULL, 'a_venir', 'f8da83da097546c0b30ab509e823f778', 'MERLET'),
(1427, '2025-09-24', '08:00:00.000000', '', NULL, '2025-09-18 07:24:19.846357', 800, 1, NULL, 'a_venir', 'd3d97686ecb248d58e2326a5ee6aa597', 'CAR WORKING'),
(1428, '2025-09-24', '10:55:00.000000', '', NULL, '2025-09-18 07:24:19.852714', 804, 1, NULL, 'a_venir', '6fd2e803bc9140aea28beeda2e8bb496', 'ATELIER GERMON'),
(1429, '2025-09-24', '08:35:00.000000', '', NULL, '2025-09-18 07:24:19.861932', 799, 1, NULL, 'a_venir', 'd392512a9548443b820ae734d2bdffbb', 'PRESTA-SERVICE'),
(1430, '2025-09-24', '09:10:00.000000', '', NULL, '2025-09-18 07:24:19.877729', 368, 4, NULL, 'a_venir', '16b46752ae7e4864aa4707e57e2874fd', 'RG MECA 65'),
(1431, '2025-09-24', '08:35:00.000000', '', NULL, '2025-09-18 07:24:19.884524', 191, 4, NULL, 'a_venir', '8e6f39e5b8ce45bda86127216dcf5be8', 'DOUSSAU YVES'),
(1432, '2025-09-24', '10:55:00.000000', '', NULL, '2025-09-18 07:24:19.891680', 274, 4, NULL, 'a_venir', '38e4cdac6b574529ae16de7ab52ca9fc', 'LAGARE MAURICE'),
(1433, '2025-09-24', '09:45:00.000000', '', NULL, '2025-09-18 07:24:19.897591', 341, 4, NULL, 'a_venir', '2c572b1db9e44b5b8d3e9dd795b3de5d', 'DE LA CALLE-TARBES'),
(1434, '2025-09-24', '10:20:00.000000', '', NULL, '2025-09-18 07:24:19.904430', 240, 4, NULL, 'a_venir', '00ee4dee6383480697cde81def813446', 'ESTEBEN'),
(1435, '2025-09-24', '11:30:00.000000', '', NULL, '2025-09-18 07:24:19.910520', 386, 4, NULL, 'a_venir', 'be4dd2640935457abe992d1246943814', 'LANOT GROUSSET'),
(1436, '2025-09-24', '08:00:00.000000', '', NULL, '2025-09-18 07:24:19.917288', 309, 4, NULL, 'a_venir', 'e03a0ca0653c4244b7a5b89618fbd2fa', 'CAZENAVE MONASSUT'),
(1437, '2025-09-24', '08:00:00.000000', '', NULL, '2025-09-18 07:24:19.933653', 623, 6, NULL, 'a_venir', '8b846721178a4f25ba30bedb17d575cc', 'CAP OUEST AUTOMOBILES'),
(1438, '2025-09-24', '08:35:00.000000', '', NULL, '2025-09-18 07:24:19.940283', 626, 6, NULL, 'a_venir', '6ff4180a90894667b8faf8111f173d5d', 'DECA'),
(1439, '2025-09-24', '09:10:00.000000', '', NULL, '2025-09-18 07:24:19.946964', 693, 6, NULL, 'a_venir', '3a03589c9b3045549f7f958f9c5b92d2', 'KACI'),
(1440, '2025-09-24', '09:45:00.000000', '', NULL, '2025-09-18 07:24:19.952929', 581, 6, NULL, 'a_venir', 'eb42eece98864b7a83673c23033efde4', 'COLOMER'),
(1441, '2025-09-24', '10:20:00.000000', '', NULL, '2025-09-18 07:24:19.959365', 433, 6, NULL, 'a_venir', '89ec686344414517a44f580cf8ae5c51', 'DU BASSIN'),
(1442, '2025-09-24', '10:55:00.000000', '', NULL, '2025-09-18 07:24:19.965516', 526, 6, NULL, 'a_venir', 'ab52de509dc04253b99aeda0cf314365', 'ZR AUTO'),
(1443, '2025-09-24', '11:30:00.000000', '', NULL, '2025-09-18 07:24:19.972449', 725, 6, NULL, 'a_venir', '5241d6a5d5e849e98458322237af4a8b', 'NEGOCE CARS'),
(1451, '2025-09-25', '09:45:00.000000', 'Visite planifiée automatiquement', NULL, '2025-09-18 13:02:18.061314', 809, 1, NULL, 'a_venir', 'b4d4ad3045854600b72faf97a69c9992', NULL),
(1452, '2025-09-25', '10:55:00.000000', 'Visite planifiée automatiquement', NULL, '2025-09-18 13:02:18.075042', 824, 1, NULL, 'a_venir', '7a105794f1fe4fd1a8bb63f611e1010d', NULL),
(1453, '2025-09-25', '09:10:00.000000', 'Visite planifiée automatiquement', NULL, '2025-09-18 13:02:18.090418', 843, 1, NULL, 'a_venir', '3c556b6f71d8410ca63df23c1df1960a', NULL),
(1454, '2025-09-25', '08:00:00.000000', 'Visite planifiée automatiquement', NULL, '2025-09-18 13:02:18.110476', 760, 1, NULL, 'a_venir', 'e1eb72c30bfb469fb892606528031d99', NULL),
(1455, '2025-09-25', '08:35:00.000000', 'Visite planifiée automatiquement', NULL, '2025-09-18 13:02:18.129792', 819, 1, NULL, 'a_venir', 'be5c863fd9a14f82a2ec57796987d338', NULL),
(1456, '2025-09-25', '11:30:00.000000', 'Visite planifiée automatiquement', NULL, '2025-09-18 13:02:18.153035', 810, 1, NULL, 'a_venir', 'a9ecb26b8bfd4c68833908859ebc315b', NULL),
(1458, '2025-09-26', '08:00:00.000000', 'Visite planifiée automatiquement', NULL, '2025-09-18 13:02:18.204948', 768, 1, NULL, 'a_venir', '6fe6a933c7734472881f0c7d44fe1ca9', NULL),
(1461, '2025-09-29', '08:00:00.000000', 'Visite planifiée automatiquement', NULL, '2025-09-18 13:02:18.268333', 827, 1, NULL, 'a_venir', 'bf7c06e754484b08a51505c4c6b2c5ff', NULL),
(1463, '2025-09-26', '10:20:00.000000', 'Visite planifiée automatiquement', NULL, '2025-09-18 13:02:18.308771', 759, 1, NULL, 'a_venir', '5dea12bf914445598bd536b4e12ea1e4', NULL),
(1467, '2025-09-30', '08:00:00.000000', 'Visite planifiée automatiquement', NULL, '2025-09-18 13:02:18.391286', 806, 1, NULL, 'a_venir', '5a53857a23d04c968fafebe0eadeac67', NULL),
(1470, '2025-09-29', '09:45:00.000000', 'Visite planifiée automatiquement', NULL, '2025-09-18 13:02:18.452814', 765, 1, NULL, 'a_venir', '2d69f52f1f8c4b7ca027643d8d4eac5a', NULL),
(1473, '2025-09-29', '10:20:00.000000', 'Visite planifiée automatiquement', NULL, '2025-09-18 13:02:18.518231', 820, 1, NULL, 'a_venir', '9c14190f518a41b0aaca033aab34e779', NULL),
(1478, '2025-10-01', '08:00:00.000000', 'Visite planifiée automatiquement', NULL, '2025-09-18 13:02:18.619560', 754, 1, NULL, 'a_venir', 'cbab934c14eb40498410abfbdd620636', NULL),
(1483, '2025-10-01', '08:35:00.000000', 'Visite planifiée automatiquement', NULL, '2025-09-18 13:02:18.719192', 833, 1, NULL, 'a_venir', '2d0bfe370baa45689cbb8714dd025e86', NULL),
(1486, '2025-09-29', '08:35:00.000000', 'Visite planifiée automatiquement', NULL, '2025-09-18 13:02:18.779981', 788, 1, NULL, 'a_venir', 'd89ed7e4beff4fce81f4afd5c9385176', NULL),
(1490, '2025-09-30', '08:35:00.000000', 'Visite planifiée automatiquement', NULL, '2025-09-18 13:02:18.867565', 779, 1, NULL, 'a_venir', '4a2e97e10f8742f79aa5dae9e511ddae', NULL),
(1493, '2025-09-29', '09:10:00.000000', 'Visite planifiée automatiquement', NULL, '2025-09-18 13:02:18.936402', 817, 1, NULL, 'a_venir', '687469e40bc34a6daf5afaf44f08fa19', NULL),
(1499, '2025-10-02', '08:00:00.000000', 'Visite planifiée automatiquement', NULL, '2025-09-18 13:02:19.072899', 828, 1, NULL, 'a_venir', 'f352556ad4754cb6b3bbc1896140dd45', NULL),
(1503, '2025-09-30', '09:10:00.000000', 'Visite planifiée automatiquement', NULL, '2025-09-18 13:02:19.162785', 830, 1, NULL, 'a_venir', '555d08bedbf649129523ccb1bda9f0c7', NULL),
(1510, '2025-10-03', '09:45:00.000000', 'Visite planifiée automatiquement', NULL, '2025-09-18 13:02:19.306512', 761, 1, NULL, 'a_venir', '665f7d9cbc3a4263b0f060ca5e39f567', NULL),
(1517, '2025-10-03', '08:35:00.000000', 'Visite planifiée automatiquement', NULL, '2025-09-18 13:02:19.447764', 793, 1, NULL, 'a_venir', 'db608ba5726c4aaea4e276e5ea4556a7', NULL),
(1524, '2025-10-03', '09:10:00.000000', 'Visite planifiée automatiquement', NULL, '2025-09-18 13:02:19.619814', 837, 1, NULL, 'a_venir', '58281ae3bb904eb6bc7b224b1276bfc8', NULL),
(1529, '2025-10-01', '09:45:00.000000', 'Visite planifiée automatiquement', NULL, '2025-09-18 13:02:19.727546', 822, 1, NULL, 'a_venir', 'a971d9aac53e4eafa8595b6f8e52a289', NULL),
(1534, '2025-10-01', '10:20:00.000000', 'Visite planifiée automatiquement', NULL, '2025-09-18 13:02:19.836430', 832, 1, NULL, 'a_venir', '18888456183f4eda82cba3ca8f7cc996', NULL),
(1540, '2025-10-02', '08:35:00.000000', 'Visite planifiée automatiquement', NULL, '2025-09-18 13:02:19.971984', 811, 1, NULL, 'a_venir', '056da5c67d7d4b0b957054734a8923ce', NULL),
(1546, '2025-10-02', '09:10:00.000000', 'Visite planifiée automatiquement', NULL, '2025-09-18 13:02:20.102055', 831, 1, NULL, 'a_venir', '44a07a0c1ee7405ab66fbf9db1658364', NULL),
(1550, '2025-09-30', '09:45:00.000000', 'Visite planifiée automatiquement', NULL, '2025-09-18 13:02:20.194203', 755, 1, NULL, 'a_venir', '1ebc4b5ee72147299a6aa44af79cac65', NULL),
(1556, '2025-10-02', '09:45:00.000000', 'Visite planifiée automatiquement', NULL, '2025-09-18 13:02:20.333377', 763, 1, NULL, 'a_venir', 'acbae714f31f4c7bae91d4a10ef5a939', NULL),
(1564, '2025-10-06', '08:00:00.000000', 'Visite planifiée automatiquement', NULL, '2025-09-18 13:02:20.510841', 746, 1, NULL, 'a_venir', '4db87a1add4e4732993fa6fc40cde92e', NULL),
(1565, '2025-09-25', '10:20:00.000000', 'Visite planifiée automatiquement', NULL, '2025-09-18 13:02:20.527432', 733, 1, NULL, 'a_venir', 'fa9eb66fd7394cc4b5729291d803d88c', NULL),
(1566, '2025-09-26', '09:10:00.000000', 'Visite planifiée automatiquement', NULL, '2025-09-18 13:02:20.551533', 748, 1, NULL, 'a_venir', '9e435fb14a704898830e1dfbc0a82aea', NULL),
(1567, '2025-09-26', '09:45:00.000000', 'Visite planifiée automatiquement', NULL, '2025-09-18 13:02:20.569052', 735, 1, NULL, 'a_venir', '7066e4c63a084ddfbc54127d9a3b14aa', NULL),
(1574, '2025-10-06', '08:35:00.000000', 'Visite planifiée automatiquement', NULL, '2025-09-18 13:02:20.741979', 417, 1, NULL, 'a_venir', '32d3f35808d349b9831f186d85592c60', NULL),
(1580, '2025-10-03', '08:00:00.000000', 'Visite planifiée automatiquement', NULL, '2025-09-18 13:02:20.899964', 737, 1, NULL, 'a_venir', 'b5ad9720be924bca8052754e364c7dcf', NULL),
(1588, '2025-10-07', '09:10:00.000000', 'Visite planifiée automatiquement', NULL, '2025-09-18 13:02:21.107972', 739, 1, NULL, 'a_venir', 'ef99968271dd439f80324d8bcf4ecd23', NULL),
(1595, '2025-10-06', '09:10:00.000000', 'Visite planifiée automatiquement', NULL, '2025-09-18 13:02:21.279725', 734, 1, NULL, 'a_venir', '4f995bc0df0649b39ff3b2da85e71099', NULL),
(1604, '2025-10-08', '08:00:00.000000', 'Visite planifiée automatiquement', NULL, '2025-09-18 13:02:21.497956', 738, 1, NULL, 'a_venir', 'ea88651a61bb4c47ad37ec2f9c5f4b64', NULL),
(1605, '2025-09-25', '08:00:00.000000', 'Visite planifiée automatiquement', NULL, '2025-09-18 13:03:11.150966', 218, 4, NULL, 'a_venir', '29ab5329eef34476ba329a673e2305bb', NULL),
(1606, '2025-09-25', '10:55:00.000000', 'Visite planifiée automatiquement', NULL, '2025-09-18 13:03:11.166956', 211, 4, NULL, 'a_venir', 'e0556354929d4298a90e80381f2b8b1e', NULL),
(1607, '2025-09-25', '10:20:00.000000', 'Visite planifiée automatiquement', NULL, '2025-09-18 13:03:11.182497', 225, 4, NULL, 'a_venir', 'd682f95db0de4c7ca95202964fff74ea', NULL),
(1608, '2025-09-25', '11:30:00.000000', 'Visite planifiée automatiquement', NULL, '2025-09-18 13:03:11.200327', 235, 4, NULL, 'a_venir', '54aa4fd9d2024af1afed70678ae345cb', NULL),
(1609, '2025-09-25', '09:45:00.000000', 'Visite planifiée automatiquement', NULL, '2025-09-18 13:03:11.219893', 255, 4, NULL, 'a_venir', '8c5334b068704cb782b85d210c0c9128', NULL),
(1610, '2025-09-25', '09:10:00.000000', 'Visite planifiée automatiquement', NULL, '2025-09-18 13:03:11.242698', 256, 4, NULL, 'a_venir', 'ddf189964ecf4a048d59516b64ef3521', NULL),
(1611, '2025-09-25', '08:35:00.000000', 'Visite planifiée automatiquement', NULL, '2025-09-18 13:03:11.265602', 279, 4, NULL, 'a_venir', '57acd87a09794db59a9b9f993948ab37', NULL),
(1612, '2025-09-26', '08:00:00.000000', 'Visite planifiée automatiquement', NULL, '2025-09-18 13:03:11.290371', 336, 4, NULL, 'a_venir', '57bf9c33d34f486694f1896a1b468926', NULL),
(1613, '2025-09-26', '10:20:00.000000', 'Visite planifiée automatiquement', NULL, '2025-09-18 13:03:11.304264', 389, 4, NULL, 'a_venir', '9982ef9b2cf6457a831bccb251bad8aa', NULL),
(1614, '2025-09-26', '11:30:00.000000', 'Visite planifiée automatiquement', NULL, '2025-09-18 13:03:11.320109', 136, 4, NULL, 'a_venir', '2c4a17c0fb5548cd84a71af64895d7c2', NULL),
(1615, '2025-09-26', '10:55:00.000000', 'Visite planifiée automatiquement', NULL, '2025-09-18 13:03:11.337794', 308, 4, NULL, 'a_venir', 'f30bc5a1bfef4b3380f6396d9ee3aaa0', NULL),
(1616, '2025-09-26', '09:45:00.000000', 'Visite planifiée automatiquement', NULL, '2025-09-18 13:03:11.358378', 190, 4, NULL, 'a_venir', 'fe6ad3cc0fbb48e3822be75258668273', NULL),
(1617, '2025-09-26', '09:10:00.000000', 'Visite planifiée automatiquement', NULL, '2025-09-18 13:03:11.379960', 352, 4, NULL, 'a_venir', 'd23ffa58785b43bfbc25a6ae6386a583', NULL),
(1618, '2025-09-26', '08:35:00.000000', 'Visite planifiée automatiquement', NULL, '2025-09-18 13:03:11.403801', 317, 4, NULL, 'a_venir', '941bb3bfd9ad4ea6af360156b365ef04', NULL),
(1619, '2025-09-29', '08:00:00.000000', 'Visite planifiée automatiquement', NULL, '2025-09-18 13:03:11.433713', 224, 4, NULL, 'a_venir', '4aa15f3e15eb472bb2bc9aa1a83024af', NULL),
(1620, '2025-09-29', '10:55:00.000000', 'Visite planifiée automatiquement', NULL, '2025-09-18 13:03:11.453573', 343, 4, NULL, 'a_venir', 'ef2b9b5c3ff749f8a74fe923ad9f87d2', NULL),
(1621, '2025-09-29', '09:10:00.000000', 'Visite planifiée automatiquement', NULL, '2025-09-18 13:03:11.473015', 280, 4, NULL, 'a_venir', '28cea809ca3e4ba5ae606dd2e66e19e4', NULL),
(1622, '2025-09-29', '08:35:00.000000', 'Visite planifiée automatiquement', NULL, '2025-09-18 13:03:11.491453', 217, 4, NULL, 'a_venir', 'bc7df2e57afe4c84a9c5d3b8d38d574f', NULL),
(1623, '2025-09-29', '10:20:00.000000', 'Visite planifiée automatiquement', NULL, '2025-09-18 13:03:11.511918', 242, 4, NULL, 'a_venir', 'e4de5d3930dd4e30b8226f55d461e8bb', NULL),
(1624, '2025-09-29', '09:45:00.000000', 'Visite planifiée automatiquement', NULL, '2025-09-18 13:03:11.536141', 213, 4, NULL, 'a_venir', '5529c69cb60048448881ad355eb1f284', NULL),
(1625, '2025-09-29', '11:30:00.000000', 'Visite planifiée automatiquement', NULL, '2025-09-18 13:03:11.564111', 234, 4, NULL, 'a_venir', 'fe315b86c97844a891b2191ce332a763', NULL),
(1626, '2025-09-30', '08:00:00.000000', 'Visite planifiée automatiquement', NULL, '2025-09-18 13:03:11.589258', 310, 4, NULL, 'a_venir', 'e85c05f6f4fd4d779173489a2d4c4c84', NULL),
(1627, '2025-09-30', '11:30:00.000000', 'Visite planifiée automatiquement', NULL, '2025-09-18 13:03:11.603159', 287, 4, NULL, 'a_venir', 'edd21d93e0c84b12a2226eeacacf6037', NULL),
(1628, '2025-09-30', '09:10:00.000000', 'Visite planifiée automatiquement', NULL, '2025-09-18 13:03:11.621801', 219, 4, NULL, 'a_venir', 'a8733c1cee6641b5afcc9e612a6765bb', NULL),
(1629, '2025-09-30', '09:45:00.000000', 'Visite planifiée automatiquement', NULL, '2025-09-18 13:03:11.639576', 220, 4, NULL, 'a_venir', '2cead631e3884dc4879e7f813c3395f1', NULL),
(1630, '2025-09-30', '10:55:00.000000', 'Visite planifiée automatiquement', NULL, '2025-09-18 13:03:11.661498', 289, 4, NULL, 'a_venir', 'e208d85062ee4733a152d4a42c1d0b7f', NULL),
(1631, '2025-09-30', '10:20:00.000000', 'Visite planifiée automatiquement', NULL, '2025-09-18 13:03:11.684836', 302, 4, NULL, 'a_venir', 'fe3aa82991f64e50b249356dbceaacce', NULL),
(1632, '2025-09-30', '08:35:00.000000', 'Visite planifiée automatiquement', NULL, '2025-09-18 13:03:11.708470', 251, 4, NULL, 'a_venir', 'd55231b6f3564812b5afca4777f3348e', NULL),
(1633, '2025-10-01', '10:20:00.000000', 'Visite planifiée automatiquement', NULL, '2025-09-18 13:03:11.742132', 199, 4, NULL, 'a_venir', '9c258d6d80694a6eb335fb99aaf8675d', NULL),
(1634, '2025-10-01', '08:00:00.000000', 'Visite planifiée automatiquement', NULL, '2025-09-18 13:03:11.757254', 312, 4, NULL, 'a_venir', 'e1b736f595b6446681ec27157dd26e82', NULL),
(1635, '2025-10-01', '09:45:00.000000', 'Visite planifiée automatiquement', NULL, '2025-09-18 13:03:11.773723', 307, 4, NULL, 'a_venir', '7d3659b5caaa4277a97c54cfb1c95d21', NULL),
(1636, '2025-10-01', '11:30:00.000000', 'Visite planifiée automatiquement', NULL, '2025-09-18 13:03:11.791288', 258, 4, NULL, 'a_venir', '10889482852840a48eeef0da7d0896c0', NULL),
(1637, '2025-10-01', '09:10:00.000000', 'Visite planifiée automatiquement', NULL, '2025-09-18 13:03:11.815193', 286, 4, NULL, 'a_venir', '0ef16533b9e84dba8659e4fd402727e6', NULL),
(1639, '2025-10-02', '08:00:00.000000', 'Visite planifiée automatiquement', NULL, '2025-09-18 13:03:11.874148', 344, 4, NULL, 'a_venir', 'ef8ad2d447574953b728e40df61d79a3', NULL),
(1641, '2025-10-02', '08:35:00.000000', 'Visite planifiée automatiquement', NULL, '2025-09-18 13:03:11.924304', 384, 4, NULL, 'a_venir', '7c065eb37ea24aeab92b3e281b34c57b', NULL),
(1643, '2025-10-02', '10:55:00.000000', 'Visite planifiée automatiquement', NULL, '2025-09-18 13:03:11.965223', 373, 4, NULL, 'a_venir', 'dcd3795e54fa4f81baacbf2207fb73c2', NULL),
(1645, '2025-10-02', '10:20:00.000000', 'Visite planifiée automatiquement', NULL, '2025-09-18 13:03:12.008625', 322, 4, NULL, 'a_venir', '8d8d7b8d0cf746248c1282e848ccdc7f', NULL),
(1647, '2025-10-02', '11:30:00.000000', 'Visite planifiée automatiquement', NULL, '2025-09-18 13:03:12.054172', 315, 4, NULL, 'a_venir', '64e9a608e77f4d8487494a0e79b51881', NULL),
(1649, '2025-10-02', '09:10:00.000000', 'Visite planifiée automatiquement', NULL, '2025-09-18 13:03:12.100687', 226, 4, NULL, 'a_venir', 'efb32589420e404b8dc9fc9a88ac7d4e', NULL),
(1651, '2025-10-02', '09:45:00.000000', 'Visite planifiée automatiquement', NULL, '2025-09-18 13:03:12.149099', 200, 4, NULL, 'a_venir', '02961f097a7c40acb0c54c926c0a868d', NULL),
(1653, '2025-10-03', '08:00:00.000000', 'Visite planifiée automatiquement', NULL, '2025-09-18 13:03:12.199539', 338, 4, NULL, 'a_venir', '3c5605dcc03e47d6b8dcd8495209da5b', NULL),
(1655, '2025-10-03', '08:35:00.000000', 'Visite planifiée automatiquement', NULL, '2025-09-18 13:03:12.241986', 350, 4, NULL, 'a_venir', 'd23ad937bd3042be9683f2bc5cdfb010', NULL),
(1657, '2025-10-03', '09:10:00.000000', 'Visite planifiée automatiquement', NULL, '2025-09-18 13:03:12.282852', 288, 4, NULL, 'a_venir', 'e7cad552a13f4b9fbe01c1fd8e6f99ec', NULL),
(1659, '2025-10-03', '09:45:00.000000', 'Visite planifiée automatiquement', NULL, '2025-09-18 13:03:12.326132', 366, 4, NULL, 'a_venir', '6c17636372044e598747fa6879329814', NULL),
(1661, '2025-10-03', '10:55:00.000000', 'Visite planifiée automatiquement', NULL, '2025-09-18 13:03:12.372310', 207, 4, NULL, 'a_venir', '7ad7b066042f4f25b5768ac62c822248', NULL),
(1663, '2025-10-03', '11:30:00.000000', 'Visite planifiée automatiquement', NULL, '2025-09-18 13:03:12.420702', 298, 4, NULL, 'a_venir', '4e6656fdddaa41d8906102b999d2ae5f', NULL),
(1665, '2025-10-03', '10:20:00.000000', 'Visite planifiée automatiquement', NULL, '2025-09-18 13:03:12.469199', 273, 4, NULL, 'a_venir', '98fd7071d7c24f2084b56fbb389f3dbb', NULL),
(1667, '2025-10-06', '08:00:00.000000', 'Visite planifiée automatiquement', NULL, '2025-09-18 13:03:12.519371', 208, 4, NULL, 'a_venir', 'e67c9cfef57c459fa109a05c1e245f99', NULL),
(1669, '2025-10-06', '09:45:00.000000', 'Visite planifiée automatiquement', NULL, '2025-09-18 13:03:12.558255', 360, 4, NULL, 'a_venir', 'dbd33870392c4a00b469b3a75f3c4574', NULL),
(1671, '2025-10-06', '08:35:00.000000', 'Visite planifiée automatiquement', NULL, '2025-09-18 13:03:12.598873', 323, 4, NULL, 'a_venir', 'c237a78c7dc446bbbe1e21d01337b178', NULL),
(1672, '2025-10-01', '08:35:00.000000', 'Visite planifiée automatiquement', NULL, '2025-09-18 13:03:12.616905', 260, 4, NULL, 'a_venir', '6292519a7c874ce1b4c5251eff699b68', NULL),
(1675, '2025-10-07', '08:00:00.000000', 'Visite planifiée automatiquement', NULL, '2025-09-18 13:03:12.687631', 390, 4, NULL, 'a_venir', '7fc8f3449569469587ed6578432f0b5a', NULL),
(1678, '2025-10-07', '11:30:00.000000', 'Visite planifiée automatiquement', NULL, '2025-09-18 13:03:12.751546', 189, 4, NULL, 'a_venir', '83f58f731241464e90ef9c8bb863a7ce', NULL),
(1681, '2025-10-07', '10:55:00.000000', 'Visite planifiée automatiquement', NULL, '2025-09-18 13:03:12.815945', 354, 4, NULL, 'a_venir', '87a6d3d07dfe405a834fbf66a9e22bea', NULL),
(1684, '2025-10-07', '10:20:00.000000', 'Visite planifiée automatiquement', NULL, '2025-09-18 13:03:12.883862', 371, 4, NULL, 'a_venir', '29fc0504e88b431aa7bd07c113bedf1a', NULL),
(1686, '2025-10-06', '09:10:00.000000', 'Visite planifiée automatiquement', NULL, '2025-09-18 13:03:12.931966', 357, 4, NULL, 'a_venir', '4e2d2001c7b14bd28aa13512a119bf5f', NULL),
(1689, '2025-10-07', '08:35:00.000000', 'Visite planifiée automatiquement', NULL, '2025-09-18 13:03:13.003163', 238, 4, NULL, 'a_venir', '9f3c26ace25c41d5971bdc1fae55680c', NULL),
(1692, '2025-10-07', '09:10:00.000000', 'Visite planifiée automatiquement', NULL, '2025-09-18 13:03:13.080911', 276, 4, NULL, 'a_venir', '88756579f212491c8c115a01badf843f', NULL),
(1695, '2025-10-07', '09:45:00.000000', 'Visite planifiée automatiquement', NULL, '2025-09-18 13:03:13.154460', 316, 4, NULL, 'a_venir', 'b8e84505a33840dc93d986d9d9f3e81f', NULL),
(1698, '2025-10-08', '08:00:00.000000', 'Visite planifiée automatiquement', NULL, '2025-09-18 13:03:13.241102', 379, 4, NULL, 'a_venir', 'db52c571b2d34ee2ae1cd8060fc62bb6', NULL),
(1701, '2025-10-08', '08:35:00.000000', 'Visite planifiée automatiquement', NULL, '2025-09-18 13:03:13.306961', 295, 4, NULL, 'a_venir', '33edab9447a8423a876164cb53fa44e0', NULL),
(1705, '2025-10-09', '08:00:00.000000', 'Visite planifiée automatiquement', NULL, '2025-09-18 13:03:13.391503', 378, 4, NULL, 'a_venir', '8c2269a0156c4d03ad5b31138bdf4da6', NULL),
(1709, '2025-10-09', '08:35:00.000000', 'Visite planifiée automatiquement', NULL, '2025-09-18 13:03:13.477101', 282, 4, NULL, 'a_venir', '60185d2b22744f3bb7eba183983dacec', NULL),
(1712, '2025-10-08', '09:10:00.000000', 'Visite planifiée automatiquement', NULL, '2025-09-18 13:03:13.544800', 264, 4, NULL, 'a_venir', 'a6ba6d35c55f4508b5f708d437eed763', NULL),
(1717, '2025-10-10', '08:00:00.000000', 'Visite planifiée automatiquement', NULL, '2025-09-18 13:03:13.655634', 227, 4, NULL, 'a_venir', 'c3b8d92c087a4a8784c5d3adce772744', NULL),
(1722, '2025-10-10', '08:35:00.000000', 'Visite planifiée automatiquement', NULL, '2025-09-18 13:03:13.759248', 209, 4, NULL, 'a_venir', 'e4a8aa57e1214e6d9585f05911f9fa5a', NULL),
(1726, '2025-10-09', '09:10:00.000000', 'Visite planifiée automatiquement', NULL, '2025-09-18 13:03:13.845835', 303, 4, NULL, 'a_venir', 'e3799c42a30d4b6387e7cc2fc65b0ce9', NULL),
(1732, '2025-10-13', '08:00:00.000000', 'Visite planifiée automatiquement', NULL, '2025-09-18 13:03:13.985769', 347, 4, NULL, 'a_venir', '136f472b53304c6cbdd72b843678393a', NULL),
(1738, '2025-10-13', '10:55:00.000000', 'Visite planifiée automatiquement', NULL, '2025-09-18 13:03:14.117522', 339, 4, NULL, 'a_venir', 'c6433f842a70416da5cd9efc88277b74', NULL),
(1745, '2025-10-14', '08:00:00.000000', 'Visite planifiée automatiquement', NULL, '2025-09-18 13:03:14.266942', 293, 4, NULL, 'a_venir', '0008a39ab1ec45c6842f4323f76b8dfa', NULL),
(1750, '2025-10-10', '09:10:00.000000', 'Visite planifiée automatiquement', NULL, '2025-09-18 13:03:14.373674', 311, 4, NULL, 'a_venir', 'c957dd58ec0a4ce498cb0d6bcb3207d0', NULL),
(1756, '2025-10-13', '08:35:00.000000', 'Visite planifiée automatiquement', NULL, '2025-09-18 13:03:14.506473', 241, 4, NULL, 'a_venir', '801020c525d547348973b3ff4d5c37ff', NULL),
(1762, '2025-10-13', '09:10:00.000000', 'Visite planifiée automatiquement', NULL, '2025-09-18 13:03:14.638065', 194, 4, NULL, 'a_venir', '9af15cdebfc74dc199c4380fb4b43113', NULL),
(1768, '2025-10-13', '09:45:00.000000', 'Visite planifiée automatiquement', NULL, '2025-09-18 13:03:14.772301', 214, 4, NULL, 'a_venir', 'a136de212f4b4ea69bb8433027118793', NULL),
(1773, '2025-10-10', '11:30:00.000000', 'Visite planifiée automatiquement', NULL, '2025-09-18 13:03:14.888881', 206, 4, NULL, 'a_venir', '3cdffd744f2940d6883fea72c067ff60', NULL),
(1778, '2025-10-10', '09:45:00.000000', 'Visite planifiée automatiquement', NULL, '2025-09-18 13:03:15.006898', 351, 4, NULL, 'a_venir', 'ae5ab6ef77034b5dbf52631efcd35130', NULL),
(1783, '2025-10-10', '10:55:00.000000', 'Visite planifiée automatiquement', NULL, '2025-09-18 13:03:15.124906', 304, 4, NULL, 'a_venir', '4178e4c1c227474cbc8b8b1637d91a7e', NULL),
(1791, '2025-10-15', '08:00:00.000000', 'Visite planifiée automatiquement', NULL, '2025-09-18 13:03:15.322018', 265, 4, NULL, 'a_venir', 'a0413931e3de4b3f82118cf9695c11e8', NULL),
(1796, '2025-10-10', '10:20:00.000000', 'Visite planifiée automatiquement', NULL, '2025-09-18 13:03:15.430776', 292, 4, NULL, 'a_venir', 'cae2f392e2dd429f8a3b21bf092170b9', NULL),
(1803, '2025-10-15', '10:55:00.000000', 'Visite planifiée automatiquement', NULL, '2025-09-18 13:03:15.593703', 246, 4, NULL, 'a_venir', '0b893570ad2d4cc5b7c45f9152b6c676', NULL),
(1808, '2025-10-13', '10:20:00.000000', 'Visite planifiée automatiquement', NULL, '2025-09-18 13:03:15.702414', 319, 4, NULL, 'a_venir', 'fa0cb8b1630a4a70a4be3d3615790817', NULL),
(1815, '2025-10-15', '11:30:00.000000', 'Visite planifiée automatiquement', NULL, '2025-09-18 13:03:15.861824', 340, 4, NULL, 'a_venir', 'f30a878428f04ae6aa627ee25cd6a8d3', NULL),
(1823, '2025-10-16', '08:35:00.000000', 'Visite planifiée automatiquement', NULL, '2025-09-18 13:03:16.049854', 326, 4, NULL, 'a_venir', '622b4a3fb216493fa94d256a0492703e', NULL),
(1829, '2025-10-14', '09:45:00.000000', 'Visite planifiée automatiquement', NULL, '2025-09-18 13:03:16.185599', 250, 4, NULL, 'a_venir', 'fd2b0ae39863449b8322d6381c53f3d1', NULL),
(1837, '2025-10-16', '09:10:00.000000', 'Visite planifiée automatiquement', NULL, '2025-09-18 13:03:16.362946', 383, 4, NULL, 'a_venir', '287414c700f94885817294748d96dc8e', NULL),
(1845, '2025-10-16', '09:00:00.000000', 'Visite planifiée automatiquement', NULL, '2025-09-18 13:03:16.548802', 382, 4, NULL, 'a_venir', '6033586293ba498e9cd04991d650a383', NULL),
(1851, '2025-10-14', '09:10:00.000000', 'Visite planifiée automatiquement', NULL, '2025-09-18 13:03:16.690434', 197, 4, NULL, 'a_venir', '7b7758200e6545349fb8d2b53027ca6d', NULL),
(1866, '2025-10-15', '09:10:00.000000', 'Visite planifiée automatiquement', NULL, '2025-09-18 13:03:17.035156', 332, 4, NULL, 'a_venir', '8f1fa9d79e0e45c69a5b337b5b46178b', NULL),
(1873, '2025-10-15', '09:45:00.000000', 'Visite planifiée automatiquement', NULL, '2025-09-18 13:03:17.197189', 376, 4, NULL, 'a_venir', '65043dfbea924db58c358fc4ddc6cbc3', NULL),
(1880, '2025-10-15', '10:20:00.000000', 'Visite planifiée automatiquement', NULL, '2025-09-18 13:03:17.364800', 392, 4, NULL, 'a_venir', '7630276213894aa59e12baf60927c3dc', NULL),
(1895, '2025-10-15', '08:35:00.000000', 'Visite planifiée automatiquement', NULL, '2025-09-18 13:03:17.730904', 365, 4, NULL, 'a_venir', '60428de6d8cb4a3d9e54aa368ad75643', NULL),
(1914, '2025-10-13', '11:30:00.000000', 'Visite planifiée automatiquement', NULL, '2025-09-18 13:03:18.214331', 353, 4, NULL, 'a_venir', 'f1e11db7d00845aaab5933f5b0c576c0', NULL),
(1962, '2025-10-16', '09:00:00.000000', 'Visite planifiée automatiquement', NULL, '2025-09-18 13:03:19.491232', 229, 4, NULL, 'a_venir', '1f057b574b9c42c3984e0574091684b1', NULL),
(2178, '2025-10-16', '08:00:00.000000', 'Visite planifiée automatiquement', NULL, '2025-09-18 13:03:25.137880', 158, 4, NULL, 'a_venir', '5f5857e33f2b4bea99f2b239a94e7322', NULL),
(2207, '2025-10-14', '08:35:00.000000', 'Visite planifiée automatiquement', NULL, '2025-09-18 13:03:25.864291', 145, 4, NULL, 'a_venir', 'c093db718c2346daa761bcbefdab512b', NULL),
(2306, '2025-09-18', '08:00:00.000000', 'Test cluster', NULL, '2025-09-18 14:08:17.242036', 417, 1, NULL, 'a_venir', 'de8f5d98976a4acca4f5e3a30369119e', NULL),
(2307, '2025-09-18', '08:35:00.000000', 'Test cluster', NULL, '2025-09-18 14:08:17.249573', 734, 1, NULL, 'a_venir', 'fcfe34ac05344576b1c200e23c5e5e5d', NULL),
(2308, '2025-09-18', '09:10:00.000000', 'Test cluster', NULL, '2025-09-18 14:08:17.255007', 788, 1, NULL, 'a_venir', '8e88bc771e69418582f0d540cf353865', NULL),
(2309, '2025-09-18', '09:45:00.000000', 'Test cluster', NULL, '2025-09-18 14:08:17.260457', 811, 1, NULL, 'a_venir', 'c63f355021f643eeac3f544df0ed478f', NULL),
(2310, '2025-09-18', '10:20:00.000000', 'Test cluster', NULL, '2025-09-18 14:08:17.266881', 816, 1, NULL, 'a_venir', 'a37dd7ca084f42bab75513374ada7db1', NULL),
(2311, '2025-09-18', '10:55:00.000000', 'Test cluster', NULL, '2025-09-18 14:08:17.272038', 817, 1, NULL, 'a_venir', 'e15eb993bd54495aac52b94090b1d0c1', NULL),
(2312, '2025-09-18', '11:30:00.000000', 'Test cluster', NULL, '2025-09-18 14:08:17.277231', 818, 1, NULL, 'a_venir', '7ad7a614cfd748138b1802d857990df8', NULL),
(2313, '2025-09-25', '08:00:00.000000', '', NULL, '2025-09-22 07:13:56.863594', 712, 6, NULL, 'a_venir', 'd3cdcf2a0dff4ecd85d38d1d407295c3', 'DYNAMIQUE AUTO MECA'),
(2314, '2025-09-25', '08:35:00.000000', '', NULL, '2025-09-22 07:13:56.871827', 656, 6, NULL, 'a_venir', '4ac455a91f3c40ecbb5df56a60e9a37f', 'ALEX GARAGE MECA'),
(2315, '2025-09-25', '09:10:00.000000', '', NULL, '2025-09-22 07:13:56.878391', 502, 6, NULL, 'a_venir', 'f427a653e8224182b7c3f0ab4cc9d10b', 'ABS'),
(2316, '2025-09-25', '09:45:00.000000', '', NULL, '2025-09-22 07:13:56.885597', 642, 6, NULL, 'a_venir', '3fcec6bbdebe4e938e58ab2218b56420', 'PASTEUR'),
(2317, '2025-09-25', '10:20:00.000000', '', NULL, '2025-09-22 07:13:56.892063', 661, 6, NULL, 'a_venir', '69402bd5f92e48408eeab151bf7b0854', 'DOM AUTO LEOGNAN'),
(2318, '2025-09-25', '10:55:00.000000', '', NULL, '2025-09-22 07:13:56.899710', 613, 6, NULL, 'a_venir', 'afb68719437f4948bb85aceaa91d8464', 'BKS'),
(2319, '2025-09-25', '11:30:00.000000', '', NULL, '2025-09-22 07:13:56.907845', 571, 6, NULL, 'a_venir', '72198e01a9c14b0cae011e179017ae26', 'DE BELIN'),
(2320, '2025-09-26', '08:35:00.000000', '', NULL, '2025-09-22 07:13:56.923956', 845, 1, NULL, 'a_venir', 'ca1e31c62f504cc0b4b3459e745ee562', 'BMZ AUTO 33'),
(2321, '2025-09-26', '10:55:00.000000', '', NULL, '2025-09-22 07:13:56.932459', 783, 1, NULL, 'a_venir', 'b8c641660a52457491f292db0b7a5ab8', 'MOREAU JEAN MARIE'),
(2322, '2025-09-26', '11:30:00.000000', '', NULL, '2025-09-22 07:13:56.939518', 797, 1, NULL, 'a_venir', 'b7b2da09a6a246f0a397be1bf1b01811', 'BORN MECANIQUE'),
(2323, '2025-09-26', '08:00:00.000000', '', NULL, '2025-09-22 07:13:56.957393', 451, 6, NULL, 'a_venir', 'a2e3b46f6d43468d859e8c2f4c4870eb', 'CLEMENCEAU'),
(2324, '2025-09-26', '08:35:00.000000', '', NULL, '2025-09-22 07:13:56.964644', 455, 6, NULL, 'a_venir', '414f9ac2cf3e402fa091eab2a242424a', 'CAR FACTORY SERVICE'),
(2325, '2025-09-26', '09:10:00.000000', '', NULL, '2025-09-22 07:13:56.972067', 554, 6, NULL, 'a_venir', '5b99aa3cd13649e2a419bcd50199bdee', 'R2C AVIA LE BOUSCAT'),
(2326, '2025-09-26', '09:45:00.000000', '', NULL, '2025-09-22 07:13:56.981436', 436, 6, NULL, 'a_venir', '04773ac4e5a44a869c0d7f2b94835dcc', 'DE BERLINCAN'),
(2327, '2025-09-26', '10:20:00.000000', '', NULL, '2025-09-22 07:13:56.988601', 539, 6, NULL, 'a_venir', '8ba6bb450d95459e917137904fafeeaa', 'PS 33'),
(2328, '2025-09-26', '10:55:00.000000', '', NULL, '2025-09-22 07:13:56.995666', 619, 6, NULL, 'a_venir', '4c87dd253a2d4387b121ba5dadbbb5e3', 'AGM AUTOMOBILE'),
(2329, '2025-09-26', '11:30:00.000000', '', NULL, '2025-09-22 07:13:57.003207', 698, 6, NULL, 'a_venir', '1efd29dac8264c378ec81dfdf15c5aa6', 'LABAIGT ET FILS'),
(2336, '2025-10-07', '08:35:00.000000', 'Visite planifiée automatiquement', NULL, '2025-09-22 07:37:04.624646', 751, 1, NULL, 'a_venir', '51f65c0ebbfd4c3f81ebf66a0518c7cf', NULL),
(2343, '2025-10-07', '08:00:00.000000', 'Visite planifiée automatiquement', NULL, '2025-09-22 07:37:04.786007', 762, 1, NULL, 'a_venir', '895a551963bf4cd6907023ae6d088f9d', NULL),
(2352, '2025-10-09', '09:10:00.000000', 'Visite planifiée automatiquement', NULL, '2025-09-22 07:37:04.990897', 774, 1, NULL, 'a_venir', 'dd5da0114c6940fb876d3e235a1dfa4f', NULL),
(2361, '2025-10-09', '08:35:00.000000', 'Visite planifiée automatiquement', NULL, '2025-09-22 07:37:05.180748', 786, 1, NULL, 'a_venir', 'c1afc8620f944de0b61f0fbfac1e36e5', NULL),
(2364, '2025-10-01', '09:10:00.000000', 'Visite planifiée automatiquement', NULL, '2025-09-22 07:37:05.271944', 813, 1, NULL, 'a_venir', '4abdbd0b13c74b2d95e3a98fca79bcbe', NULL),
(2373, '2025-10-09', '08:00:00.000000', 'Visite planifiée automatiquement', NULL, '2025-09-22 07:37:05.486714', 839, 1, NULL, 'a_venir', '5255d555d55f47b2bf559b367b454ef6', NULL),
(2374, '2025-09-22', '10:55:00.000000', 'Visite planifiée automatiquement', NULL, '2025-09-22 07:37:13.892214', 128, 4, NULL, 'a_venir', 'b5834b906d7842cabb5afa3bf7436d11', NULL),
(2375, '2025-09-22', '09:10:00.000000', 'Visite planifiée automatiquement', NULL, '2025-09-22 07:37:13.906275', 130, 4, NULL, 'a_venir', '0bf6702bcc724dd281a13e794dee4d19', NULL),
(2376, '2025-09-22', '08:00:00.000000', 'Visite planifiée automatiquement', NULL, '2025-09-22 07:37:13.922002', 132, 4, NULL, 'a_venir', 'ce209d60a29d49149d5370daf0786411', NULL),
(2377, '2025-09-22', '11:30:00.000000', 'Visite planifiée automatiquement', NULL, '2025-09-22 07:37:13.942821', 133, 4, NULL, 'a_venir', '3269e2944dfa4675aca1e3362280a042', NULL),
(2378, '2025-09-22', '10:20:00.000000', 'Visite planifiée automatiquement', NULL, '2025-09-22 07:37:13.965264', 139, 4, NULL, 'a_venir', '77987d26fdc748fa9b282071b3f45ea6', NULL),
(2379, '2025-09-22', '08:35:00.000000', 'Visite planifiée automatiquement', NULL, '2025-09-22 07:37:13.986090', 142, 4, NULL, 'a_venir', '11fb220df9d04e37b7d53a7264fe80aa', NULL),
(2380, '2025-09-22', '09:45:00.000000', 'Visite planifiée automatiquement', NULL, '2025-09-22 07:37:14.009065', 146, 4, NULL, 'a_venir', '37c3319166c5450791131234da93fe5c', NULL),
(2381, '2025-10-01', '10:55:00.000000', 'Visite planifiée automatiquement', NULL, '2025-09-22 07:37:14.036860', 148, 4, NULL, 'a_venir', 'cd357d474be04dfca386e8b18ce00ac4', NULL),
(2387, '2025-10-17', '09:00:00.000000', 'Visite planifiée automatiquement', NULL, '2025-09-22 07:37:14.179253', 149, 4, NULL, 'a_venir', 'a984af9f1183481aa3a88b04e1f6900e', NULL);
INSERT INTO `front_rendezvous` (`id`, `date_rdv`, `heure_rdv`, `objet`, `notes`, `date_creation`, `client_id`, `commercial_id`, `date_statut`, `statut_rdv`, `uuid`, `rs_nom`) VALUES
(2393, '2025-10-17', '09:00:00.000000', 'Visite planifiée automatiquement', NULL, '2025-09-22 07:37:14.306455', 151, 4, NULL, 'a_venir', 'c32c00a596234424ab8a834cf76b9013', NULL),
(2399, '2025-10-17', '09:00:00.000000', 'Visite planifiée automatiquement', NULL, '2025-09-22 07:37:14.438509', 153, 4, NULL, 'a_venir', 'bf59267e7cf44dfc87336656d9ba869c', NULL),
(2405, '2025-10-17', '09:00:00.000000', 'Visite planifiée automatiquement', NULL, '2025-09-22 07:37:14.569301', 154, 4, NULL, 'a_venir', '33d8aa080cfb409bb2045f906e0c5b23', NULL),
(2411, '2025-10-17', '09:00:00.000000', 'Visite planifiée automatiquement', NULL, '2025-09-22 07:37:14.702236', 156, 4, NULL, 'a_venir', 'bce125bdd3544e52993639b602a10bc1', NULL),
(2417, '2025-10-17', '09:00:00.000000', 'Visite planifiée automatiquement', NULL, '2025-09-22 07:37:14.837388', 159, 4, NULL, 'a_venir', 'a21d30e2e4e34cbd896c629bd732d8d6', NULL),
(2424, '2025-10-20', '09:00:00.000000', 'Visite planifiée automatiquement', NULL, '2025-09-22 07:37:14.999970', 160, 4, NULL, 'a_venir', '058620b72e5f493baf176586dc980499', NULL),
(2430, '2025-10-17', '09:00:00.000000', 'Visite planifiée automatiquement', NULL, '2025-09-22 07:37:15.130723', 161, 4, NULL, 'a_venir', '5027686cb2b0418d9f8082bb1ed5ff54', NULL),
(2436, '2025-10-20', '09:00:00.000000', 'Visite planifiée automatiquement', NULL, '2025-09-22 07:37:15.270721', 167, 4, NULL, 'a_venir', 'e4e2a88784e04a5f80c8bba52f811a6b', NULL),
(2442, '2025-10-20', '09:00:00.000000', 'Visite planifiée automatiquement', NULL, '2025-09-22 07:37:15.401214', 170, 4, NULL, 'a_venir', '11d7be631b0d42c383ae056a83cd1bd3', NULL),
(2448, '2025-10-20', '09:00:00.000000', 'Visite planifiée automatiquement', NULL, '2025-09-22 07:37:15.540494', 174, 4, NULL, 'a_venir', 'e8a899aeee01414288b18d011c4619c0', NULL),
(2460, '2025-10-20', '09:00:00.000000', 'Visite planifiée automatiquement', NULL, '2025-09-22 07:37:15.897127', 271, 4, NULL, 'a_venir', '43048795955c477b9b8e64cd8ccab226', NULL),
(2466, '2025-10-20', '09:00:00.000000', 'Visite planifiée automatiquement', NULL, '2025-09-22 07:37:16.039243', 277, 4, NULL, 'a_venir', '93754b02d80a414d93e9f3d8aa4341d7', NULL),
(2497, '2025-09-22', '08:00:00.000000', '', NULL, '2025-09-22 07:45:29.009153', 557, 6, NULL, 'a_venir', '160f917cc04f422da8ea0b01a3768b79', 'DENIS CARROSSERIE'),
(2498, '2025-09-22', '08:35:00.000000', '', NULL, '2025-09-22 07:45:29.018641', 403, 6, NULL, 'a_venir', 'eef0d84d93b146a2a1ab0df3f55d5392', 'PESSAC AUTOMOBILE SERVICES'),
(2499, '2025-09-22', '09:10:00.000000', '', NULL, '2025-09-22 07:45:29.026248', 466, 6, NULL, 'a_venir', '0d63045103b0403d8e4e9c082189199f', 'GRAMOND'),
(2500, '2025-09-22', '09:45:00.000000', '', NULL, '2025-09-22 07:45:29.032980', 458, 6, NULL, 'a_venir', '3cea857e0f6646b5b46538813df540ed', 'LAHITETTE'),
(2501, '2025-09-22', '10:20:00.000000', '', NULL, '2025-09-22 07:45:29.039445', 720, 6, NULL, 'a_venir', '6191441610e04347b7422536757cfae1', 'CANEJAN'),
(2502, '2025-09-22', '10:55:00.000000', '', NULL, '2025-09-22 07:45:29.046461', 696, 6, NULL, 'a_venir', '29b053bfe65f46fa8b57ed9a2a103f64', 'CAP COLOR 33'),
(2503, '2025-09-22', '11:30:00.000000', '', NULL, '2025-09-22 07:45:29.052357', 627, 6, NULL, 'a_venir', '18fb2036d80e4c389fe9298f6f243216', 'DE LA RAMADE');

-- --------------------------------------------------------

--
-- Table structure for table `front_satisfactionb2b`
--

DROP TABLE IF EXISTS `front_satisfactionb2b`;
CREATE TABLE `front_satisfactionb2b` (
  `id` bigint NOT NULL,
  `date_soumission` datetime(6) NOT NULL,
  `pdf_base64` longtext,
  `commercial_id` bigint DEFAULT NULL,
  `rdv_id` bigint DEFAULT NULL,
  `rs_nom` varchar(255) NOT NULL,
  `commande_simple` varchar(5) DEFAULT NULL,
  `delai_livraison_ideal` varchar(20) DEFAULT NULL,
  `delai_livraison_ideal_autre` longtext,
  `delai_livraison_moyen` varchar(20) DEFAULT NULL,
  `motivation_commande` longtext,
  `moyen_commande` varchar(20) DEFAULT NULL,
  `moyen_commande_autre` longtext,
  `note_accueil` smallint UNSIGNED DEFAULT NULL,
  `note_qualite_pieces` smallint UNSIGNED DEFAULT NULL,
  `note_recommandation` smallint UNSIGNED DEFAULT NULL,
  `note_sav` smallint UNSIGNED DEFAULT NULL,
  `personnel_joignable` varchar(5) DEFAULT NULL,
  `piece_non_dispo` longtext,
  `probleme_qualite_piece` varchar(5) DEFAULT NULL,
  `recours_sav` varchar(5) DEFAULT NULL,
  `satisfaction_delai_livraison` varchar(5) DEFAULT NULL,
  `satisfaction_experience_rubio` varchar(5) DEFAULT NULL,
  `satisfaction_qualite_pieces` varchar(5) DEFAULT NULL,
  `suggestion` longtext,
  `type_probleme_qualite_piece` longtext,
  `uuid` char(32) NOT NULL,
  `moyenne` decimal(4,2) DEFAULT NULL,
  `score_hybride` decimal(5,2) DEFAULT NULL
) ;

--
-- Indexes for dumped tables
--

--
-- Indexes for table `adresse`
--
ALTER TABLE `adresse`
  ADD PRIMARY KEY (`id`),
  ADD UNIQUE KEY `uq_adresse_client` (`client_id`,`adresse`,`code_postal`,`ville`),
  ADD KEY `ix_adresse_client` (`client_id`);

--
-- Indexes for table `auth_group`
--
ALTER TABLE `auth_group`
  ADD PRIMARY KEY (`id`),
  ADD UNIQUE KEY `name` (`name`);

--
-- Indexes for table `auth_group_permissions`
--
ALTER TABLE `auth_group_permissions`
  ADD PRIMARY KEY (`id`),
  ADD UNIQUE KEY `auth_group_permissions_group_id_permission_id_0cd325b0_uniq` (`group_id`,`permission_id`),
  ADD KEY `auth_group_permissio_permission_id_84c5c92e_fk_auth_perm` (`permission_id`);

--
-- Indexes for table `auth_permission`
--
ALTER TABLE `auth_permission`
  ADD PRIMARY KEY (`id`),
  ADD UNIQUE KEY `auth_permission_content_type_id_codename_01ab375a_uniq` (`content_type_id`,`codename`);

--
-- Indexes for table `auth_user`
--
ALTER TABLE `auth_user`
  ADD PRIMARY KEY (`id`),
  ADD UNIQUE KEY `username` (`username`);

--
-- Indexes for table `auth_user_groups`
--
ALTER TABLE `auth_user_groups`
  ADD PRIMARY KEY (`id`),
  ADD UNIQUE KEY `auth_user_groups_user_id_group_id_94350c0c_uniq` (`user_id`,`group_id`),
  ADD KEY `auth_user_groups_group_id_97559544_fk_auth_group_id` (`group_id`);

--
-- Indexes for table `auth_user_user_permissions`
--
ALTER TABLE `auth_user_user_permissions`
  ADD PRIMARY KEY (`id`),
  ADD UNIQUE KEY `auth_user_user_permissions_user_id_permission_id_14a6b632_uniq` (`user_id`,`permission_id`),
  ADD KEY `auth_user_user_permi_permission_id_1fbb5f2c_fk_auth_perm` (`permission_id`);

--
-- Indexes for table `django_admin_log`
--
ALTER TABLE `django_admin_log`
  ADD PRIMARY KEY (`id`),
  ADD KEY `django_admin_log_content_type_id_c4bce8eb_fk_django_co` (`content_type_id`),
  ADD KEY `django_admin_log_user_id_c564eba6_fk_auth_user_id` (`user_id`);

--
-- Indexes for table `django_content_type`
--
ALTER TABLE `django_content_type`
  ADD PRIMARY KEY (`id`),
  ADD UNIQUE KEY `django_content_type_app_label_model_76bd3d3b_uniq` (`app_label`,`model`);

--
-- Indexes for table `django_migrations`
--
ALTER TABLE `django_migrations`
  ADD PRIMARY KEY (`id`);

--
-- Indexes for table `django_session`
--
ALTER TABLE `django_session`
  ADD PRIMARY KEY (`session_key`),
  ADD KEY `django_session_expire_date_a5c62663` (`expire_date`);

--
-- Indexes for table `front_activitylog`
--
ALTER TABLE `front_activitylog`
  ADD PRIMARY KEY (`id`),
  ADD KEY `front_activitylog_commercial_id_cd00628c_fk_front_commercial_id` (`commercial_id`);

--
-- Indexes for table `front_client`
--
ALTER TABLE `front_client`
  ADD PRIMARY KEY (`id`),
  ADD KEY `ix_front_client_rs_nom` (`rs_nom`);

--
-- Indexes for table `front_clientvisitstats`
--
ALTER TABLE `front_clientvisitstats`
  ADD PRIMARY KEY (`id`),
  ADD UNIQUE KEY `front_clientvisitstats_client_id_commercial_id__7aa444c4_uniq` (`client_id`,`commercial_id`,`annee`),
  ADD KEY `front_clien_client__7ef476_idx` (`client_id`,`annee`),
  ADD KEY `front_clien_commerc_e95f15_idx` (`commercial_id`,`annee`);

--
-- Indexes for table `front_commentairerdv`
--
ALTER TABLE `front_commentairerdv`
  ADD PRIMARY KEY (`id`),
  ADD KEY `front_commentairerdv_auteur_id_5e471d40_fk_auth_user_id` (`auteur_id`),
  ADD KEY `front_commentairerdv_rdv_id_d80f4e08_fk_front_rendezvous_id` (`rdv_id`),
  ADD KEY `front_commentairerdv_commercial_id_57e07f0e_fk_front_com` (`commercial_id`);

--
-- Indexes for table `front_commercial`
--
ALTER TABLE `front_commercial`
  ADD PRIMARY KEY (`id`),
  ADD UNIQUE KEY `email` (`email`);

--
-- Indexes for table `front_rendezvous`
--
ALTER TABLE `front_rendezvous`
  ADD PRIMARY KEY (`id`),
  ADD UNIQUE KEY `uuid` (`uuid`),
  ADD KEY `front_rendezvous_commercial_id_9be576b1_fk_front_commercial_id` (`commercial_id`),
  ADD KEY `fk_rendezvous_client` (`client_id`);

--
-- Indexes for table `front_satisfactionb2b`
--
ALTER TABLE `front_satisfactionb2b`
  ADD PRIMARY KEY (`id`),
  ADD UNIQUE KEY `front_satisfactionb2b_uuid_6849af73_uniq` (`uuid`),
  ADD KEY `front_satisfactionb2_commercial_id_399ce239_fk_front_com` (`commercial_id`),
  ADD KEY `front_satisfactionb2b_rdv_id_a37e309f_fk_front_rendezvous_id` (`rdv_id`);

--
-- AUTO_INCREMENT for dumped tables
--

--
-- AUTO_INCREMENT for table `adresse`
--
ALTER TABLE `adresse`
  MODIFY `id` bigint NOT NULL AUTO_INCREMENT, AUTO_INCREMENT=1024;

--
-- AUTO_INCREMENT for table `auth_group`
--
ALTER TABLE `auth_group`
  MODIFY `id` int NOT NULL AUTO_INCREMENT, AUTO_INCREMENT=2;

--
-- AUTO_INCREMENT for table `auth_group_permissions`
--
ALTER TABLE `auth_group_permissions`
  MODIFY `id` bigint NOT NULL AUTO_INCREMENT;

--
-- AUTO_INCREMENT for table `auth_permission`
--
ALTER TABLE `auth_permission`
  MODIFY `id` int NOT NULL AUTO_INCREMENT, AUTO_INCREMENT=65;

--
-- AUTO_INCREMENT for table `auth_user`
--
ALTER TABLE `auth_user`
  MODIFY `id` int NOT NULL AUTO_INCREMENT, AUTO_INCREMENT=5;

--
-- AUTO_INCREMENT for table `auth_user_groups`
--
ALTER TABLE `auth_user_groups`
  MODIFY `id` bigint NOT NULL AUTO_INCREMENT, AUTO_INCREMENT=2;

--
-- AUTO_INCREMENT for table `auth_user_user_permissions`
--
ALTER TABLE `auth_user_user_permissions`
  MODIFY `id` bigint NOT NULL AUTO_INCREMENT;

--
-- AUTO_INCREMENT for table `django_admin_log`
--
ALTER TABLE `django_admin_log`
  MODIFY `id` int NOT NULL AUTO_INCREMENT;

--
-- AUTO_INCREMENT for table `django_content_type`
--
ALTER TABLE `django_content_type`
  MODIFY `id` int NOT NULL AUTO_INCREMENT, AUTO_INCREMENT=17;

--
-- AUTO_INCREMENT for table `django_migrations`
--
ALTER TABLE `django_migrations`
  MODIFY `id` bigint NOT NULL AUTO_INCREMENT, AUTO_INCREMENT=36;

--
-- AUTO_INCREMENT for table `front_activitylog`
--
ALTER TABLE `front_activitylog`
  MODIFY `id` bigint NOT NULL AUTO_INCREMENT, AUTO_INCREMENT=248;

--
-- AUTO_INCREMENT for table `front_client`
--
ALTER TABLE `front_client`
  MODIFY `id` bigint NOT NULL AUTO_INCREMENT, AUTO_INCREMENT=1150;

--
-- AUTO_INCREMENT for table `front_clientvisitstats`
--
ALTER TABLE `front_clientvisitstats`
  MODIFY `id` bigint NOT NULL AUTO_INCREMENT, AUTO_INCREMENT=856;

--
-- AUTO_INCREMENT for table `front_commentairerdv`
--
ALTER TABLE `front_commentairerdv`
  MODIFY `id` bigint NOT NULL AUTO_INCREMENT;

--
-- AUTO_INCREMENT for table `front_commercial`
--
ALTER TABLE `front_commercial`
  MODIFY `id` bigint NOT NULL AUTO_INCREMENT, AUTO_INCREMENT=8;

--
-- AUTO_INCREMENT for table `front_rendezvous`
--
ALTER TABLE `front_rendezvous`
  MODIFY `id` bigint NOT NULL AUTO_INCREMENT, AUTO_INCREMENT=2504;

--
-- AUTO_INCREMENT for table `front_satisfactionb2b`
--
ALTER TABLE `front_satisfactionb2b`
  MODIFY `id` bigint NOT NULL AUTO_INCREMENT;

--
-- Constraints for dumped tables
--

--
-- Constraints for table `adresse`
--
ALTER TABLE `adresse`
  ADD CONSTRAINT `fk_adresse_client` FOREIGN KEY (`client_id`) REFERENCES `front_client` (`id`) ON DELETE CASCADE ON UPDATE CASCADE;

--
-- Constraints for table `auth_group_permissions`
--
ALTER TABLE `auth_group_permissions`
  ADD CONSTRAINT `auth_group_permissio_permission_id_84c5c92e_fk_auth_perm` FOREIGN KEY (`permission_id`) REFERENCES `auth_permission` (`id`),
  ADD CONSTRAINT `auth_group_permissions_group_id_b120cbf9_fk_auth_group_id` FOREIGN KEY (`group_id`) REFERENCES `auth_group` (`id`);

--
-- Constraints for table `auth_permission`
--
ALTER TABLE `auth_permission`
  ADD CONSTRAINT `auth_permission_content_type_id_2f476e4b_fk_django_co` FOREIGN KEY (`content_type_id`) REFERENCES `django_content_type` (`id`);

--
-- Constraints for table `auth_user_groups`
--
ALTER TABLE `auth_user_groups`
  ADD CONSTRAINT `auth_user_groups_group_id_97559544_fk_auth_group_id` FOREIGN KEY (`group_id`) REFERENCES `auth_group` (`id`),
  ADD CONSTRAINT `auth_user_groups_user_id_6a12ed8b_fk_auth_user_id` FOREIGN KEY (`user_id`) REFERENCES `auth_user` (`id`);

--
-- Constraints for table `auth_user_user_permissions`
--
ALTER TABLE `auth_user_user_permissions`
  ADD CONSTRAINT `auth_user_user_permi_permission_id_1fbb5f2c_fk_auth_perm` FOREIGN KEY (`permission_id`) REFERENCES `auth_permission` (`id`),
  ADD CONSTRAINT `auth_user_user_permissions_user_id_a95ead1b_fk_auth_user_id` FOREIGN KEY (`user_id`) REFERENCES `auth_user` (`id`);

--
-- Constraints for table `django_admin_log`
--
ALTER TABLE `django_admin_log`
  ADD CONSTRAINT `django_admin_log_content_type_id_c4bce8eb_fk_django_co` FOREIGN KEY (`content_type_id`) REFERENCES `django_content_type` (`id`),
  ADD CONSTRAINT `django_admin_log_user_id_c564eba6_fk_auth_user_id` FOREIGN KEY (`user_id`) REFERENCES `auth_user` (`id`);

--
-- Constraints for table `front_activitylog`
--
ALTER TABLE `front_activitylog`
  ADD CONSTRAINT `front_activitylog_commercial_id_cd00628c_fk_front_commercial_id` FOREIGN KEY (`commercial_id`) REFERENCES `front_commercial` (`id`);

--
-- Constraints for table `front_clientvisitstats`
--
ALTER TABLE `front_clientvisitstats`
  ADD CONSTRAINT `front_clientvisitsta_commercial_id_19cd937f_fk_front_com` FOREIGN KEY (`commercial_id`) REFERENCES `front_commercial` (`id`),
  ADD CONSTRAINT `front_clientvisitstats_client_id_23564614_fk_front_client_id` FOREIGN KEY (`client_id`) REFERENCES `front_client` (`id`);

--
-- Constraints for table `front_commentairerdv`
--
ALTER TABLE `front_commentairerdv`
  ADD CONSTRAINT `front_commentairerdv_auteur_id_5e471d40_fk_auth_user_id` FOREIGN KEY (`auteur_id`) REFERENCES `auth_user` (`id`),
  ADD CONSTRAINT `front_commentairerdv_commercial_id_57e07f0e_fk_front_com` FOREIGN KEY (`commercial_id`) REFERENCES `front_commercial` (`id`),
  ADD CONSTRAINT `front_commentairerdv_rdv_id_d80f4e08_fk_front_rendezvous_id` FOREIGN KEY (`rdv_id`) REFERENCES `front_rendezvous` (`id`);

--
-- Constraints for table `front_rendezvous`
--
ALTER TABLE `front_rendezvous`
  ADD CONSTRAINT `fk_rendezvous_client` FOREIGN KEY (`client_id`) REFERENCES `front_client` (`id`),
  ADD CONSTRAINT `front_rendezvous_commercial_id_9be576b1_fk_front_commercial_id` FOREIGN KEY (`commercial_id`) REFERENCES `front_commercial` (`id`);

--
-- Constraints for table `front_satisfactionb2b`
--
ALTER TABLE `front_satisfactionb2b`
  ADD CONSTRAINT `front_satisfactionb2_commercial_id_399ce239_fk_front_com` FOREIGN KEY (`commercial_id`) REFERENCES `front_commercial` (`id`),
  ADD CONSTRAINT `front_satisfactionb2b_rdv_id_a37e309f_fk_front_rendezvous_id` FOREIGN KEY (`rdv_id`) REFERENCES `front_rendezvous` (`id`);
COMMIT;

/*!40101 SET CHARACTER_SET_CLIENT=@OLD_CHARACTER_SET_CLIENT */;
/*!40101 SET CHARACTER_SET_RESULTS=@OLD_CHARACTER_SET_RESULTS */;
/*!40101 SET COLLATION_CONNECTION=@OLD_COLLATION_CONNECTION */;
